-- phpMyAdmin SQL Dump
-- version 4.6.6deb4
-- https://www.phpmyadmin.net/
--
-- Host: localhost:3306
-- Generation Time: Jan 12, 2018 at 03:27 PM
-- Server version: 10.1.23-MariaDB-9+deb9u1
-- PHP Version: 7.0.19-1

SET SQL_MODE = "NO_AUTO_VALUE_ON_ZERO";
SET time_zone = "+00:00";


/*!40101 SET @OLD_CHARACTER_SET_CLIENT=@@CHARACTER_SET_CLIENT */;
/*!40101 SET @OLD_CHARACTER_SET_RESULTS=@@CHARACTER_SET_RESULTS */;
/*!40101 SET @OLD_COLLATION_CONNECTION=@@COLLATION_CONNECTION */;
/*!40101 SET NAMES utf8mb4 */;

--
-- Database: `DFinal`
--

-- --------------------------------------------------------

--
-- Table structure for table `Bank`
--

CREATE TABLE `Bank` (
  `B_Num` int(10) NOT NULL,
  `B_Name` varchar(30) COLLATE utf8_unicode_ci NOT NULL,
  `B_Info` varchar(40) COLLATE utf8_unicode_ci NOT NULL
) ENGINE=InnoDB DEFAULT CHARSET=utf8 COLLATE=utf8_unicode_ci;

--
-- Dumping data for table `Bank`
--

INSERT INTO `Bank` (`B_Num`, `B_Name`, `B_Info`) VALUES
(3, '凱基銀行', ''),
(4, '花旗銀行', ''),
(5, '聯邦銀行', ''),
(6, '澳盛銀行', ''),
(7, '富邦銀行', ''),
(8, '玉山銀行', ''),
(9, '中國信託', ''),
(10, '永豐銀行', ''),
(11, '國泰世華', ''),
(12, '大眾銀行', ''),
(13, '渣打銀行', ''),
(14, '華南銀行', ''),
(15, '第一銀行', ''),
(16, '上海商業儲蓄銀行', ''),
(17, '台新銀行', ''),
(18, '土地銀行', ''),
(19, '兆豐銀行', ''),
(20, '遠東商銀', ''),
(21, '新光銀行', ''),
(22, '美國運通', ''),
(23, '滙豐銀行', ''),
(24, '元大銀行', ''),
(25, '彰化銀行', ''),
(26, '台中銀行', ''),
(27, '合作金庫', ''),
(28, '日盛銀行', ''),
(29, '台灣樂天', '');

-- --------------------------------------------------------

--
-- Table structure for table `Bill`
--

CREATE TABLE `Bill` (
  `Bi_Num` int(10) NOT NULL,
  `BL_Num` int(10) NOT NULL,
  `Bi_Item` varchar(20) COLLATE utf8_unicode_ci NOT NULL,
  `Bi_Price` int(10) NOT NULL,
  `Bi_Info` varchar(10) COLLATE utf8_unicode_ci NOT NULL
) ENGINE=InnoDB DEFAULT CHARSET=utf8 COLLATE=utf8_unicode_ci;

--
-- Dumping data for table `Bill`
--

INSERT INTO `Bill` (`Bi_Num`, `BL_Num`, `Bi_Item`, `Bi_Price`, `Bi_Info`) VALUES
(1, 1, '食物:早餐', 100, '便當'),
(2, 1, '食物:晚餐', 100, 'default'),
(6, 20, '食物:晚餐', 1000, '麻油雞'),
(7, 20, '食物:早餐', 10, '測試'),
(8, 21, '食物:早餐', 340, '乾電池,1,105,'),
(9, 22, '食物:早餐', 10, '水果'),
(10, 23, '食物:早餐', 11110, '空氣'),
(11, 24, '用品:衣服', 1000, '5676'),
(12, 24, '交通:交通', 40, '車\n'),
(13, 25, '用品:其它', 20, '吸管\n\n'),
(14, 26, '食物:其它', 12, '中華甜愛玉,1,12'),
(15, 26, '食物:飲料', 10, '麥香紅茶TP300,'),
(16, 27, '食物:早餐', 30, '吐司'),
(17, 28, '食物:早餐', 110, '測試'),
(18, 21, '食物:早餐', 340, '乾電池,1,105,'),
(19, 27, '食物:飲料', 1110, '呵呵'),
(20, 27, '食物:早餐', 1000000000, '測試'),
(21, 27, '食物:早餐', 1111110, '測試'),
(22, 29, '食物:其它', 55, '3. 雞米花點心盒+'),
(23, 30, '食物:早餐', 1000, '測試'),
(24, 30, '食物:早餐', 10, '測試'),
(25, 31, '食物:早餐', 30, '１四季春珍波椰,1,'),
(26, 32, '學業:其它', 1000000, '學業'),
(27, 26, '食物:飲料', 10, '麥香紅茶TP300,'),
(28, 33, '食物:早餐', 30, '１四季春珍波椰,1,'),
(29, 34, '食物:早餐', 10, '土司'),
(30, 35, '食物:飲料', 40, '１四季春珍波椰,1,'),
(31, 34, '學業:書籍', 550, '文具'),
(32, 36, '交通:交通', 20, '公車'),
(33, 36, '食物:早餐', 110, '事實事實數十次'),
(34, 37, '食物:午餐', 100, '午餐午餐\n'),
(35, 38, '食物:早餐', 184, '77 頂級鮮奶優酪 '),
(36, 39, '食物:早餐', 64, '中華油豆腐 ＊3 ='),
(37, 34, '食物:早餐', 50, '特濃小芋圓奶茶 ＊1'),
(38, 40, '娛樂:藝文', 350, '。。。'),
(39, 40, '娛樂:藝文', 350, '。。。'),
(40, 39, '食物:早餐', 64, '中華油豆腐 ＊3 ='),
(41, 41, '食物:早餐', 1000, '我'),
(42, 41, '收入:薪水', 1000, '我'),
(43, 42, '食物:早餐', 10, '哥'),
(44, 42, '食物:早餐', 10, '衝衝衝'),
(45, 42, '食物:早餐', 10, '衝衝衝'),
(46, 42, '食物:早餐', 10, '家家酒'),
(47, 42, '食物:早餐', 10, '家家酒'),
(48, 42, '食物:早餐', 10, '家家酒'),
(49, 42, '食物:早餐', 50, '，high-heel'),
(50, 42, '食物:早餐', 100, 'd'),
(51, 42, '食物:早餐', 10, 'red'),
(52, 42, '食物:早餐', 10, 'did'),
(53, 42, '食物:早餐', 10, 'ddffgg'),
(54, 42, '食物:早餐', 1230, 'as'),
(55, 41, '食物:早餐', 115, 'À¶O:1:60.0'),
(56, 41, '食物:早餐', 115, 'À¶O:1:60.0'),
(57, 41, '食物:早餐', 115, 'À¶O:1:60.0'),
(58, 41, '食物:早餐', 115, 'À¶O:1:60.0'),
(59, 43, '食物:早餐', 10, '測試'),
(60, 44, '食物:早餐', 10, 'test'),
(61, 45, '食物:早餐', 50, '新感覺草莓夾心 ＊1'),
(62, 46, '食物:早餐', 80, 'breakfast'),
(63, 47, '食物:早餐', 49, '光泉低脂鮮乳 ＊1 '),
(64, 46, '食物:早餐', 85, '超早無敵豬 ＊1 ='),
(65, 47, '食物:早餐', 25, '美式熱咖啡(小) ＊'),
(66, 47, '食物:早餐', 49, '光泉低脂鮮乳 ＊1 '),
(67, 47, '食物:早餐', 49, '光泉低脂鮮乳 ＊1 '),
(68, 47, '食物:早餐', 25, '美式熱咖啡(小) ＊'),
(69, 47, '食物:早餐', 25, '美式熱咖啡(小) ＊'),
(70, 47, '食物:早餐', 25, '美式熱咖啡(小) ＊'),
(71, 47, '食物:早餐', 25, '美式熱咖啡(小) ＊'),
(72, 47, '食物:早餐', 25, '美式熱咖啡(小) ＊'),
(73, 47, '食物:早餐', 25, '美式熱咖啡(小) ＊'),
(74, 47, '食物:早餐', 25, '美式熱咖啡(小) ＊'),
(75, 47, '食物:早餐', 10, 'Yuri'),
(76, 47, '食物:早餐', 25, '美式熱咖啡(小) ＊'),
(77, 47, '食物:早餐', 25, '美式熱咖啡(小) ＊'),
(78, 47, '食物:早餐', 25, '美式熱咖啡(小) ＊'),
(79, 47, '食物:早餐', 25, '美式熱咖啡(小) ＊'),
(80, 47, '食物:早餐', 25, '美式熱咖啡(小) ＊'),
(81, 47, '食物:早餐', 25, '美式熱咖啡(小) ＊'),
(82, 47, '食物:早餐', 25, '美式熱咖啡(小) ＊'),
(83, 47, '食物:早餐', 25, '美式熱咖啡(小) ＊'),
(84, 47, '食物:早餐', 25, '美式熱咖啡(小) ＊'),
(85, 48, '食物:早餐', 39, '林鳳營全脂鮮乳 ＊1');

-- --------------------------------------------------------

--
-- Table structure for table `BList`
--

CREATE TABLE `BList` (
  `BL_Num` int(100) NOT NULL,
  `U_Num` int(100) NOT NULL,
  `BL_Date` date NOT NULL
) ENGINE=InnoDB DEFAULT CHARSET=utf8 COLLATE=utf8_unicode_ci;

--
-- Dumping data for table `BList`
--

INSERT INTO `BList` (`BL_Num`, `U_Num`, `BL_Date`) VALUES
(1, 1, '2017-12-24'),
(20, 1, '2017-12-25'),
(21, 1, '2013-05-23'),
(22, 1, '2017-12-26'),
(23, 12, '2017-12-26'),
(24, 1, '2017-12-27'),
(25, 15, '2017-12-27'),
(26, 15, '2017-12-25'),
(27, 1, '2017-12-28'),
(28, 1, '2017-11-21'),
(29, 15, '2017-12-28'),
(30, 1, '2017-12-30'),
(31, 1, '2017-12-29'),
(32, 15, '2017-12-30'),
(33, 1, '2017-12-31'),
(34, 1, '2018-01-01'),
(35, 15, '2018-01-01'),
(36, 1, '2018-01-02'),
(37, 15, '2018-01-02'),
(38, 1, '2017-12-23'),
(39, 1, '2017-12-04'),
(40, 15, '2018-01-03'),
(41, 1, '2018-01-03'),
(42, 1, '2018-01-04'),
(43, 1, '2018-01-07'),
(44, 1, '2018-01-08'),
(45, 1, '2017-08-09'),
(46, 19, '2018-01-09'),
(47, 1, '2018-01-09'),
(48, 1, '2018-01-10');

-- --------------------------------------------------------

--
-- Table structure for table `Bonus goods`
--

CREATE TABLE `Bonus goods` (
  `Bg_Num` int(10) NOT NULL,
  `B_Num` int(10) NOT NULL,
  `Bg_Item_name` varchar(30) COLLATE utf8_unicode_ci NOT NULL,
  `Bg_Due` date DEFAULT NULL,
  `Bg_Price` int(10) NOT NULL,
  `Bg_Info` varchar(40) COLLATE utf8_unicode_ci NOT NULL
) ENGINE=InnoDB DEFAULT CHARSET=utf8 COLLATE=utf8_unicode_ci;

--
-- Dumping data for table `Bonus goods`
--

INSERT INTO `Bonus goods` (`Bg_Num`, `B_Num`, `Bg_Item_name`, `Bg_Due`, `Bg_Price`, `Bg_Info`) VALUES
(127, 9, '樂天 即享券50點\n', NULL, 1000, ' '),
(128, 9, '樂天 即享券200點\n', NULL, 3800, ' '),
(129, 9, '【限時加碼送10點】LINE POINTS 100點\n', NULL, 1900, ' '),
(130, 9, 'cama café 大杯沁涼酷冰兌換券\n', NULL, 1100, ' '),
(131, 9, '統一超商100元電子商品卡\n', NULL, 1200, ' '),
(132, 9, 'CITY CAFE虛擬提貨卡:中杯美式1杯(冰熱不限)\n', NULL, 400, ' '),
(133, 9, '統一超商500元電子商品卡\n', NULL, 6300, ' '),
(134, 9, '肯德基原味蛋撻兌換券\n', NULL, 400, ' '),
(135, 9, '肯德基咔啦脆雞A套餐兌換券\n', NULL, 1000, ' '),
(136, 9, '肯德基咔啦雞腿堡A套餐兌換券\n', NULL, 1900, ' '),
(137, 9, '肯德基歡聚餐D兌換券\n', NULL, 9200, ' '),
(138, 9, '必勝客六吋個人鬆厚比薩任選兌換券\n', NULL, 1400, ' '),
(139, 9, '【限時優惠，快搶 !】威秀影城VIP電影票即享券(北2區)\n', NULL, 3800, ' '),
(140, 9, '【限時優惠，快搶 !】2杯天仁喫茶趣TOGO 70元飲品兌換', NULL, 1812, ' '),
(141, 9, '【限時優惠，快搶 !】Häagen-Dazs外帶冰淇淋迷你杯', NULL, 6600, ' '),
(142, 9, '【限時優惠，快搶 !】翰林茶館 鮮蔬麵線即享券\n', NULL, 4500, ' '),
(143, 9, '【限時優惠，快搶 !】Mister Donut六入甜甜圈兌換', NULL, 2900, ' '),
(144, 9, '【限時優惠，快搶 !】21風味館6089香草烤半雞+四季春冰', NULL, 3200, ' '),
(145, 9, 'HAPPY GO 即享券80點\n', NULL, 500, ' '),
(146, 9, 'CITYLINK即享券500元\n', NULL, 7100, ' '),
(147, 9, '誠品生活即享券500元\n', NULL, 7200, ' '),
(148, 9, '統一時代百貨高雄店 夢時代500元抵用券\n', NULL, 7000, ' '),
(149, 9, '台灣大車隊即享券100元\n', NULL, 1600, ' '),
(150, 9, 'STUDIO A 即享券500元\n', NULL, 7300, ' '),
(151, 9, 'STUDIO A 即享券100元\n', NULL, 1500, ' '),
(152, 9, '屈臣氏即享券500元\n', NULL, 7100, ' '),
(153, 9, 'Gomaji 麻吉即享券100元\n', NULL, 1400, ' '),
(154, 9, '摩斯漢堡-C96摩斯鱈魚堡+冰紅茶(L)兌換券\n', NULL, 1500, ' '),
(155, 9, '85度C85元午茶組兌換券\n', NULL, 1100, ' '),
(156, 9, '天仁喫茶趣TOGO70元飲品兌換券\n', NULL, 900, ' '),
(157, 9, '石二鍋$218套餐即享券\n', NULL, 3100, ' '),
(158, 9, '台北威斯汀六福皇宮頤園北京料理-黃袍北京烤鴨三吃兌換券\n', NULL, 38500, ' '),
(159, 9, '台北威斯汀六福皇宮祇園日本料理-假日自助美饌兌換券\n', NULL, 25800, ' '),
(160, 9, '陶板屋和風創作料理套餐即享券（平、假日皆可使用）\n', NULL, 8500, ' '),
(161, 9, '王品牛排$1485套餐即享券\n', NULL, 20100, ' '),
(162, 9, '統一超商50元電子商品卡\n', NULL, 700, ' '),
(163, 9, 'COLD STONE小杯經典冰淇淋兌換券\n', NULL, 1900, ' '),
(593, 8, '摩斯漢堡薯條(S)兌換券\r\n', NULL, 700, ' '),
(594, 8, 'ｃａｍａ　ｃａｆ’ｅ中杯經典　黑咖啡兌換券\r\n', NULL, 880, ' '),
(595, 8, '85度C45元單品兌換券\r\n', NULL, 880, ' '),
(596, 8, '丹堤咖啡60元飲品兌換券\r\n', NULL, 1180, ' '),
(597, 8, 'ｃａｍａ　ｃａｆ’ｅ中杯經典　拿鐵兌換券\r\n', NULL, 1280, ' '),
(598, 8, 'Mister Donut二入甜甜圈兌換券\r\n', NULL, 1380, ' '),
(599, 8, '摩斯漢堡火腿歐姆蛋堡套餐兌換券\r\n', NULL, 1400, ' '),
(600, 8, 'ｃａｍａ　ｃａｆ’ｅ中杯風味　拿鐵兌換券\r\n', NULL, 1480, ' '),
(601, 8, '家樂福即享券－一匙靈制菌超濃縮洗衣精補充包１.９ｋｇ一入\r\n', NULL, 1680, ' '),
(602, 8, '丹堤咖啡指定大杯冰沙3選1兌換券\r\n', NULL, 1960, ' '),
(603, 8, '85度C100元午茶組兌換券\r\n', NULL, 1960, ' '),
(604, 8, 'Häagen-Dazs雪糕兌換券\r\n', NULL, 1960, ' '),
(605, 8, '摩斯漢堡-摩斯漢堡套餐兌換券\r\n', NULL, 2100, ' '),
(606, 8, '摩斯漢堡薑燒珍珠堡套餐兌換券\r\n', NULL, 2100, ' '),
(607, 8, '吉野家雞丼套餐兌換券\r\n', NULL, 2240, ' '),
(608, 8, '丹堤咖啡法式蛋糕午茶組二選一兌換券\r\n', NULL, 2260, ' '),
(609, 8, '丹堤咖啡原味鬆餅早午餐兌換券\r\n', NULL, 2260, ' '),
(610, 8, '摩斯漢堡海洋珍珠堡套餐兌換券\r\n', NULL, 2300, ' '),
(611, 8, 'Ｏｐｅｎ小將魔法萬用袋３入組\r\n', NULL, 2400, ' '),
(612, 8, '葡萄\r\n', NULL, 2400, ' '),
(613, 8, '吉野家豚丼(大)套餐兌換券\r\n', NULL, 2440, ' '),
(614, 8, '家樂福即享券－御茶園每朝健康綠茶無糖６５０ｍｌｘ４瓶裝\r\n', NULL, 2460, ' '),
(615, 8, '21風味館5643香草烤雞腿+四季春冰茶兌換券\r\n', NULL, 2540, ' '),
(616, 8, '站立式洗米 & 飯匙(2入)\r\n', NULL, 2600, ' '),
(617, 8, 'Häagen-Dazs冰淇淋單球兌換券\r\n', NULL, 2640, ' '),
(618, 8, '吉野家牛丼(大)套餐兌換券\r\n', NULL, 2720, ' '),
(619, 8, '可愛狗狗鞋塞組　 優惠1+1！\r\n', NULL, 2800, ' '),
(620, 8, '安妮兔強化玻璃砧板\r\n', NULL, 2900, ' '),
(621, 8, '吉野家韓泡牛肉丼套餐兌換券\r\n', NULL, 2920, ' '),
(622, 8, '摩斯漢堡蜜汁烤雞堡套餐兌換券\r\n', NULL, 3000, ' '),
(623, 8, '法國兔強化玻璃砧板\r\n', NULL, 3000, ' '),
(624, 8, '吉野家咖哩雞丼套餐兌換券\r\n', NULL, 3020, ' '),
(625, 8, '摩斯漢堡燒肉珍珠堡套餐兌換券\r\n', NULL, 3100, ' '),
(626, 8, 'ＣＲＯＣＯＤＩＬＥ運動帽－卡其\r\n', NULL, 3200, ' '),
(627, 8, '畫了一匹藍馬的畫家\r\n', NULL, 3300, ' '),
(628, 8, '浪漫點點提袋      　  優惠1+1！\r\n', NULL, 3400, ' '),
(629, 8, '炫彩舒壓萬年曆時鐘\r\n', NULL, 3400, ' '),
(630, 8, '超細纖維擦拭巾(3入)\r\n', NULL, 3400, ' '),
(631, 8, '妙管家 ４２０ｍｌ藍寶太空瓶2入\r\n', NULL, 3500, ' '),
(632, 8, 'ＴＳＵＭＴＳＵＭ傳輸充電手環\r\n', NULL, 3580, ' '),
(633, 8, '妙管家 ３５０ｃｃ 高質沖茶器\r\n', NULL, 3600, ' '),
(634, 8, '優柏納斯Ｙ型陶瓷刨刀\r\n', NULL, 3600, ' '),
(635, 8, '飛狼輕量束口背包－綠\r\n', NULL, 3600, ' '),
(636, 8, '英國熊伸縮兩用手電筒／露營燈\r\n', NULL, 3600, ' '),
(637, 8, 'ＵＢＯＮＵＳ電腦清潔組\r\n', NULL, 3600, ' '),
(638, 8, '保鮮盒３件組　優惠1+1！\r\n', NULL, 3600, ' '),
(639, 8, '妙管家方形泡茶杯 ５００ｍｌ（2入）\r\n', NULL, 3800, ' '),
(640, 8, '妙管家晶漾玻璃置物罐\r\n', NULL, 3800, ' '),
(641, 8, '妙管家 心心相印置物缽\r\n', NULL, 3800, ' '),
(642, 8, '安妮兔折疊椅\r\n', NULL, 3900, ' '),
(643, 8, 'ＵＢＯＮＵＳ摺疊旅行袋　 　　優惠1+1！\r\n', NULL, 4000, ' '),
(644, 8, 'ＵＢＯＮＵＳ面紙置物兩用盒　  優惠1+1！\r\n', NULL, 4000, ' '),
(645, 8, '變色馬克杯\r\n', NULL, 4000, ' '),
(646, 8, 'Ｏｐｅｎ將大廚系列萬用提袋\r\n', NULL, 4000, ' '),
(647, 8, 'Ｉ ＤＯ多功能瓜果盤\r\n', NULL, 4000, ' '),
(648, 8, '英國熊折疊雙肩背包\r\n', NULL, 4000, ' '),
(649, 8, 'Ｂｏｃａｓ旋轉指甲剪\r\n', NULL, 4000, ' '),
(650, 8, 'ｌｕｇ行李織帶（橘）\r\n', NULL, 4000, ' '),
(651, 8, 'ｌｕｇ行李織帶（湖藍）\r\n', NULL, 4000, ' '),
(652, 8, 'ｌｕｇ行李織帶（灰）\r\n', NULL, 4000, ' '),
(653, 8, '森林火車\r\n', NULL, 4000, ' '),
(654, 8, '觀光彩繪巴士\r\n', NULL, 4000, ' '),
(655, 8, '巧幫手Ｍ９彈性掃把\r\n', NULL, 4000, ' '),
(656, 8, '豆腐人浴巾\r\n', NULL, 4000, ' '),
(657, 8, '小黃點\r\n', NULL, 4000, ' '),
(658, 8, '妙管家 ６００ｃｃ 高質沖茶器\r\n', NULL, 4200, ' '),
(659, 8, '安妮兔珊瑚絨地墊\r\n', NULL, 4200, ' '),
(660, 8, '英國熊－熊熊造型餐具組３件套\r\n', NULL, 4200, ' '),
(661, 8, '英國熊陶瓷３入收納碗\r\n', NULL, 4200, ' '),
(662, 8, '弧形隔熱手套桌墊組\r\n', NULL, 4300, ' '),
(663, 8, '動物樂園折疊式環保購物袋２入\r\n', NULL, 4360, ' '),
(664, 8, '克潮靈集水袋除濕盒 ＋補充包\r\n', NULL, 4400, ' '),
(665, 8, '小熊太陽花馬克蓋杯\r\n', NULL, 4400, ' '),
(666, 8, 'ＢｕＢｅｅ活力彈跳兩用休閒壼組\r\n', NULL, 4500, ' '),
(667, 8, '保鮮盒５件組\r\n', NULL, 4600, ' '),
(668, 8, '防蟲米箱\r\n', NULL, 4600, ' '),
(669, 8, '路易王子樂活可可杯\r\n', NULL, 4600, ' '),
(670, 8, '掌上型封口機\r\n', NULL, 4600, ' '),
(671, 8, '手絹上的花田＋直到花豆煮熟\r\n', NULL, 4700, ' '),
(672, 8, '雙面靜電除塵手套（大）２入組   優惠1+1！\r\n', NULL, 4720, ' '),
(673, 8, 'ＵＢＯＮＵＳ折疊後背包\r\n', NULL, 4800, ' '),
(674, 8, '猴子馬克杯\r\n', NULL, 4800, ' '),
(675, 8, '發芽五穀米２盒\r\n', NULL, 4800, ' '),
(676, 8, 'ＦＯＲ　Ｕ 玻璃保鮮組－藤紫提袋\r\n', NULL, 4900, ' '),
(677, 8, 'ＦＯＲ　Ｕ 玻璃保鮮組－星藍提袋\r\n', NULL, 4900, ' '),
(678, 8, '妙管家三入炫彩玻璃調味罐組\r\n', NULL, 4900, ' '),
(679, 8, '新版法國兔冷氣毯\r\n', NULL, 4900, ' '),
(680, 8, '公路維修警告車\r\n', NULL, 4900, ' '),
(681, 8, '小熊塗鴉馬克杯　　優惠1+1！\r\n', NULL, 5000, ' '),
(682, 8, '動物收納盒２入組  　  優惠1+1!\r\n', NULL, 5000, ' '),
(683, 8, '招財貓經典絨毛娃娃(紅嘟嘟)\r\n', NULL, 5000, ' '),
(684, 8, '招財貓經典絨毛娃娃(綠呼呼)\r\n', NULL, 5000, ' '),
(685, 8, 'ＫＵＭＡＭＯＮ不鏽鋼雙耳蓋碗　４５０ｍｌ\r\n', NULL, 5000, ' '),
(686, 8, '金星不鏽鋼休閒壼\r\n', NULL, 5000, ' '),
(687, 8, '彩色軟式覘板-心型掛孔(3入)\r\n', NULL, 5000, ' '),
(688, 8, '熊本熊收納玻璃罐+玻璃保鮮盒\r\n', NULL, 5000, ' '),
(689, 8, '妙管家 １９５ｍｌ 彩漾真空保溫杯\r\n', NULL, 5200, ' '),
(690, 8, '西華炫彩雙層隔熱碗 1 入\r\n', NULL, 5200, ' '),
(691, 8, '兒童毛巾+浴巾(2件組)\r\n', NULL, 5200, ' '),
(692, 8, 'Häagen-Dazs精選聖代兌換券\r\n', NULL, 5200, ' '),
(693, 8, '妙管家 ８００ｍｌ冰棍太空瓶２入\r\n', NULL, 5400, ' '),
(694, 8, '史奴比便當袋\r\n', NULL, 5400, ' '),
(695, 8, '安妮兔玻璃保鮮盒＋抽真空棒\r\n', NULL, 5400, ' '),
(696, 8, '英國熊玩偶\r\n', NULL, 5400, ' '),
(697, 8, '妙管家 ９００ｃｃ炫彩沖茶器\r\n', NULL, 5400, ' '),
(698, 8, '雪尼爾清潔組\r\n', NULL, 5400, ' '),
(699, 8, '純棉無撚紗兒童毛巾－動物２入\r\n', NULL, 5400, ' '),
(700, 8, '康寧百麗多功能調理盤\r\n', NULL, 5400, ' '),
(701, 8, '髒小豬\r\n', NULL, 5460, ' '),
(702, 8, '大魚吃小魚\r\n', NULL, 5460, ' '),
(703, 8, '１２３到動物園火車拼圖\r\n', NULL, 5460, ' '),
(704, 8, '好餓的毛毛蟲立體點數拼圖\r\n', NULL, 5460, ' '),
(705, 8, '猜猜我有多愛你－最喜歡的地方\r\n', NULL, 5460, ' '),
(706, 8, '水波蓋青蛙造型收納箱\r\n', NULL, 5500, ' '),
(707, 8, '我的小小口袋書\r\n', NULL, 5500, ' '),
(708, 8, '發芽玄米２盒\r\n', NULL, 5500, ' '),
(709, 8, '升級二代雙夾版 懶人支架\r\n', NULL, 5600, ' '),
(710, 8, '變色大馬克杯\r\n', NULL, 5600, ' '),
(711, 8, '沙灘車車組\r\n', NULL, 5600, ' '),
(712, 8, '熊本熊玻璃保鮮盒組\r\n', NULL, 5600, ' '),
(713, 8, '熊本熊四入玻璃杯\r\n', NULL, 5600, ' '),
(714, 8, '幸運碎花收納箱（無紡布）　 　優惠1+1！\r\n', NULL, 5600, ' '),
(715, 8, '好寂寞的螢火蟲\r\n', NULL, 5780, ' '),
(716, 8, '違規燈小汽車禮盒\r\n', NULL, 5800, ' '),
(717, 8, '小汽車拖車組\r\n', NULL, 5800, ' '),
(718, 8, 'Ｇｌａｓｓｌｏｃｋ玻璃麵碗組\r\n', NULL, 5800, ' '),
(719, 8, 'Ａｒｔｅｃ彩色積木牧場動物組\r\n', NULL, 5900, ' '),
(720, 8, 'Ａｒｔｅｃ彩色積木海洋動物組\r\n', NULL, 5900, ' '),
(721, 8, 'Ａｒｔｅｃ彩色積木消防救護組\r\n', NULL, 5900, ' '),
(722, 8, 'Ａｒｔｅｃ彩色積木恐龍冒險組\r\n', NULL, 5900, ' '),
(723, 8, '聲寶ＬＥＤ電動鼻毛刀\r\n', NULL, 5900, ' '),
(724, 8, '大偵探奈特套書１－３\r\n', NULL, 5980, ' '),
(725, 8, '環遊世界地圖書\r\n', NULL, 5980, ' '),
(726, 8, '環遊世界動物書\r\n', NULL, 5980, ' '),
(727, 8, '史奴比造型地墊單入\r\n', NULL, 6000, ' '),
(728, 8, '行李電子秤\r\n', NULL, 6000, ' '),
(729, 8, '妙管家戶外攜袋式野餐墊\r\n', NULL, 6000, ' '),
(730, 8, '屈臣氏即享券300元\r\n', NULL, 6000, ' '),
(731, 8, '安妮兔ＬＥＤ充電枱燈\r\n', NULL, 6000, ' '),
(732, 8, '妙管家 ４６０ｍｌ 保溫瓶(紅)\r\n', NULL, 6000, ' '),
(733, 8, '妙管家 ４６０ｍｌ 保溫瓶(黑)\r\n', NULL, 6000, ' '),
(734, 8, '信誼中英雙語圖畫書精選\r\n', NULL, 6000, ' '),
(735, 8, '防水迷彩野餐墊\r\n', NULL, 6000, ' '),
(736, 8, 'ＫＵＭＡＭＯＮ方型地墊２入\r\n', NULL, 6000, ' '),
(737, 8, '爺爺一定有辦法＋會飛的抱抱\r\n', NULL, 6100, ' '),
(738, 8, '橘子工坊廚房烤爐浴廁清潔組\r\n', NULL, 6100, ' '),
(739, 8, '金安德森運動毛巾２入\r\n', NULL, 6200, ' '),
(740, 8, '妙管家 ７００ｃｃ 不鏽鋼沖茶器\r\n', NULL, 6200, ' '),
(741, 8, '金瓜薄燒３入\r\n', NULL, 6200, ' '),
(742, 8, '妙管家 亮彩保鮮袋 ９Ｌ\r\n', NULL, 6200, ' '),
(743, 8, '妙管家咖啡杯盤組\r\n', NULL, 6200, ' '),
(744, 8, '亞麻仁椒涎蘇打餅２入\r\n', NULL, 6200, ' '),
(745, 8, '統一生機日曬海鹽立袋５入\r\n', NULL, 6200, ' '),
(746, 8, '紓壓美腳足枕\r\n', NULL, 6200, ' '),
(747, 8, 'Ｂ＆Ａ電子行李吊秤\r\n', NULL, 6200, ' '),
(748, 8, 'ＫＵＭＡＭＯＮ摺疊購物車\r\n', NULL, 6200, ' '),
(749, 8, '妙管家 ５００ｃｃ 保溫瓶附帆布袋\r\n', NULL, 6200, ' '),
(750, 8, '大家來逛動物園\r\n', NULL, 6220, ' '),
(751, 8, 'Häagen-Dazs品脫兌換券\r\n', NULL, 6280, ' '),
(752, 8, '動物檯燈\r\n', NULL, 6400, ' '),
(753, 8, '有機甘栗３入\r\n', NULL, 6400, ' '),
(754, 8, '日本Ｍ９彈性掃把２入組\r\n', NULL, 6400, ' '),
(755, 8, 'ｔｏｐ ｃｈｏｉｃｅ造型對杯組- 花花小熊\r\n', NULL, 6400, ' '),
(756, 8, 'Ｂｏｃａｓ放大鏡指甲剪\r\n', NULL, 6400, ' '),
(757, 8, '益智盒中盒\r\n', NULL, 6420, ' '),
(758, 8, '禮貌＋我的感覺你的感覺\r\n', NULL, 6500, ' '),
(759, 8, '橘子工坊濃縮洗衣精１８００ｍｌ\r\n', NULL, 6500, ' '),
(760, 8, '林明子聖誕小書\r\n', NULL, 6560, ' '),
(761, 8, '動物沙包\r\n', NULL, 6560, ' '),
(762, 8, '行李掛鎖織帶組（橘）     　       　 　  優惠', NULL, 6600, ' '),
(763, 8, '行李掛鎖織帶組（草綠）　　  　優惠1+1！\r\n', NULL, 6600, ' '),
(764, 8, '行李掛鎖織帶組（桃紅）　 　　優惠1+1！\r\n', NULL, 6600, ' '),
(765, 8, '行李掛鎖織帶組（鐵灰）　　 　優惠1+1！\r\n', NULL, 6600, ' '),
(766, 8, '湯瑪士造型書包\r\n', NULL, 6600, ' '),
(767, 8, 'ＡＰＰＬＥ童心馬克杯（２入）\r\n', NULL, 6600, ' '),
(768, 8, '米奇黑白經典真空杯\r\n', NULL, 6600, ' '),
(769, 8, 'ＬＯＱＩ春捲包\r\n', NULL, 6600, ' '),
(770, 8, 'ＫＵＭＡＭＯＮ不鏽鋼便當盒\r\n', NULL, 6600, ' '),
(771, 8, '愛迪達男香－卓越自信\r\n', NULL, 6600, ' '),
(772, 8, '路易士１號保溫杯\r\n', NULL, 6600, ' '),
(773, 8, '行李掛鎖織帶組（湖藍）\r\n', NULL, 6600, ' '),
(774, 8, '菇菇圍裙２入\r\n', NULL, 6600, ' '),
(775, 8, '熊本熊玻璃壺杯組\r\n', NULL, 6600, ' '),
(776, 8, 'ＡＰＰＬＥ彈蓋保溫杯\r\n', NULL, 6800, ' '),
(777, 8, '迪士尼時尚麻布拼接皮革化妝包\r\n', NULL, 6800, ' '),
(778, 8, '愛迪達男用運動沐浴露２件組\r\n', NULL, 6800, ' '),
(779, 8, '航海王才藝便當袋（紅）\r\n', NULL, 6800, ' '),
(780, 8, '英國熊７００ＭＬ超真空咖啡壺\r\n', NULL, 6800, ' '),
(781, 8, '小寶寶翻翻書\r\n', NULL, 6880, ' '),
(782, 8, '寶島小遊記\r\n', NULL, 6880, ' '),
(783, 8, '史奴比地墊 2 入\r\n', NULL, 7000, ' '),
(784, 8, '卡通便當袋＋才藝袋\r\n', NULL, 7000, ' '),
(785, 8, 'ｔｏｐ ｃｈｏｉｃｅ雙層陶瓷杯\r\n', NULL, 7000, ' '),
(786, 8, '寶寶磁力接接棒－堆高雲梯車\r\n', NULL, 7000, ' '),
(787, 8, '亞麻仁蕎麥青蔥餅２入\r\n', NULL, 7000, ' '),
(788, 8, '樂美雅１．３Ｌ菱鏡壺\r\n', NULL, 7000, ' '),
(789, 8, '水豚君化妝包　　優惠1+1！\r\n', NULL, 7000, ' '),
(790, 8, '小雷和波波生活故事第一輯\r\n', NULL, 7080, ' '),
(791, 8, '小雷和波波生活故事第二輯\r\n', NULL, 7080, ' '),
(792, 8, '小波歡樂農場\r\n', NULL, 7080, ' '),
(793, 8, '妙管家 １．１Ｌ特級不鏽鋼沖茶器\r\n', NULL, 7100, ' '),
(794, 8, '路易王子真空恬點杯\r\n', NULL, 7200, ' '),
(795, 8, '飛利浦車用ＵＳＢ充電器\r\n', NULL, 7200, ' '),
(796, 8, '驅塵氏超黏拖＋補充包２入\r\n', NULL, 7200, ' '),
(797, 8, '純棉無撚紗兒童毛巾-熊(3入)\r\n', NULL, 7200, ' '),
(798, 8, 'ＦＡＢＥＲ－ＣＡＳＴＥＬＬ２４色筆\r\n', NULL, 7200, ' '),
(799, 8, '合金迴力跑車２入組\r\n', NULL, 7200, ' '),
(800, 8, '迴力跑車２入組\r\n', NULL, 7200, ' '),
(801, 8, '大英雄天團沐浴+洗髮+香水沐浴\r\n', NULL, 7200, ' '),
(802, 8, '創見精品行動碟 ８ＧＢ\r\n', NULL, 7400, ' '),
(803, 8, '去味大師＋補充包\r\n', NULL, 7400, ' '),
(804, 8, '衣鞋旅行收納袋\r\n', NULL, 7400, ' '),
(805, 8, '妙管家 ５００ｍｌ花之頌真空保溫罐\r\n', NULL, 7400, ' '),
(806, 8, '橘子工坊碗盤洗滌液（２入組）\r\n', NULL, 7400, ' '),
(807, 8, 'ＡＷＡＮＡ極限運動瓶附套\r\n', NULL, 7600, ' '),
(808, 8, '卡通經典購物袋\r\n', NULL, 7600, ' '),
(809, 8, '史奴比面紙套 ( 2入 )\r\n', NULL, 7600, ' '),
(810, 8, '車用三格收納箱組（無紡布）\r\n', NULL, 7600, ' '),
(811, 8, 'ＧｌａｓｓＬｏｃｋ大方型保鮮盒\r\n', NULL, 7600, ' '),
(812, 8, '奶油獅安全直式書包（藍）\r\n', NULL, 7600, ' '),
(813, 8, '優柏納斯　陶瓷刀具２件組\r\n', NULL, 7600, ' '),
(814, 8, '丹丹系列（寶寶版本）\r\n', NULL, 7600, ' '),
(815, 8, '家樂福即享券－舒潔特級舒適抽取衛生紙１１０抽ｘ２４包入\r\n', NULL, 7600, ' '),
(816, 8, '德國雙人國際 ４件式西餐組\r\n', NULL, 7600, ' '),
(817, 8, '聲寶圓形鬧鐘\r\n', NULL, 7600, ' '),
(818, 8, '歡樂滾筒寶盒\r\n', NULL, 7660, ' '),
(819, 8, '世界城市趴趴走＋世界奇景趴趴走\r\n', NULL, 7760, ' '),
(820, 8, '保鮮盒組＋玻璃保鮮盒＋保溫袋\r\n', NULL, 7800, ' '),
(821, 8, '四雙筷碟組\r\n', NULL, 7800, ' '),
(822, 8, '妙管家速鮮瓶 （橘）\r\n', NULL, 7800, ' '),
(823, 8, '妙管家不鏽鋼保溫杯５００ｍｌ\r\n', NULL, 7800, ' '),
(824, 8, '果然優蔓越莓乾（袋）３入\r\n', NULL, 7800, ' '),
(825, 8, '花漾雨傘購物包\r\n', NULL, 7800, ' '),
(826, 8, 'ＨＯＵＳＥＣＯＯＫ不鏽鋼彈跳瓶\r\n', NULL, 7800, ' '),
(827, 8, '波卡圓點多功能午餐袋三件組\r\n', NULL, 8000, ' '),
(828, 8, '甜心多功能電子秤\r\n', NULL, 8000, ' '),
(829, 8, '車用三格收納箱（牛津布）\r\n', NULL, 8000, ' '),
(830, 8, '好神拖布盤３入組\r\n', NULL, 8000, ' '),
(831, 8, '紓壓可扭轉甜甜圈２入\r\n', NULL, 8000, ' '),
(832, 8, '德國雙人旋轉指甲鉗\r\n', NULL, 8000, ' '),
(833, 8, 'SDC碗盤洗潔精／冰雪奇緣天然洗衣皂精（含補充包）\r\n', NULL, 8000, ' '),
(834, 8, '寶寶磁力接接棒－發光跑車\r\n', NULL, 8100, ' '),
(835, 8, '生活微百科\r\n', NULL, 8180, ' '),
(836, 8, '小身體大秘密系列\r\n', NULL, 8180, ' '),
(837, 8, '妙管家優質沖茶器組 （一壺二杯）\r\n', NULL, 8200, ' '),
(838, 8, '小白兔暖暖包３包組\r\n', NULL, 8200, ' '),
(839, 8, '米奇黑白經典提袋悶燒杯\r\n', NULL, 8200, ' '),
(840, 8, '統一生機果然優蜜棗乾袋３入\r\n', NULL, 8280, ' '),
(841, 8, 'ＭＵＶＡ電子行李秤（多功能）\r\n', NULL, 8300, ' '),
(842, 8, '家樂福500元即享券\r\n', NULL, 8300, ' '),
(843, 8, '彈跳杯４２０ｍｌ\r\n', NULL, 8300, ' '),
(844, 8, '統一時代百貨５００元抵用券\r\n', NULL, 8300, ' '),
(845, 8, '真空壓縮袋５入\r\n', NULL, 8400, ' '),
(846, 8, '夢特嬌天然乳膠護頸枕\r\n', NULL, 8400, ' '),
(847, 8, '鍋霸三層真空保溫杯\r\n', NULL, 8400, ' '),
(848, 8, 'ＫＵＭＡＭＯＮ收納組\r\n', NULL, 8400, ' '),
(849, 8, '瑰柏翠鈴蘭百合護手霜\r\n', NULL, 8450, ' '),
(850, 8, '杏桃乾２入\r\n', NULL, 8500, ' '),
(851, 8, '花漾雪絨地墊２入\r\n', NULL, 8600, ' '),
(852, 8, '康寧百麗晶彩透明盤\r\n', NULL, 8600, ' '),
(853, 8, 'Ａｒｔｅｃ彩色積木百變創意組\r\n', NULL, 8760, ' '),
(854, 8, '舒果新米蘭蔬食$438套餐即享券\r\n', NULL, 8760, ' '),
(855, 8, '頂鮮保溫燜燒提鍋\r\n', NULL, 8800, ' '),
(856, 8, '金安德森亮光紗繡花禮盒\r\n', NULL, 8800, ' '),
(857, 8, '潤澤護手霜禮盒\r\n', NULL, 9000, ' '),
(858, 8, '花仙子超濃縮洗碗精２入＋補充包\r\n', NULL, 9000, ' '),
(859, 8, '樂美雅 凡爾賽四件套\r\n', NULL, 9000, ' '),
(860, 8, '雄獅１３色自動蠟筆＋２４色可水洗彩色筆\r\n', NULL, 9000, ' '),
(861, 8, '豐子愷得獎作品集\r\n', NULL, 9000, ' '),
(862, 8, '樂扣樂扣玻璃保鮮盒２入組\r\n', NULL, 9000, ' '),
(863, 8, 'Ｓｕｐｅｒａｒｅ復刻版鑄瓷烤盤\r\n', NULL, 9000, ' '),
(864, 8, '海馬先生立體遊戲書\r\n', NULL, 9080, ' '),
(865, 8, '真水概念杯\r\n', NULL, 9200, ' '),
(866, 8, '妙管家不鏽鋼保溫杯３６０ｍｌ\r\n', NULL, 9200, ' '),
(867, 8, 'ＧｌａｓｓＬｏｃｋ玻璃保鮮盒２７００ｍｌ\r\n', NULL, 9200, ' '),
(868, 8, 'Ｋｉｔｔｙ餐具組－筆袋式\r\n', NULL, 9200, ' '),
(869, 8, '蜜蜂跌跌樂\r\n', NULL, 9200, ' '),
(870, 8, '熊寶寶零錢包\r\n', NULL, 9400, ' '),
(871, 8, '濃縮衣物柔軟精組＋洗衣槽去汙劑\r\n', NULL, 9400, ' '),
(872, 8, '樂扣樂扣耐熱玻璃保鮮盒二入組\r\n', NULL, 9400, ' '),
(873, 8, '樂扣樂扣耐熱玻璃保鮮盒含彩盒（三入組）\r\n', NULL, 9400, ' '),
(874, 8, '小太陽輕便型蜂巢平煎鍋２５ｃｍ\r\n', NULL, 9400, ' '),
(875, 8, '眼明手快寶貝遊戲組\r\n', NULL, 9500, ' '),
(876, 8, '金安德森健康竹炭紗禮盒\r\n', NULL, 9600, ' '),
(877, 8, '卡通安全雙層書包／深藍\r\n', NULL, 9600, ' '),
(878, 8, '卡通雙層書包／梅紅（粉紅）\r\n', NULL, 9600, ' '),
(879, 8, 'Ｓｕｐｅｒａｒｅ廚用刀禮盒組\r\n', NULL, 9600, ' '),
(880, 8, '鍋寶 養生燉鍋０．６L\r\n', NULL, 9600, ' '),
(881, 8, 'ｌｕｇ壽司捲包\r\n', NULL, 9600, ' '),
(882, 8, '范倫鐵諾路迪　竹碳纖維枕\r\n', NULL, 9600, ' '),
(883, 8, '牛頭牌小牛提鍋１６ｃｍ＋皂棉\r\n', NULL, 9600, ' '),
(884, 8, '上學系列套書（３本）\r\n', NULL, 9700, ' '),
(885, 8, '聲寶電動去硬皮美足機（１入）\r\n', NULL, 9700, ' '),
(886, 8, 'ＵＢ盥洗包\r\n', NULL, 9800, ' '),
(887, 8, '妙管家不鏽鋼保溫杯４６０ｍｌ\r\n', NULL, 9800, ' '),
(888, 8, '可愛獅子收納箱２入\r\n', NULL, 9800, ' '),
(889, 8, '豆豆的家立體遊戲書\r\n', NULL, 9860, ' '),
(890, 8, '袋鼠跳跳樂\r\n', NULL, 9860, ' '),
(891, 8, '百變轉轉盤\r\n', NULL, 9860, ' '),
(892, 8, '憤怒鳥捉迷藏\r\n', NULL, 9860, ' '),
(893, 8, '歡樂種菜趣\r\n', NULL, 9860, ' '),
(894, 8, 'ＧＷ水玻璃迷你除濕機２入\r\n', NULL, 9980, ' '),
(895, 8, '有機五榖米２入\r\n', NULL, 10000, ' '),
(896, 8, '不鏽鋼長型折疊曬衣架(50夾)\r\n', NULL, 10000, ' '),
(897, 8, 'Ｓｕｐｅｒａｒｅ刻版鑄瓷深盤\r\n', NULL, 10000, ' '),
(898, 8, 'ＵＢ護照夾　　　優惠1+1！\r\n', NULL, 10200, ' '),
(899, 8, '一推進洞\r\n', NULL, 10300, ' '),
(900, 8, '妙妙旋轉門\r\n', NULL, 10300, ' '),
(901, 8, '塞車時刻\r\n', NULL, 10300, ' '),
(902, 8, '移動的積木禮物盒\r\n', NULL, 10300, ' '),
(903, 8, '數字賓果１２３\r\n', NULL, 10300, ' '),
(904, 8, '優柏納斯５吋陶瓷刀\r\n', NULL, 10400, ' '),
(905, 8, '花蓮富麗有機糙米（２入）\r\n', NULL, 10500, ' '),
(906, 8, 'Ｏｐｅｎ小將１２吋防震電腦包  優惠1+1！\r\n', NULL, 10500, ' '),
(907, 8, '五味太郎語言圖鑑\r\n', NULL, 10780, ' '),
(908, 8, '蔬果洗滌液組＋食器杯垢去漬劑\r\n', NULL, 10800, ' '),
(909, 8, '妙管家多功能保溫保冷袋９Ｌ\r\n', NULL, 10800, ' '),
(910, 8, '日本ＡＩＳＥＮ六連伸縮曬衣架\r\n', NULL, 10800, ' '),
(911, 8, '航海王書包\r\n', NULL, 10800, ' '),
(912, 8, '花蓮富麗有機白米（２入）\r\n', NULL, 10900, ' '),
(913, 8, 'Ａｑｕａ ｄｏｏｄｌｅ旅行塗鴉本\r\n', NULL, 10960, ' '),
(914, 8, '琉璃掛飾\r\n', NULL, 11000, ' '),
(915, 8, 'Ｋｉｔｔｙ 微波碗 2 入組\r\n', NULL, 11000, ' '),
(916, 8, '掌廚可樂膳禾風厚釜不沾平底鍋\r\n', NULL, 11000, ' '),
(917, 8, '葡萄乾隨手包（袋）３入\r\n', NULL, 11000, ' '),
(918, 8, '西華日式五格美味湯火鍋 ３２ｃｍ\r\n', NULL, 11000, ' '),
(919, 8, '統一生機椒鹽綜合堅果３入\r\n', NULL, 11000, ' '),
(920, 8, '美麗華電影票二張\r\n', NULL, 11000, ' '),
(921, 8, '大家源三段恆溫吹風機\r\n', NULL, 11000, ' '),
(922, 8, '三洋大字鍵來電顯示電話機\r\n', NULL, 11000, ' '),
(923, 8, 'Ｓｕｐｅｒａｒｅ鑄瓷烤箱保鮮盒方形+圓形\r\n', NULL, 11000, ' '),
(924, 8, 'ＴＳＵＭＴＳＵＭ隨身碟１６ＧＢ\r\n', NULL, 11040, ' '),
(925, 8, 'ＡＷＡＮＡ魔法悶燒壺７５０ｍｌ\r\n', NULL, 11200, ' '),
(926, 8, '掌廚可樂膳 黑金不沾萬用鍋　　限時折扣！\r\n', NULL, 11200, ' '),
(927, 8, '淨覺茶系列茶籽碗盤蔬果洗潔液1+3組\r\n', NULL, 11300, ' '),
(928, 8, '橘子工坊生態濃縮洗衣粉\r\n', NULL, 11300, ' '),
(929, 8, '創見隨身碟 ３２ＧＢ\r\n', NULL, 11400, ' '),
(930, 8, '時間賓果\r\n', NULL, 11400, ' '),
(931, 8, '西堤牛排$570套餐即享券\r\n', NULL, 11400, ' '),
(932, 8, '三光牌蘇香真空保溫飯盒\r\n', NULL, 11500, ' '),
(933, 8, '旅行衣物收納五件組\r\n', NULL, 11600, ' '),
(934, 8, '大嘴猴法蘭絨毯\r\n', NULL, 11600, ' '),
(935, 8, '樂扣樂扣六面環扣麥片盒２入組\r\n', NULL, 11600, ' '),
(936, 8, '統一生機黑芝麻糙米陽光捲５包\r\n', NULL, 11600, ' '),
(937, 8, '夢特嬌法蘭絨毯\r\n', NULL, 11600, ' '),
(938, 8, '迪士尼手機廣角鏡頭夾系列\r\n', NULL, 11600, ' '),
(939, 8, '愛思考的青蛙系列套書（３本）\r\n', NULL, 11700, ' '),
(940, 8, '康寧透明鍋１．５Ｌ＋海綿＋指套\r\n', NULL, 12000, ' '),
(941, 8, '花漾經典玫瑰沐浴禮盒\r\n', NULL, 12000, ' '),
(942, 8, '驅塵氏清潔組\r\n', NULL, 12000, ' '),
(943, 8, '鍋霸２６ｃｍ陶瓷不沾雙耳湯鍋\r\n', NULL, 12000, ' '),
(944, 8, 'ＵＢＯＮＵＳ無限平移保護套\r\n', NULL, 12000, ' '),
(945, 8, '果然優蜜棗乾（罐）２入\r\n', NULL, 12200, ' '),
(946, 8, 'ＭＵＶＡ繽紛樂電子體重計\r\n', NULL, 12400, ' '),
(947, 8, 'ＬＡ　Ｖａｌｉｅｒｅ超炫鑰匙圈\r\n', NULL, 12400, ' '),
(948, 8, '妙管家二代真空迎賓壺 ２Ｌ\r\n', NULL, 12400, ' '),
(949, 8, '寶寶磁力接接棒－迴力火車運輸組\r\n', NULL, 12500, ' '),
(950, 8, 'ＰＯＬＹＭ軟積木－機器人系列\r\n', NULL, 12500, ' '),
(951, 8, 'ＰＯＬＹＭ軟積木－寶寶系列\r\n', NULL, 12500, ' '),
(952, 8, 'ＰＯＬＹＭ軟積木－動物馬戲團\r\n', NULL, 12500, ' '),
(953, 8, '陶板屋和風創作料理套餐即享券\r\n', NULL, 12500, ' '),
(954, 8, '康寧古典藍４件式湯碗餐盤組\r\n', NULL, 12500, ' '),
(955, 8, '陶板屋套餐禮券一張\r\n', NULL, 12500, ' '),
(956, 8, '泰山橄欖蔬菜調和油９瓶組\r\n', NULL, 12600, ' '),
(957, 8, '紀梵希 １０入叉匙組\r\n', NULL, 12600, ' '),
(958, 8, 'ＡＳＵＳ行動電源\r\n', NULL, 12800, ' '),
(959, 8, '聲寶造型電子體重計\r\n', NULL, 12800, ' '),
(960, 8, 'Ｃｏｍｂｉ攜帶式圍兜＋小太陽糖果盒\r\n', NULL, 12800, ' '),
(961, 8, '德國雙人修甲禮盒３件組\r\n', NULL, 13000, ' '),
(962, 8, '妙管家 １．６Ｌ 花之頌保溫提鍋\r\n', NULL, 13000, ' '),
(963, 8, '韓國 抗菌不鏽鋼刀 ２ 入組\r\n', NULL, 13000, ' '),
(964, 8, '妙管家 Ｍ５７７不鏽鋼休閒爐\r\n', NULL, 13000, ' '),
(965, 8, '快易通養生沖泡壺組\r\n', NULL, 13000, ' '),
(966, 8, '尚朋堂捕蚊燈\r\n', NULL, 13000, ' '),
(967, 8, '電動紅酒開瓶器\r\n', NULL, 13000, ' '),
(968, 8, 'ＫＩＴＴＹ　歡樂早餐組　　　  優惠1+1！\r\n', NULL, 13400, ' '),
(969, 8, 'ＮＵＤＥ純淨瑜珈墊\r\n', NULL, 13400, ' '),
(970, 8, '歌林多功能烤麵包機\r\n', NULL, 13600, ' '),
(971, 8, '歌林９吋靜音擺頭循環扇\r\n', NULL, 13600, ' '),
(972, 8, '妙管家２４ｃｍ 雙耳玫瑰鍋\r\n', NULL, 13600, ' '),
(973, 8, '果然優綜合堅果２入\r\n', NULL, 13600, ' '),
(974, 8, '新潮流果汁調理機\r\n', NULL, 13600, ' '),
(975, 8, '牛頭牌小牛日式琴音壺\r\n', NULL, 13600, ' '),
(976, 8, 'ＳＵＮＬＵＳ三樂事ＬＥＤ熱敷墊（中）\r\n', NULL, 13800, ' '),
(977, 8, 'ＬＯＱＩ行李箱套（城市系列）\r\n', NULL, 13800, ' '),
(978, 8, '康寧古典藍四菜一湯餐盤５件組\r\n', NULL, 13800, ' '),
(979, 8, '杯麵ＵＳＢ　ＬＥＤ造型燈\r\n', NULL, 13860, ' '),
(980, 8, '百寶箱大片裝創意積木組\r\n', NULL, 14000, ' '),
(981, 8, 'ＵＢＯＮＵＳ拼接後背包\r\n', NULL, 14000, ' '),
(982, 8, '樂美雅 凡爾賽五件套\r\n', NULL, 14000, ' '),
(983, 8, '統一生機亞麻仁蕎麥養生餅６包\r\n', NULL, 14000, ' '),
(984, 8, '法頌珠寶　真情著迷項鍊\r\n', NULL, 14000, ' '),
(985, 8, 'Ｋｉｔｔｙ不鏽鋼便當盒\r\n', NULL, 14000, ' '),
(986, 8, '西華平底鍋達人３３ｃｍ\r\n', NULL, 14400, ' '),
(987, 8, '安妮兔折疊便利野餐桌\r\n', NULL, 14400, ' '),
(988, 8, '達新負離子吹風機禮盒組\r\n', NULL, 14400, ' '),
(989, 8, '夢特嬌法蘭絨毯－乳牛（單層）\r\n', NULL, 14600, ' '),
(990, 8, '艾瑞卡爾我會讀英文遊戲寶盒\r\n', NULL, 14700, ' '),
(991, 8, '歌林多功能汽車吸塵器\r\n', NULL, 15000, ' '),
(992, 8, '充電式照明三層電蚊拍（二入）\r\n', NULL, 15000, ' '),
(993, 8, '妙管家 １．２Ｌ 超真空保溫餐盒組\r\n', NULL, 15000, ' '),
(994, 8, '歌林Ｋｉｔｔｙ不鏽鋼美食鍋\r\n', NULL, 15000, ' '),
(995, 8, '歐姆龍計步器\r\n', NULL, 15200, ' '),
(996, 8, '歌林Ｋｉｔｔｙ 不鏽鋼快煮壺\r\n', NULL, 15200, ' '),
(997, 8, 'ＳＡＭＰＯ聲寶萬國充電器轉接頭\r\n', NULL, 15400, ' '),
(998, 8, '池上名物越光米２包\r\n', NULL, 15500, ' '),
(999, 8, '山崎負離子粉彩吹風機\r\n', NULL, 15500, ' '),
(1000, 8, '淨覺茶系列-天然茶籽洗衣素1+2入組\r\n', NULL, 15600, ' '),
(1001, 8, '街頭車格後背包\r\n', NULL, 15600, ' '),
(1002, 8, '歌林2L不鏽鋼電茶壺\r\n', NULL, 15600, ' '),
(1003, 8, '妙管家不銹鋼快煮壺１．５Ｌ\r\n', NULL, 15600, ' '),
(1004, 8, 'Ａｒｔｅｃ彩色積木綠色轟炸戰士\r\n', NULL, 15680, ' '),
(1005, 8, 'Ａｒｔｅｃ彩色積木黃色機動戰士\r\n', NULL, 15680, ' '),
(1006, 8, 'ＵＢ月牙包\r\n', NULL, 15800, ' '),
(1007, 8, '克補肝精+克補鐵膜衣錠+克補鋅膜衣錠\r\n', NULL, 15800, ' '),
(1008, 8, 'ＴＳＵＭＴＳＵＭ隨身碟３２ＧＢ\r\n', NULL, 15840, ' '),
(1009, 8, '白蘭強效洗衣精６件組\r\n', NULL, 15900, ' '),
(1010, 8, '象印０．４８Ｌ可分解杯蓋保溫杯（限量１００份）\r\n', NULL, 16000, ' '),
(1011, 8, '春回大地乳液\r\n', NULL, 16000, ' '),
(1012, 8, '琉璃印章－十二生肖\r\n', NULL, 16000, ' '),
(1013, 8, '法頌珠寶　擄獲芳心項鍊\r\n', NULL, 16000, ' '),
(1014, 8, '統一時代百貨１０００元抵用券\r\n', NULL, 16000, ' '),
(1015, 8, 'Ｅｚｅｔｉｌ德國保冷袋－大\r\n', NULL, 16000, ' '),
(1016, 8, 'ＫＵＭＡＭＯＮ２公升電火鍋\r\n', NULL, 16200, ' '),
(1017, 8, 'ＫＵＭＡＭＯＮ手持直立兩用吸塵器\r\n', NULL, 16200, ' '),
(1018, 8, '韓國陶瓷不沾平底單把深鍋\r\n', NULL, 16400, ' '),
(1019, 8, 'Ｄｅｐａｒｔｕｒｅ折疊手提袋\r\n', NULL, 16600, ' '),
(1020, 8, '制臭抗菌防黴洗衣精組＋補充包組\r\n', NULL, 16600, ' '),
(1021, 8, '亨利屋抱枕\r\n', NULL, 16600, ' '),
(1022, 8, '金安德森英倫方型隨身斜側包\r\n', NULL, 16800, ' '),
(1023, 8, '好神拖（一布盤組）\r\n', NULL, 17000, ' '),
(1024, 8, '聲寶食物料理秤\r\n', NULL, 17000, ' '),
(1025, 8, '妙管家 ２８ｃｍ 單柄玫瑰鍋\r\n', NULL, 17200, ' '),
(1026, 8, 'Ｐｉｎｇｕ護脊書包\r\n', NULL, 17200, ' '),
(1027, 8, '西崎四孔氣舒柔枕２入組\r\n', NULL, 17500, ' '),
(1028, 8, 'Ｋｉｔｔｙ隔熱餐盤 (加附餐袋)\r\n', NULL, 17600, ' '),
(1029, 8, '膳魔師真空食物罐（消防車篇）\r\n', NULL, 17800, ' '),
(1030, 8, '膳魔師真空食物罐（貓頭鷹篇）\r\n', NULL, 17800, ' '),
(1031, 8, '妙管家超火大瓦斯爐\r\n', NULL, 17800, ' '),
(1032, 8, '奧斯汀素妍主義２件式單人床包組\r\n', NULL, 17800, ' '),
(1033, 8, '康寧純白康寧鍋２．２５Ｌ\r\n', NULL, 18000, ' '),
(1034, 8, '膳魔師新鐵釜朝食２０ＣＭ平底鍋\r\n', NULL, 18000, ' '),
(1035, 8, '我的故事小書包\r\n', NULL, 18100, ' '),
(1036, 8, '我的語文小書包\r\n', NULL, 18100, ' '),
(1037, 8, '果然優全堅果２入\r\n', NULL, 18400, ' '),
(1038, 8, '歌林隨行杯果汁機雙杯組\r\n', NULL, 18600, ' '),
(1039, 8, '象印咖啡機\r\n', NULL, 18750, ' '),
(1040, 8, '歌林Ｋｉｔｔｙ隨行電子鍋一人份\r\n', NULL, 18800, ' '),
(1041, 8, '頂天立地伸縮衣架\r\n', NULL, 19000, ' '),
(1042, 8, 'ＵＢ圍裙男女＋隔熱手套\r\n', NULL, 19000, ' '),
(1043, 8, 'ＶＩＫＩＮＧＴＯＹＳ城堡護城河\r\n', NULL, 19000, ' '),
(1044, 8, '班恩傑尼積木－骨牌博士\r\n', NULL, 19000, ' '),
(1045, 8, '好神拖（二布盤組）\r\n', NULL, 19000, ' '),
(1046, 8, '伊萊克斯熨斗\r\n', NULL, 19000, ' '),
(1047, 8, '２４ｃｍ雙耳玫瑰鍋\r\n', NULL, 19000, ' '),
(1048, 8, '西華馬卡龍不沾平底鍋３０ｃｍ\r\n', NULL, 19200, ' '),
(1049, 8, '迪士尼８０００ｍＡｈ行動電源\r\n', NULL, 19200, ' '),
(1050, 8, '歌林Ｋｉｔｔｙ不挑鍋電子爐\r\n', NULL, 19200, ' '),
(1051, 8, '西華超硬陽極炒鍋３７ｃｍ\r\n', NULL, 19200, ' '),
(1052, 8, '歌林鼻毛刀＋３Ｄ勁能水洗刮鬍刀\r\n', NULL, 19400, ' '),
(1053, 8, '歌林隨行杯果汁機（榨汁雙杯組）\r\n', NULL, 19400, ' '),
(1054, 8, 'Ｔｏｕｒｉｓｔｅｒ筆電公事包\r\n', NULL, 19600, ' '),
(1055, 8, '鍋寶１５００ｃｃ玻璃杯果汁機\r\n', NULL, 19600, ' '),
(1056, 8, 'ＴＡＮＩＴＡ脂肪體重計ＵＭ０５１\r\n', NULL, 19700, ' '),
(1057, 8, '法國透明鍋３．２５Ｌ\r\n', NULL, 19700, ' '),
(1058, 8, '震旦６張碎斷式碎紙機\r\n', NULL, 19800, ' '),
(1059, 8, '輕巧砧板+陶瓷刀2件組\r\n', NULL, 19800, ' '),
(1060, 8, '康寧晶彩透明鍋２．２５Ｌ\r\n', NULL, 20000, ' '),
(1061, 8, '優柏納斯媽咪健身包\r\n', NULL, 20000, ' '),
(1062, 8, '歌林１０人份電子鍋\r\n', NULL, 20400, ' '),
(1063, 8, '索爾迷你鎚隨身碟３２ＧＢ\r\n', NULL, 20480, ' '),
(1064, 8, '大家源不鏽鋼樂活碎冰果汁機\r\n', NULL, 20600, ' '),
(1065, 8, '韓國陶瓷不沾湯鍋 ２０ｃｍ\r\n', NULL, 20800, ' '),
(1066, 8, '范倫鐵諾路迪　天然乳膠枕\r\n', NULL, 20800, ' '),
(1067, 8, '膳魔師不銹鋼真空保溫瓶\r\n', NULL, 22000, ' '),
(1068, 8, '韓國陶瓷不沾平底鍋 ２４ｃｍ\r\n', NULL, 22000, ' '),
(1069, 8, 'ＵＢＯＮＵＳ筆電機能斜背包\r\n', NULL, 22000, ' '),
(1070, 8, 'ＵＢＯＮＵＳ保護套\r\n', NULL, 22000, ' '),
(1071, 8, 'Ｓｕｐｅｒａｒｅ片手鑄瓷鍋\r\n', NULL, 22000, ' '),
(1072, 8, 'ＴＳＵＭＴＳＵＭ行動電源\r\n', NULL, 22200, ' '),
(1073, 8, 'ＫＡ手拿式午餐化妝包\r\n', NULL, 22400, ' '),
(1074, 8, 'ＫＡ男短夾\r\n', NULL, 22800, ' '),
(1075, 8, '西華名品御膳湯鍋 ２４ｃｍ\r\n', NULL, 22800, ' '),
(1076, 8, '西華五件式全能調理鍋\r\n', NULL, 22800, ' '),
(1077, 8, '象印０．４８Ｌ不鏽鋼真空保溫杯（限量１００份）\r\n', NULL, 23000, ' '),
(1078, 8, '飛利浦鉑光防眩檯燈\r\n', NULL, 23000, ' '),
(1079, 8, '奧斯汀素妍主義３件式雙人床包組\r\n', NULL, 23000, ' '),
(1080, 8, 'Ｈｅｌｌｏ Ｋｉｔｔｙ ２４ＣＭ平底鍋 (附鍋鏟)\r\n', NULL, 23000, ' '),
(1081, 8, '三洋來電顯示無線電話機\r\n', NULL, 23300, ' '),
(1082, 8, '卡通新潮護脊拉桿／淺藍\r\n', NULL, 23600, ' '),
(1083, 8, '康寧陽光橙園餐具４件組\r\n', NULL, 24000, ' '),
(1084, 8, 'ＫＡ簡易盒自動皮帶\r\n', NULL, 24300, ' '),
(1085, 8, '陶板屋套餐禮券二張\r\n', NULL, 24600, ' '),
(1086, 8, '優柏納斯陶瓷刀具３件組\r\n', NULL, 25000, ' '),
(1087, 8, '國際牌數位無線電話／１入隨機\r\n', NULL, 25000, ' '),
(1088, 8, 'ｌｕｇ一泊二日旅行包\r\n', NULL, 25000, ' '),
(1089, 8, 'ＵＢＯＮＵＳ大容量旅行袋\r\n', NULL, 25000, ' '),
(1090, 8, '航海王雙人床包被單組\r\n', NULL, 25400, ' '),
(1091, 8, '小熊學校雙人床包被單組\r\n', NULL, 25400, ' '),
(1092, 8, '康寧晶彩透明鍋３．２５Ｌ\r\n', NULL, 25600, ' '),
(1093, 8, '東元１４吋定時桌立扇\r\n', NULL, 25800, ' '),
(1094, 8, '國際牌１２００Ｗ電烤箱\r\n', NULL, 25800, ' '),
(1095, 8, '奧斯汀抗菌被\r\n', NULL, 26000, ' '),
(1096, 8, '牛頭牌小牛悶燒保溫提鍋(灰)\r\n', NULL, 26000, ' '),
(1097, 8, '東元防燙外取式電烤箱（９Ｌ）\r\n', NULL, 26400, ' '),
(1098, 8, '韓國２８ｃｍ 陶瓷不沾炒鍋＋鍋蓋\r\n', NULL, 26800, ' '),
(1099, 8, '韓國全陶瓷高硬度不沾平底鍋\r\n', NULL, 26800, ' '),
(1100, 8, 'ＵＢｏｎｕｓ２０吋行李箱\r\n', NULL, 27000, ' '),
(1101, 8, '可利亞蔬果清淨機\r\n', NULL, 27500, ' '),
(1102, 8, '歌林攪拌機(附攪拌桶)\r\n', NULL, 27600, ' '),
(1103, 8, '強生ＣＳ－６２２六塊腹肌健身器\r\n', NULL, 27700, ' '),
(1104, 8, '夢特嬌溫馨發熱羊毛被　         　　  　限時折扣！', NULL, 28000, ' '),
(1105, 8, 'ｉｄｏｌ　Ｋ８偶像Ｋ吧 個人行動ＫＴＶ\r\n', NULL, 28000, ' '),
(1106, 8, '韓國陶瓷不沾平底鍋３２ｃｍ藍\r\n', NULL, 28000, ' '),
(1107, 8, '韓製３０ｃｍ深炒鍋＋玻璃鍋蓋\r\n', NULL, 28000, ' '),
(1108, 8, '韓製 ２４ｃｍ 陶瓷雙耳湯鍋\r\n', NULL, 28000, ' '),
(1109, 8, '澳洲羊毛被\r\n', NULL, 28000, ' '),
(1110, 8, 'Ｔｗｉｎｂｉｒｄ手持式蒸氣熨斗\r\n', NULL, 28600, ' '),
(1111, 8, '聲寶１４吋微電腦搖桿式立扇\r\n', NULL, 28600, ' '),
(1112, 8, '金安德森英式學院雙拉鍊長夾 　限時折扣！\r\n', NULL, 29000, ' '),
(1113, 8, '金安德森英式學院單面長夾\r\n', NULL, 29000, ' '),
(1114, 8, '王品牛排套餐禮券一張\r\n', NULL, 29000, ' '),
(1115, 8, '膳魔師不銹鋼真空保溫壺\r\n', NULL, 29000, ' '),
(1116, 8, '東元20公升烤箱\r\n', NULL, 29400, ' '),
(1117, 8, '聲寶手提ＵＳＢ／ＣＤ／ＳＤ音響\r\n', NULL, 29760, ' '),
(1118, 8, '統一生機苦茶油２入\r\n', NULL, 29800, ' '),
(1119, 8, '尚朋堂微電腦電磁爐\r\n', NULL, 29800, ' '),
(1120, 8, '歌林塵蹣機\r\n', NULL, 30000, ' '),
(1121, 8, 'Ａｒｎｏｌｄ　Ｐａｌｍｅｒ手提袋\r\n', NULL, 30000, ' '),
(1122, 8, 'ＫＡ水餃包藍色(小)\r\n', NULL, 30600, ' '),
(1123, 8, 'ＵＢｏｎｕｓ２４吋行李箱\r\n', NULL, 31000, ' '),
(1124, 8, '飛利浦２合１隨行杯果汁機\r\n', NULL, 31400, ' '),
(1125, 8, '國際牌數位無線電話（公司貨）\r\n', NULL, 31600, ' '),
(1126, 8, '松騰空氣清淨機\r\n', NULL, 32000, ' '),
(1127, 8, '膳魔師新鐵釜３０ＣＭ平底鍋\r\n', NULL, 32000, ' '),
(1128, 8, 'ＫＡ魔力紅側背包\r\n', NULL, 32400, ' '),
(1129, 8, 'ＫＡ男側背包\r\n', NULL, 32800, ' '),
(1130, 8, '國際牌１４吋立扇\r\n', NULL, 32800, ' '),
(1131, 8, 'ＮＵＤＥ頂級環保瑜珈墊\r\n', NULL, 33000, ' '),
(1132, 8, '象印手提電器熱水瓶\r\n', NULL, 33000, ' '),
(1133, 8, '象印咖啡機（ＥＣ－ＡＪＦ６０）\r\n', NULL, 33000, ' '),
(1134, 8, 'Ｋｉｔｔｙ鬆餅蛋糕機\r\n', NULL, 33000, ' '),
(1135, 8, '可利亞十人份微電腦厚釜電子鍋\r\n', NULL, 33200, ' '),
(1136, 8, '德國金鑽湯鍋２４ＣＭ\r\n', NULL, 33400, ' '),
(1137, 8, '膳魔師真空燜燒提鍋\r\n', NULL, 33600, ' '),
(1138, 8, 'ＰＲＩＮＣＥＳＳ荷蘭公主鬆餅機\r\n', NULL, 33600, ' '),
(1139, 8, '特福四件組\r\n', NULL, 34000, ' '),
(1140, 8, 'ＵＢ水氧機\r\n', NULL, 34000, ' '),
(1141, 8, '德國雙人ＴＷＩＮ ＮＯＶＡ系列１６ＣＭ單柄鍋\r\n', NULL, 34000, ' '),
(1142, 8, '福運豬名片座\r\n', NULL, 35000, ' '),
(1143, 8, 'ｄｅｐａｒｔｕｒｅ運動後背包\r\n', NULL, 35600, ' '),
(1144, 8, 'ｄｅｐａｒｔｕｒｅ休閒後背包\r\n', NULL, 35600, ' '),
(1145, 8, '歐品漾 雅仕側背包\r\n', NULL, 36000, ' '),
(1146, 8, 'ＯＭＲＯＮ歐姆龍手臂血壓計\r\n', NULL, 36000, ' '),
(1147, 8, '法國夢特嬌輕柔新羽絲冬被\r\n', NULL, 36000, ' '),
(1148, 8, '歐姆龍體脂計\r\n', NULL, 36400, ' '),
(1149, 8, '法國特福Ｔｅｆａｌ平底鍋四件組\r\n', NULL, 37400, ' '),
(1150, 8, '康寧透明鍋 ５．０Ｌ\r\n', NULL, 37400, ' '),
(1151, 8, '夢特嬌雙人紐西蘭羊毛被\r\n', NULL, 39000, ' '),
(1152, 8, '象印多用途烤箱\r\n', NULL, 39600, ' '),
(1153, 8, 'Ｔａｎｉｔａ七合一體組成計\r\n', NULL, 39600, ' '),
(1154, 8, '伊萊克斯1.5L玻璃壺果汁機\r\n', NULL, 39600, ' '),
(1155, 8, '特福多層鋼炒鍋３２公分\r\n', NULL, 40000, ' '),
(1156, 8, '飛利浦強力蒸氣熨斗\r\n', NULL, 40000, ' '),
(1157, 8, '伊萊克斯5BAR義式咖啡機\r\n', NULL, 40000, ' '),
(1158, 8, '鋼鐵人反應爐行動電源\r\n', NULL, 40200, ' '),
(1159, 8, '索爾行動電源５２００ｍＡＨ\r\n', NULL, 40200, ' '),
(1160, 8, '皇家西華五層合金炒鍋３６ｃｍ－單把\r\n', NULL, 42000, ' '),
(1161, 8, '牛頭牌新小牛調理鍋３入組\r\n', NULL, 42000, ' '),
(1162, 8, 'Ａｌｌｅｓｓｉ廚房紙巾架\r\n', NULL, 43200, ' '),
(1163, 8, '義廚寶新絕色系列２９ＣＭ深炒鍋３件組\r\n', NULL, 43800, ' '),
(1164, 8, '美國隊長行動電源Ｘ藍芽喇叭\r\n', NULL, 44700, ' '),
(1165, 8, '夏慕尼鐵板燒餐券２張\r\n', NULL, 45000, ' '),
(1166, 8, 'ＫＡ刷藍水餃包\r\n', NULL, 45600, ' '),
(1167, 8, 'ＫＡ刷黑水餃包\r\n', NULL, 45600, ' '),
(1168, 8, '韓國陶瓷不沾鍋具組６件式－紅\r\n', NULL, 46000, ' '),
(1169, 8, '夢特嬌粉紅玫瑰純棉床包二用被組\r\n', NULL, 46000, ' '),
(1170, 8, '夢特嬌普普風純棉床包二用被組\r\n', NULL, 46000, ' '),
(1171, 8, 'ＫＡ真皮皮帶\r\n', NULL, 46400, ' '),
(1172, 8, '陶板屋禮券二張＋西堤禮券二張\r\n', NULL, 47000, ' '),
(1173, 8, '喬治˙傑生磨菇胡椒＋鹽罐調味組\r\n', NULL, 48000, ' '),
(1174, 8, 'ＢＲＡＵＮ百靈耳溫槍\r\n', NULL, 49000, ' '),
(1175, 8, 'ＫＡ側背包\r\n', NULL, 49400, ' '),
(1176, 8, 'ＦＬＯＷ ＲＥＥＤ馬克對杯禮盒\r\n', NULL, 49600, ' '),
(1177, 8, '博視燈桌燈\r\n', NULL, 49600, ' '),
(1178, 8, '象印鐵板萬用鍋\r\n', NULL, 49600, ' '),
(1179, 8, '象印快煮電氣壼\r\n', NULL, 50000, ' '),
(1180, 8, '陶板屋套餐禮券六張\r\n', NULL, 53000, ' '),
(1181, 8, '義廚寶深炒鍋３２ｃｍ\r\n', NULL, 54400, ' '),
(1182, 8, '聲寶ＤＣ直流扇１４吋\r\n', NULL, 54600, ' '),
(1183, 8, 'ＵＢｏｎｕｓ行李箱組－粉\r\n', NULL, 55000, ' '),
(1184, 8, 'ＵＢｏｎｕｓ行李箱組－藍\r\n', NULL, 55000, ' '),
(1185, 8, '索爾行動電源１０４００ｍＡＨ\r\n', NULL, 55200, ' '),
(1186, 8, '荷蘭公主攪拌均質機\r\n', NULL, 55800, ' '),
(1187, 8, '康寧陽光橙園餐具１０件組\r\n', NULL, 56000, ' '),
(1188, 8, 'Ｅｌｅｃｔｒｏｌｕｘ伊萊克斯 ７公升慢燉鍋\r\n', NULL, 57000, ' '),
(1189, 8, '超淨抗過敏清淨機\r\n', NULL, 57400, ' '),
(1190, 8, '飛利浦充電式音波震動牙刷\r\n', NULL, 57500, ' '),
(1191, 8, 'ＫＡ俏麗手提斜側籃型包\r\n', NULL, 58000, ' '),
(1192, 8, '王品牛排套餐禮券二張\r\n', NULL, 58000, ' '),
(1193, 8, '飛利浦三刀水洗式電鬍刀\r\n', NULL, 59400, ' '),
(1194, 8, '收藏家ＡＥ－８１三層式全功能電子防潮箱\r\n', NULL, 59400, ' '),
(1195, 8, '東元製麵包機\r\n', NULL, 59400, ' '),
(1196, 8, '鍋寶３３Ｌ雙溫控不鏽鋼旋風烤箱\r\n', NULL, 59600, ' '),
(1197, 8, '象印微電腦快煮電氣壺\r\n', NULL, 60000, ' '),
(1198, 8, '膳魔師健康原味２８ＣＭ平底鍋\r\n', NULL, 60000, ' '),
(1199, 8, 'ＫＡ線條休閒包\r\n', NULL, 61400, ' '),
(1200, 8, '雅貝琉璃－乘風吉祥兔\r\n', NULL, 62000, ' '),
(1201, 8, '國際牌 奈米水離子吹風機\r\n', NULL, 65400, ' '),
(1202, 8, '國際牌　雙溫控/發酵烤箱\r\n', NULL, 71800, ' '),
(1203, 8, '象印４公升微電腦電動熱水瓶\r\n', NULL, 73600, ' '),
(1204, 8, '皮爾帕門　皮夾\r\n', NULL, 74000, ' '),
(1205, 8, '象印微電腦炊飯電子鍋6人份\r\n', NULL, 74000, ' '),
(1206, 8, 'ＶＯＲＮＡＤＯ渦流空氣循環機\r\n', NULL, 75000, ' '),
(1207, 8, '象印４公升寬廣視窗微電腦電動熱水瓶　　　　　　限時折扣！\r\n', NULL, 76000, ' '),
(1208, 8, '象印微電腦黑金剛３人份電子鍋\r\n', NULL, 77000, ' '),
(1209, 8, '夢特嬌２４吋行李箱\r\n', NULL, 78000, ' '),
(1210, 8, '歌林自動研磨咖啡機\r\n', NULL, 79000, ' '),
(1211, 8, '象印微電腦炊飯電子鍋１０人份 　 限時折扣！\r\n', NULL, 80000, ' '),
(1212, 8, '歐姆龍手臂式血壓計\r\n', NULL, 83000, ' '),
(1213, 8, '大同 １１人份不銹鋼電鍋\r\n', NULL, 85000, ' '),
(1214, 8, '伊萊克斯手把控制吸塵器\r\n', NULL, 86000, ' '),
(1215, 8, '象印微電腦１０人份電子鍋\r\n', NULL, 92000, ' '),
(1216, 8, '健身手環\r\n', NULL, 97600, ' '),
(1217, 8, 'Ｓａｍｓｏｎｉｔｅ後背包\r\n', NULL, 99000, ' '),
(1218, 8, '夏慕尼餐券６張\r\n', NULL, 99000, ' '),
(1219, 8, 'Ｈｏｎｅｙｗｅｌｌ 抗敏空氣清淨機\r\n', NULL, 99400, ' '),
(1220, 8, '膳魔師不銹鋼高真空燜燒鍋\r\n', NULL, 106000, ' '),
(1221, 8, '奇美６Ｌ時尚美形節能除濕機\r\n', NULL, 113500, ' '),
(1222, 8, '王品牛排套餐禮券六張\r\n', NULL, 125000, ' '),
(1223, 8, 'ＣＨＬＯＥ女性淡香精四件組\r\n', NULL, 130000, ' '),
(1224, 8, '國際牌製麵包機\r\n', NULL, 139000, ' '),
(1225, 8, '日立自動適濕環保除濕機\r\n', NULL, 139800, ' '),
(1226, 8, '象印全自動製麵包機\r\n', NULL, 150000, ' '),
(1227, 8, 'ＬＡ－Ｚ－ＢＯＹ搖椅式休閒椅\r\n', NULL, 230000, ' '),
(1228, 8, '雅貝琉璃－一葉觀音\r\n', NULL, 234000, ' '),
(1229, 8, 'LG雙眼小精靈清潔機器人-寶石紅\r\n', NULL, 250000, ' '),
(1231, 7, '長榮航空哩程兌換\r\n', NULL, 35000, ' '),
(1232, 7, '星巴克大杯那堤兌換券\r\n', NULL, 2900, ' '),
(1233, 7, '家樂福500元即享券\r\n', NULL, 10000, ' '),
(1234, 7, '元三租車機場接送服務＿跨區域\r\n', NULL, 16000, ' '),
(1235, 7, '新光三越百貨禮券500元\r\n', NULL, 11000, ' '),
(1236, 7, '茶山房純竹炭洗手皂兌換券\r\n', NULL, 1600, ' '),
(1237, 7, '【家樂福即享券】橘子工坊天然制菌濃縮洗衣精\r\n', NULL, 5700, ' '),
(1238, 7, 'UUPON點數55點\r\n', NULL, 500, ' '),
(1239, 7, '元三租車機場接送服務＿同區域\r\n', NULL, 14000, ' '),
(1240, 7, '大潤發提貨券500元\r\n', NULL, 10000, ' '),
(1241, 7, '家樂福1000元即享券\r\n', NULL, 20000, ' '),
(1242, 7, '統一時代百貨【台北店】500元抵用券\r\n', NULL, 10000, ' '),
(1243, 7, '遊戲愛樂園兌換券（遊戲愛樂園公園版）\r\n', NULL, 6700, ' '),
(1244, 7, 'AirAsia BIG Points兌換\r\n', NULL, 18000, ' '),
(1245, 7, '遊戲愛樂園兌換券（遊戲愛樂園版）\r\n', NULL, 4900, ' '),
(1246, 7, 'HAPPY GO點數100點\r\n', NULL, 1000, ' '),
(1247, 7, '西堤牛排$570套餐即享券\r\n', NULL, 12000, ' '),
(1248, 7, '石二鍋$218套餐即享券\r\n', NULL, 5200, ' '),
(1249, 7, '行遍天下機場接送服務_桃園機場(電子兌換券)\r\n', NULL, 23000, ' '),
(1250, 7, '財團法人天主教善牧社會福利基金會\r\n', NULL, 2000, ' '),
(1251, 7, '社團法人新北市智障者家長協會\r\n', NULL, 2000, ' '),
(1252, 7, '社團法人台灣環境資訊協會\r\n', NULL, 2000, ' '),
(1253, 7, '台北國賓明園西餐廳平假日下午茶券\r\n', NULL, 11000, ' '),
(1254, 7, '新竹國賓八方燴西式平日自助午餐券\r\n', NULL, 15800, ' '),
(1255, 7, '國賓經典鳳梨酥六入兌換券\r\n', NULL, 4800, ' '),
(1256, 7, '國賓經典鳳梨酥十入兌換券\r\n', NULL, 7800, ' '),
(1257, 7, '墾丁福華麗香苑平假日西式午餐券\r\n', NULL, 8000, ' '),
(1258, 7, '喜滿客影城團票２張\r\n', NULL, 9000, ' '),
(1259, 7, '掛失手續費100元\r\n', NULL, 1000, ' '),
(1260, 7, '優遊金500元\r\n', NULL, 10000, ' '),
(1261, 7, '富邦慈善基金會「用愛心做朋友」助學\r\n', NULL, 2000, ' '),
(1262, 7, '法鼓山捐款金\r\n', NULL, 2000, ' '),
(1263, 7, '亞洲萬里通兌換\r\n', NULL, 22500, ' '),
(1264, 7, '威秀影城電影票兩張\r\n', NULL, 11000, ' '),
(1265, 7, '全國加油站200元汽油提油券\r\n', NULL, 5200, ' '),
(1266, 7, '夢時代購物中心禮券500元\r\n', NULL, 10000, ' '),
(1267, 7, '台中廣三SOGO百貨禮券500元\r\n', NULL, 10000, ' '),
(1268, 7, '京站百貨禮券500元\r\n', NULL, 10000, ' '),
(1269, 7, '新竹國賓八方燴輕揚平日下午茶券\r\n', NULL, 11200, ' '),
(1270, 7, '台北福華彩虹座平假日自助式下午茶券\r\n', NULL, 12500, ' '),
(1271, 7, 'WiGo網路分享器_日本兩日\r\n', NULL, 6500, ' '),
(1272, 7, 'WiGo網路分享器_韓國兩日\r\n', NULL, 6500, ' '),
(1273, 7, '料理．台灣2017第36期【限量商品】\r\n', NULL, 500, ' '),
(1274, 7, '台灣世界展望會「飢餓三十人道救援行動」\r\n', NULL, 2000, ' '),
(1275, 7, '高雄國賓 i River自助餐廳平日下午茶券\r\n', NULL, 11200, ' '),
(1276, 7, '高雄國賓 i River 自助餐廳平日午餐券\r\n', NULL, 15300, ' '),
(1277, 7, '台中福華美樂琪假日自助式下午茶券\r\n', NULL, 11800, ' '),
(1278, 7, '85度C100元午茶組兌換券\r\n', NULL, 2050, ' '),
(1279, 7, 'PAUL 300元即享券\r\n', NULL, 6100, ' '),
(1280, 7, '21風味館套餐兌換券\r\n', NULL, 6000, ' '),
(1281, 7, '肯德基咔啦脆雞堡餐\r\n', NULL, 2800, ' '),
(1282, 7, '必勝客必省Q大比薩任選兌換券\r\n', NULL, 6000, ' '),
(1283, 7, '必勝客六吋個人比薩薯星星套餐兌換券\r\n', NULL, 3000, ' '),
(1284, 7, '丹堤咖啡樂活早餐套餐B二選一兌換券\r\n', NULL, 2000, ' '),
(1285, 7, '點水樓五星雙人套餐兌換券\r\n', NULL, 19000, ' '),
(1286, 7, '點水樓$500元餐飲抵用兌換券\r\n', NULL, 10000, ' '),
(1287, 7, '翰林茶館 $300元即享券\r\n', NULL, 5900, ' '),
(1288, 7, '翰林茶館 松阪豬肉鍋即享券\r\n', NULL, 10500, ' '),
(1289, 7, '勝博殿里脊豬排精選套餐兌換券\r\n', NULL, 10000, ' '),
(1290, 7, '天仁喫茶趣餐館 100元抵用券\r\n', NULL, 2050, ' '),
(1291, 7, '茶山房茶樹皂兌換券\r\n', NULL, 3100, ' '),
(1292, 7, '【家樂福即享券】橘子工坊天然洗手乳\r\n', NULL, 4500, ' '),
(1293, 7, '屈臣氏即享券300元\r\n', NULL, 6300, ' '),
(1294, 7, '夏慕尼新香榭鉄板燒套餐即享券\r\n', NULL, 22500, ' '),
(1295, 7, 'cama café 中杯經典黑咖啡兌換券\r\n', NULL, 1050, ' '),
(1296, 7, '必勝客BBQ烤雞兌換券\r\n', NULL, 3900, ' '),
(1297, 7, '肯德基8塊炸雞組合兌換券\r\n', NULL, 9700, ' '),
(1298, 7, '肯德基原味蛋撻禮盒(6入)兌換券\r\n', NULL, 4200, ' '),
(1299, 7, '陶板屋和風創作料理套餐即享券\r\n', NULL, 12800, ' '),
(1300, 7, '聚 北海道昆布鍋套餐即享券\r\n', NULL, 9000, ' '),
(1301, 7, '藝奇新日本料理套餐即享券\r\n', NULL, 15000, ' '),
(1302, 7, 'hot 7 新鉄板料理套餐 即享券\r\n', NULL, 7500, ' '),
(1303, 7, '原燒優質原味套餐即享券\r\n', NULL, 14800, ' '),
(1304, 7, '品田牧場元氣套餐即享券\r\n', NULL, 8000, ' '),
(1305, 7, '王品牛排$1485套餐即享券\r\n', NULL, 29500, ' '),
(1306, 7, '舒果新米蘭蔬食$438套餐即享券\r\n', NULL, 9000, ' '),
(1307, 7, 'cama café 中杯經典拿鐵兌換券\r\n', NULL, 1450, ' '),
(1308, 7, 'Häagen-Dazs外帶冰淇淋迷你杯五入\r\n', NULL, 10000, ' '),
(1309, 7, 'Häagen-Dazs品脫兌換券\r\n', NULL, 6500, ' '),
(1310, 7, 'Mister Donut六入甜甜圈兌換券\r\n', NULL, 4500, ' '),
(1311, 7, '天仁喫茶趣ToGo 50元飲品兌換券\r\n', NULL, 1050, ' '),
(1312, 7, '天仁喫茶趣ToGo 70元飲品兌換券\r\n', NULL, 1450, ' '),
(1313, 7, '勝博殿特選商業套餐兌換券\r\n', NULL, 7800, ' '),
(1314, 7, '摩斯漢堡-薑燒珍珠堡套餐\r\n', NULL, 3200, ' '),
(1315, 7, '六福皇宮絲路宴-午晚餐buffet兌換券\r\n', NULL, 28000, ' '),
(1316, 7, '金石堂 300 元抵用券\r\n', NULL, 6800, ' '),
(1317, 7, 'KKBOX 30天音樂無限暢聽兌換券\r\n', NULL, 3200, ' '),
(1318, 7, '行遍天下機場接送服務_小港機場(電子兌換券)\r\n', NULL, 23000, ' '),
(1319, 7, '中華航空哩程兌換\r\n', NULL, 42000, ' '),
(1321, 10, '【E-mail電子票券】台北國賓飯店1F明園自助式吃到飽下午', NULL, 11980, ' '),
(1322, 10, '【E-mail電子票券】汐止遠雄購物中心4F悅來秀廚自助式吃', NULL, 12400, ' '),
(1323, 10, '【E-mail電子票券】六福客棧2F福園自助式吃到飽下午茶餐', NULL, 7980, ' '),
(1324, 10, '【E-mail電子票券】六福客棧2F福園自助式吃到飽午餐券(', NULL, 9980, ' '),
(1325, 10, '【E-mail電子票券】北投老爺酒店歐法輕食下午茶套餐券(假', NULL, 9980, ' '),
(1326, 10, '【E-mail電子票券】北投春天酒店2人泡湯+下午茶套票（旺', NULL, 32000, ' '),
(1327, 10, '【E-mail電子票券】高雄翰品酒店品日式料理2人壽喜燒或刷', NULL, 20400, ' '),
(1328, 10, '【E-mail電子票券】高雄寒軒國際飯店2F茶苑2人自助式下', NULL, 13980, ' '),
(1329, 10, '【E-mail電子票券】礁溪冠翔世紀溫泉會館極上原湯戶外風呂', NULL, 4780, ' '),
(1330, 10, 'Neato Botvac D75自動吸塵器\r\n', NULL, 278000, ' '),
(1331, 10, 'Lightair Solution 空氣清淨機\r\n', NULL, 180000, ' '),
(1332, 10, 'Hamilton Beach 專業級調理機\r\n', NULL, 237600, ' '),
(1333, 10, 'Marpac Dohm-NSF 聲音淨化器\r\n', NULL, 39800, ' '),
(1334, 10, 'Marpac rohm 攜帶式除噪助眠機\r\n', NULL, 24000, ' '),
(1335, 10, 'EVERYBOT 雙渦輪自動拖地機器人 RS500\r\n', NULL, 139800, ' '),
(1336, 10, '【實體票券】新光三越商品禮券500元\r\n', NULL, 11300, ' '),
(1337, 10, '【實體票券】全國加油站汽油提油券200元\r\n', NULL, 5200, ' '),
(1338, 10, '【實體票券】國賓影城電影票一張\r\n', NULL, 6000, ' '),
(1339, 10, '【實體票券】小蒙牛頂級麻辣養生鍋晚餐券(全台)\r\n', NULL, 14800, ' '),
(1340, 10, '【手機簡訊】西堤牛排套餐手機簡訊兌換券\r\n', NULL, 12200, ' '),
(1341, 10, '【手機簡訊】原燒優質原味套餐手機簡訊兌換券\r\n', NULL, 16000, ' '),
(1342, 10, '【手機簡訊】夏慕尼新香榭鐵板燒套餐手機簡訊兌換券\r\n', NULL, 25100, ' '),
(1343, 10, '【手機簡訊】家樂福500元手機簡訊兌換券\r\n', NULL, 11000, ' '),
(1344, 10, '【手機簡訊】遠東太平洋SOGO百貨500元手機簡訊兌換券\r\n', NULL, 11000, ' '),
(1345, 10, '【手機簡訊】統一時代百貨500元手機簡訊抵用券\r\n', NULL, 11000, ' '),
(1346, 10, '【手機簡訊】威秀影城VIP電影票套餐手機簡訊兌換券\r\n', NULL, 9900, ' '),
(1347, 10, '【手機簡訊】cama cafe 大杯經典拿鐵手機簡訊兌換券\r', NULL, 2100, ' '),
(1348, 10, '【手機簡訊】cama cafe 特調咖啡手機簡訊兌換券\r\n', NULL, 1300, ' '),
(1349, 10, '【手機簡訊】Häagen-Dazs冰淇淋蛋糕手機簡訊兌換券\r', NULL, 44000, ' '),
(1350, 10, '【手機簡訊】Häagen-Dazs外帶冰淇淋迷你杯一入手機簡', NULL, 2200, ' '),
(1351, 10, '【手機簡訊】Mister Donut二入甜甜圈手機簡訊兌換券', NULL, 1600, ' '),
(1352, 10, '【手機簡訊】丹堤咖啡原味鬆餅早午餐手機簡訊兌換券\r\n', NULL, 2700, ' '),
(1353, 10, '【手機簡訊】丹堤咖啡熱拿堤咖啡(M)手機簡訊兌換券\r\n', NULL, 1500, ' '),
(1354, 10, '【手機簡訊】必勝客BBQ獨享餐手機簡訊兌換券\r\n', NULL, 3200, ' '),
(1355, 10, '【手機簡訊】必勝客薯星星獨享餐手機簡訊兌換券\r\n', NULL, 2900, ' '),
(1356, 10, '【手機簡訊】必勝客鬆厚大比薩任選手機簡訊兌換券\r\n', NULL, 13200, ' '),
(1357, 10, '【手機簡訊】必勝客歡聚派對套餐C手機簡訊兌換券\r\n', NULL, 12000, ' '),
(1358, 10, '【手機簡訊】必勝客歡聚派對套餐D手機簡訊兌換券\r\n', NULL, 12000, ' '),
(1359, 10, '【手機簡訊】白木屋品愛六吋蛋糕手機簡訊兌換券\r\n', NULL, 13760, ' '),
(1360, 10, '【手機簡訊】吉野家牛丼(大)套餐手機簡訊兌換券\r\n', NULL, 3300, ' '),
(1361, 10, '【手機簡訊】吉野家豚丼(大)套餐手機簡訊兌換券\r\n', NULL, 2780, ' '),
(1362, 10, '【手機簡訊】肯德基咔啦脆雞A套餐手機簡訊兌換券\r\n', NULL, 1700, ' '),
(1363, 10, '【手機簡訊】肯德基原味蛋撻午茶A套餐手機簡訊兌換券\r\n', NULL, 2100, ' '),
(1364, 10, '【手機簡訊】肯德基歡聚餐A手機簡訊兌換券\r\n', NULL, 10500, ' '),
(1365, 10, '【手機簡訊】肯德基歡聚餐E手機簡訊兌換券\r\n', NULL, 6980, ' '),
(1366, 10, '【手機簡訊】摩斯漢堡-C100蜜汁烤雞堡+薯條(L)+冰紅茶', NULL, 3600, ' '),
(1367, 10, '【手機簡訊】六福皇宮Elite Cafe-英式下午茶手機簡訊', NULL, 19780, ' '),
(1368, 10, '【手機簡訊】摩斯漢堡-C93火腿歐姆蛋堡+冰紅茶(L)手機簡', NULL, 1700, ' '),
(1369, 10, '樂扣樂扣 耐熱玻璃保鮮盒730ml\r\n', NULL, 5400, ' '),
(1370, 10, '多功能摺疊桌\r\n', NULL, 9400, ' '),
(1371, 10, '晶工牌 14吋循環電風扇\r\n', NULL, 15000, ' '),
(1372, 10, '日本MATRIC 強效氣旋HEPA吸塵器(手持/直立2用)\r', NULL, 29000, ' '),
(1373, 10, 'AngelSmile私密物旅行收納包\r\n', NULL, 5400, ' '),
(1374, 10, '樂扣樂扣微波烤箱兩用玻璃保鮮盒630ml\r\n', NULL, 5000, ' '),
(1375, 10, '極致工藝6件式陶瓷刀組\r\n', NULL, 14400, ' '),
(1376, 10, '鍋寶 9公升電烤箱\r\n', NULL, 17800, ' '),
(1377, 10, '不鏽鋼8件式刀具組\r\n', NULL, 9800, ' '),
(1378, 10, 'JPOWER 轟天雷藍牙喇叭(1個)\r\n', NULL, 8800, ' '),
(1379, 10, 'America Tiger 星空黑20吋髮絲紋行李箱\r\n', NULL, 19200, ' '),
(1380, 10, 'Maluta瑪露塔 七層複合金316不鏽綱炒鍋(32cm)\r', NULL, 29600, ' '),
(1381, 10, '樂扣樂扣 雙層真空燜燒罐\r\n', NULL, 11800, ' '),
(1382, 10, '日本超大速乾吸水硅藻土地墊\r\n', NULL, 11000, ' '),
(1383, 10, '多功能切蒜磨蒜壓蒜器(2個)\r\n', NULL, 2400, ' '),
(1384, 10, '德國雙人不鏽鋼刨刀\r\n', NULL, 9000, ' '),
(1385, 10, '法國THOMSON 專業負離子護髮油吹風機\r\n', NULL, 17400, ' '),
(1386, 10, 'oserio歐瑟若 時尚多彩體脂計(1台)\r\n', NULL, 25000, ' '),
(1387, 10, '第二代 手壓式淨巧拖(一拖二布)\r\n', NULL, 11400, ' '),
(1388, 10, '萬用廚神砧板剪刀\r\n', NULL, 3800, ' '),
(1389, 10, '矽膠腳跟保護套(1雙)\r\n', NULL, 2800, ' '),
(1390, 10, '粉彩生活 防塵收納大衣櫥(粉紅點點)\r\n', NULL, 13800, ' '),
(1391, 10, 'TravelFox旅狐 歐格納側背包\r\n', NULL, 13000, ' '),
(1392, 10, 'micHealth 雙功能行李秤\r\n', NULL, 9000, ' '),
(1393, 10, '美甲拋光護理 三合一電動美甲器\r\n', NULL, 4200, ' '),
(1394, 10, '妙管家泡茶壺\r\n', NULL, 6400, ' '),
(1395, 10, '冰箱保鮮抽屜式收納置物架(2個)\r\n', NULL, 4800, ' '),
(1396, 10, 'USB電動磨腳皮去角質機\r\n', NULL, 5000, ' '),
(1397, 10, '粉彩生活 防塵收納大衣櫥(咖啡格紋)\r\n', NULL, 13800, ' '),
(1398, 10, '5.5吋大手機 卡片零錢包\r\n', NULL, 5000, ' '),
(1399, 10, '【實體票券】金車伯朗咖啡館咖啡券一本10張(巿價1300元)', NULL, 19200, ' '),
(1400, 10, '【實體票券】7-11現金禮券100元\r\n', NULL, 2990, ' '),
(1401, 10, '【實體票券】威秀影城電影優惠票\r\n', NULL, 5800, ' '),
(1402, 10, '【電子票券-通用券】高雄商旅Urban Café 都會美饌主', NULL, 12600, ' '),
(1403, 10, '【電子票券】北投大地酒店2F奇岩一號中餐廳2人川湘料理分享套', NULL, 24800, ' '),
(1404, 10, '【電子票券】台東知本老爺酒店歌船午間義式套餐+泡湯(大眾湯或', NULL, 12980, ' '),
(1405, 10, '【電子票券】台中裕元酒店1F玫瑰烘焙坊2人英式下午茶餐券假日', NULL, 12600, ' '),
(1406, 10, '【手機簡訊】7-ELEVEN 100元購物金\r\n', NULL, 2600, ' '),
(1407, 10, '【手機簡訊】全家100元商品兌換券\r\n', NULL, 2600, ' '),
(1408, 10, '歌林3D鑽石微雕美體儀\r\n', NULL, 10500, ' '),
(1409, 10, '新格6公升電烤箱\r\n', NULL, 13800, ' '),
(1410, 10, '韓國NEOFLAM 雙層便當盒(1入)\r\n', NULL, 7900, ' '),
(1411, 10, '牛頭牌新小牛調理鍋(22cm)\r\n', NULL, 19000, ' '),
(1412, 10, '聲寶烤土司三明治機(1入)\r\n', NULL, 15900, ' '),
(1413, 10, '歌林雙層防燙不鏽鋼多功能美食鍋\r\n', NULL, 18600, ' '),
(1414, 10, '日本伊瑪三合一活力點心鬆餅機\r\n', NULL, 17300, ' '),
(1415, 10, '上豪10人份烘碗機\r\n', NULL, 23000, ' '),
(1416, 10, '東元14吋DC直流馬達立扇\r\n', NULL, 32000, ' '),
(1417, 10, '聲寶電動鼻毛刀\r\n', NULL, 5900, ' '),
(1418, 10, '勳風加熱式六滾輪氣泡按摩足浴機\r\n', NULL, 31000, ' '),
(1419, 10, '歌林空氣清淨機\r\n', NULL, 20000, ' '),
(1420, 10, '歌林雙層防燙不鏽鋼電茶壺\r\n', NULL, 15600, ' '),
(1421, 10, '牛頭牌粉彩隔熱杯碗(1入)\r\n', NULL, 6000, ' '),
(1422, 10, '牛頭牌雅登便當盒\r\n', NULL, 9600, ' '),
(1423, 10, '美學鋼骨收納箱66L(1入)\r\n', NULL, 7200, ' '),
(1424, 10, '妙管家免電池體重計\r\n', NULL, 17000, ' '),
(1425, 10, '勳風9吋空氣循環扇\r\n', NULL, 11500, ' '),
(1426, 10, 'Le Surce 法國兔野餐籃\r\n', NULL, 7800, ' '),
(1427, 10, '村上304不鏽鋼美食鍋\r\n', NULL, 11000, ' '),
(1428, 10, '牛頭牌新小牛雪平鍋(20cm)\r\n', NULL, 11400, ' '),
(1429, 10, '聲寶12人份滴漏式咖啡機\r\n', NULL, 10800, ' '),
(1430, 10, 'RECONA日式二入雙喜鍋組\r\n', NULL, 13600, ' '),
(1431, 10, '橘子工坊濃縮洗衣精(1瓶)\r\n', NULL, 7000, ' '),
(1432, 10, '橘子工坊碗盤洗滌液(2入)\r\n', NULL, 8000, ' '),
(1433, 10, '五月花抽取式衛生紙(一箱)\r\n', NULL, 12000, ' '),
(1434, 10, 'unicormu時尚20吋ABS行李箱\r\n', NULL, 13700, ' '),
(1435, 10, '牛頭牌小牛4.6L廣口壺\r\n', NULL, 15600, ' '),
(1436, 10, '雙層不鏽鋼碗盤瀝水架\r\n', NULL, 17760, ' '),
(1437, 10, '法國樂美雅PUREBOX玻璃保鮮盒組\r\n', NULL, 8000, ' '),
(1438, 10, 'AURORA 震旦6張碎斷式碎紙機\r\n', NULL, 21000, ' '),
(1439, 10, 'KUMAMON 316不鏽鋼悶燒罐\r\n', NULL, 9000, ' '),
(1440, 10, '路易王子碳鋼 36cm單把炒鍋\r\n', NULL, 15200, ' '),
(1441, 10, '沙宣1300W陶瓷摺疊吹風機\r\n', NULL, 18000, ' '),
(1442, 10, '歌林觸控式不挑鍋黑晶電陶爐\r\n', NULL, 26600, ' '),
(1443, 10, '勳風智慧型LED雙層玻璃電茶壺\r\n', NULL, 20200, ' '),
(1444, 10, '大家源隨行杯果汁機\r\n', NULL, 12200, ' '),
(1445, 10, '法國樂美雅耐熱透明燉煮鍋組(3.8L)\r\n', NULL, 26000, ' '),
(1446, 10, '妙管家不鏽鋼輕巧瓦斯爐\r\n', NULL, 15600, ' '),
(1447, 10, '鋁合金可調整伸縮手杖\r\n', NULL, 8400, ' '),
(1448, 10, 'Olitalia奧利塔純橄欖油禮盒組\r\n', NULL, 10000, ' '),
(1449, 10, '歌林充電式三刀頭電鬍刀\r\n', NULL, 13000, ' '),
(1450, 10, 'Kolin歌林 眼部按摩器\r\n', NULL, 5500, ' '),
(1451, 10, '日本CASIO卡西歐 50米防水錶\r\n', NULL, 15300, ' '),
(1452, 10, 'SGS認證 316不鏽鋼環保吸管(5件組)\r\n', NULL, 3700, ' '),
(1453, 10, '日本MATRIC 收納攪拌機\r\n', NULL, 14400, ' '),
(1454, 10, 'Neato Botvac D5 Wifi 支援 自動吸塵器\r', NULL, 360000, ' '),
(1455, 10, 'Bissell 25V 多功能二合一無線吸塵器1311H\r\n', NULL, 150000, ' ');

-- --------------------------------------------------------

--
-- Table structure for table `Card`
--

CREATE TABLE `Card` (
  `C_Num` int(10) NOT NULL,
  `B_Num` int(10) NOT NULL,
  `C_Name` varchar(30) COLLATE utf8_unicode_ci NOT NULL,
  `C_Info` varchar(40) COLLATE utf8_unicode_ci NOT NULL
) ENGINE=InnoDB DEFAULT CHARSET=utf8 COLLATE=utf8_unicode_ci;

--
-- Dumping data for table `Card`
--

INSERT INTO `Card` (`C_Num`, `B_Num`, `C_Name`, `C_Info`) VALUES
(1400, 3, 'MoneyBack悠遊聯名御璽卡', 'NULL'),
(1401, 3, '現金回饋御璽卡', 'NULL'),
(1402, 3, '現金回饋鈦金卡', 'NULL'),
(1403, 4, '花旗現金回饋無限卡', 'NULL'),
(1404, 4, '花旗現金回饋御璽卡', 'NULL'),
(1405, 4, '花旗現金回饋白金卡', 'NULL'),
(1406, 4, '花旗現金回饋白金卡', 'NULL'),
(1407, 4, '超級紅利回饋御璽卡', 'NULL'),
(1408, 4, '超級紅利回饋白金卡', 'NULL'),
(1409, 4, '超級紅利回饋卡', 'NULL'),
(1410, 4, '超級紅利回饋卡', 'NULL'),
(1411, 4, '寰旅世界卡', 'NULL'),
(1412, 4, '饗樂生活御璽卡', 'NULL'),
(1413, 4, '饗樂生活白金卡', 'NULL'),
(1414, 5, '幸福御守御璽卡－紫', 'NULL'),
(1415, 5, '幸福御守卡－粉', 'NULL'),
(1416, 5, '幸福御守卡－粉', 'NULL'),
(1417, 5, '幸福御守卡－粉', 'NULL'),
(1418, 5, '理財型白金卡', 'NULL'),
(1419, 5, '理財型白金卡', 'NULL'),
(1420, 5, '全國加油聯名卡', 'NULL'),
(1421, 5, '全國加油聯名卡', 'NULL'),
(1422, 5, '法拉利無限卡', 'NULL'),
(1423, 6, '現金回饋卡', 'NULL'),
(1424, 6, '現金回饋卡', 'NULL'),
(1425, 6, '飛行白金卡', 'NULL'),
(1426, 6, '飛行御璽卡', 'NULL'),
(1427, 6, 'Shop & Dine點金白金卡', 'NULL'),
(1428, 6, 'Shop & Dine點金白金卡', 'NULL'),
(1429, 7, '數位生活御璽卡', 'NULL'),
(1430, 7, '數位生活白金卡', 'NULL'),
(1431, 7, '數位生活鈦金卡', 'NULL'),
(1432, 7, '數位生活白金卡', 'NULL'),
(1433, 7, '數位生活晶緻卡', 'NULL'),
(1434, 7, '數位生活白金卡', 'NULL'),
(1435, 7, '數位生活LINE FRIENDS卡', 'NULL'),
(1436, 7, '數位生活LINE FRIENDS卡', 'NULL'),
(1437, 7, '數位生活LINE FRIENDS卡', 'NULL'),
(1438, 7, '數位生活LINE FRIENDS卡', 'NULL'),
(1439, 7, '富利生活系列卡', 'NULL'),
(1440, 7, '鈦金卡', 'NULL'),
(1441, 8, '麗寶悠遊聯名卡', 'NULL'),
(1442, 8, '麗寶悠遊聯名卡', 'NULL'),
(1443, 8, '麗寶悠遊聯名卡', 'NULL'),
(1444, 8, 'iCash聯名卡', 'NULL'),
(1445, 8, 'iCash聯名卡', 'NULL'),
(1446, 8, '商務御璽卡', 'NULL'),
(1447, 8, '御璽卡', 'NULL'),
(1448, 8, '統一時代聯名卡', 'NULL'),
(1449, 8, '台灣黑熊認同卡', 'NULL'),
(1450, 8, '台灣黑熊認同卡', 'NULL'),
(1451, 8, '悠遊聯名卡', 'NULL'),
(1452, 8, '悠遊聯名卡', 'NULL'),
(1453, 8, '悠遊聯名卡', 'NULL'),
(1454, 8, '悠遊聯名卡', 'NULL'),
(1455, 8, '悠遊聯名卡', 'NULL'),
(1456, 8, '悠遊聯名卡', 'NULL'),
(1457, 8, '悠遊聯名卡', 'NULL'),
(1458, 8, '悠遊聯名卡', 'NULL'),
(1459, 8, '山隆優油卡', 'NULL'),
(1460, 8, '山隆優油卡', 'NULL'),
(1461, 8, '山隆優油卡', 'NULL'),
(1462, 8, 'eTag悠遊聯名卡', 'NULL'),
(1463, 8, 'eTag悠遊聯名卡', 'NULL'),
(1464, 8, 'eTag悠遊聯名卡', 'NULL'),
(1465, 9, '享想生活卡', 'NULL'),
(1466, 9, '大中華攜手飛聯名卡', 'NULL'),
(1467, 9, '大中華攜手飛聯名卡', 'NULL'),
(1468, 9, '大中華攜手飛聯名卡', 'NULL'),
(1469, 9, 'ANA聯名卡', 'NULL'),
(1470, 9, 'ANA聯名卡', 'NULL'),
(1471, 9, 'ANA聯名卡', 'NULL'),
(1472, 9, 'ANA聯名卡', 'NULL'),
(1473, 9, 'ANA聯名卡', 'NULL'),
(1474, 9, '酷玩icash聯名卡', 'NULL'),
(1475, 9, '中油VIP感應聯名卡', 'NULL'),
(1476, 9, '中油VIP感應聯名卡', 'NULL'),
(1477, 9, '中油VIP感應聯名卡', 'NULL'),
(1478, 9, '中油VIP感應聯名卡', 'NULL'),
(1479, 9, '中油VIP感應聯名卡', 'NULL'),
(1480, 9, '中油VIP感應聯名卡', 'NULL'),
(1481, 9, '中油VIP感應聯名卡', 'NULL'),
(1482, 9, '中油VIP感應聯名卡', 'NULL'),
(1483, 9, '中油VIP感應聯名卡', 'NULL'),
(1484, 9, '中油VIP感應聯名卡', 'NULL'),
(1485, 9, '中油VIP感應聯名卡', 'NULL'),
(1486, 9, 'LINE Pay信用卡', 'NULL'),
(1487, 9, '商務卡', 'NULL'),
(1488, 9, '簽帳金融卡', 'NULL'),
(1489, 9, '簽帳金融卡', 'NULL'),
(1490, 9, '鼎極無限卡', 'NULL'),
(1491, 10, 'Prestige卡', 'NULL'),
(1492, 10, '商務御璽卡', 'NULL'),
(1493, 10, '保倍卡', 'NULL'),
(1494, 10, 'Me Card', 'NULL'),
(1495, 10, 'Me Card', 'NULL'),
(1496, 10, 'Me Card', 'NULL'),
(1497, 11, '現金回饋御璽卡', 'NULL'),
(1498, 11, '鈦金商務卡', 'NULL'),
(1499, 11, '長榮航空聯名卡', 'NULL'),
(1500, 11, '長榮航空聯名卡', 'NULL'),
(1501, 11, '長榮航空聯名卡', 'NULL'),
(1502, 11, '長榮航空聯名卡', 'NULL'),
(1503, 11, '亞洲萬里通聯名卡', 'NULL'),
(1504, 11, '亞洲萬里通聯名卡', 'NULL'),
(1505, 11, '亞洲萬里通聯名卡', 'NULL'),
(1506, 11, 'PLAY(COMBO)悠遊聯名卡', 'NULL'),
(1507, 11, 'PLAY(COMBO)悠遊聯名卡', 'NULL'),
(1508, 11, 'PLAY(COMBO)悠遊聯名卡', 'NULL'),
(1509, 11, 'PLAY(COMBO)悠遊聯名卡', 'NULL'),
(1510, 11, '台塑聯名卡', 'NULL'),
(1511, 11, '台塑聯名卡', 'NULL'),
(1512, 11, 'Costco聯名卡', 'NULL'),
(1513, 11, 'Costco聯名卡', 'NULL'),
(1514, 11, 'Costco聯名卡', 'NULL'),
(1515, 11, 'eTag聯名卡', 'NULL'),
(1516, 11, 'eTag聯名卡', 'NULL'),
(1517, 12, '現賺御璽卡', 'NULL'),
(1518, 12, 'iPASS現賺御璽卡', 'NULL'),
(1519, 12, 'icash樂享晶緻卡', 'NULL'),
(1520, 13, '現金回饋御璽卡', 'NULL'),
(1521, 14, '超級現金回饋卡', 'NULL'),
(1522, 14, '超級現金回饋卡', 'NULL'),
(1523, 14, '超級現金回饋卡', 'NULL'),
(1524, 14, 'icash聯名卡', 'NULL'),
(1525, 14, 'icash聯名卡', 'NULL'),
(1526, 14, 'Love晶緻悠遊聯名卡－寵愛紅卡', 'NULL'),
(1527, 14, 'Love晶緻悠遊聯名卡－酷愛黑卡', 'NULL'),
(1528, 14, '夢時代聯名卡', 'NULL'),
(1529, 14, '夢時代聯名卡', 'NULL'),
(1530, 14, 'OPENPOINT超級點數聯名卡', 'NULL'),
(1531, 14, 'OPENPOINT超級點數聯名卡', 'NULL'),
(1532, 14, '旅鑽個人商務信用卡', 'NULL'),
(1533, 14, '旅鑽個人商務信用卡', 'NULL'),
(1534, 14, '旅鑽個人商務信用卡', 'NULL'),
(1535, 14, '旅鑽個人商務信用卡', 'NULL'),
(1536, 14, '大甲媽祖鈦金認同卡', 'NULL'),
(1537, 14, '大甲媽祖悠遊認同卡', 'NULL'),
(1538, 15, 'icash聯名卡', 'NULL'),
(1539, 15, '由你分期卡', 'NULL'),
(1540, 15, '由你分期卡', 'NULL'),
(1541, 16, '現金回饋商務御璽卡', 'NULL'),
(1542, 17, '@GOGO悠遊御璽卡', 'NULL'),
(1543, 17, '太陽悠遊鈦金卡', 'NULL'),
(1544, 17, '玫瑰悠遊御璽卡', 'NULL'),
(1545, 17, '全家FISH悠遊聯名卡', 'NULL'),
(1546, 17, '全家FISH悠遊聯名卡', 'NULL'),
(1547, 17, '全家FISH悠遊聯名卡', 'NULL'),
(1548, 17, '美元雙幣卡', 'NULL'),
(1549, 17, '日圓雙幣卡', 'NULL'),
(1550, 17, '歐元雙幣卡', 'NULL'),
(1551, 17, '昇恆昌無限卡', 'NULL'),
(1552, 17, '新光三越聯名卡', 'NULL'),
(1553, 17, '新光三越聯名卡', 'NULL'),
(1554, 17, '新光三越聯名卡', 'NULL'),
(1555, 18, '一卡通聯名晶緻卡', 'NULL'),
(1556, 19, '利多御璽商旅卡', 'NULL'),
(1557, 19, '悠遊聯名卡', 'NULL'),
(1558, 19, '悠遊聯名卡', 'NULL'),
(1559, 19, '悠遊聯名卡', 'NULL'),
(1560, 20, '快樂信用卡', 'NULL'),
(1561, 20, '快樂信用卡', 'NULL'),
(1562, 20, '飲食男女聯名卡', 'NULL'),
(1563, 20, '飲食男女聯名卡', 'NULL'),
(1564, 20, 'C\'est Moi我的卡', 'NULL'),
(1565, 20, 'C\'est Moi我的卡', 'NULL'),
(1566, 20, 'C\'est Moi我的卡', 'NULL'),
(1567, 21, '寰宇現金回饋卡', 'NULL'),
(1568, 21, '寰宇現金回饋卡', 'NULL'),
(1569, 21, '悠遊聯名卡', 'NULL'),
(1570, 21, '悠遊聯名卡', 'NULL'),
(1571, 21, '悠遊聯名卡', 'NULL'),
(1572, 22, '國泰航空信用卡', 'NULL'),
(1573, 22, '國泰航空尊尚信用卡', 'NULL'),
(1574, 23, '現金回饋御璽卡', 'NULL'),
(1575, 23, '現金回饋白金卡', 'NULL'),
(1576, 23, '中華航空無限卡', 'NULL'),
(1577, 23, '中華航空御璽卡', 'NULL'),
(1578, 23, '中華航空白金卡', 'NULL'),
(1579, 24, '鑽金卡', 'NULL'),
(1580, 24, '鑽金卡', 'NULL'),
(1581, 24, '鑽金一卡通聯名卡', 'NULL'),
(1582, 24, '鑽金icash聯名卡', 'NULL'),
(1583, 24, '鑽金icash聯名卡', 'NULL'),
(1584, 24, '鑽金icash聯名卡', 'NULL'),
(1585, 24, '新世代卡', 'NULL'),
(1586, 24, '台灣霹靂卡', 'NULL'),
(1587, 25, 'VISA一卡通御璽卡  ', 'NULL'),
(1588, 25, 'JCB一卡通晶緻卡', 'NULL'),
(1589, 26, '哆啦A夢卡', 'NULL'),
(1590, 27, '世界卡', 'NULL'),
(1591, 28, '無限卡', 'NULL'),
(1592, 29, '樂天信用卡', 'NULL'),
(1593, 29, '樂天信用卡', 'NULL'),
(1594, 29, '樂天信用卡', 'NULL'),
(1595, 8, '統一時代iCash聯名卡', 'NULL'),
(1596, 8, '統一時代悠遊聯名卡', 'NULL'),
(1597, 8, '統一時代悠遊聯名卡', 'NULL'),
(1598, 9, '鼎極極緻卡', 'NULL'),
(1599, 9, '鼎極世界卡', 'NULL'),
(1600, 16, '利倍白金卡', 'NULL'),
(1601, 16, '利倍普卡', 'NULL'),
(1602, 9, 'ANA極緻聯名卡', 'NULL'),
(1603, 9, 'ANA晶緻聯名卡', 'NULL'),
(1604, 9, 'ANA商務御璽卡', 'NULL'),
(1605, 9, 'ANA御璽卡', 'NULL'),
(1606, 9, 'ANA白金聯名卡', 'NULL'),
(1607, 9, 'LINE Pay鼎極無限卡', 'NULL'),
(1608, 8, '家樂福icash聯名卡', 'NULL'),
(1609, 17, '三商美邦人壽聯名卡', 'NULL'),
(1610, 14, 'HappyCash & HAPPY GO聯名卡－愛戀紅', 'NULL'),
(1611, 14, 'HappyCash & HAPPY GO聯名卡－爵愛黑', 'NULL'),
(1612, 14, 'HappyCash & HAPPY GO聯名卡－超級現金回饋', 'NULL');

-- --------------------------------------------------------

--
-- Table structure for table `Discount`
--

CREATE TABLE `Discount` (
  `D_Num` int(10) NOT NULL,
  `C_Num` int(10) NOT NULL,
  `D_Type` varchar(20) COLLATE utf8_unicode_ci NOT NULL,
  `D_Title` varchar(20) COLLATE utf8_unicode_ci NOT NULL,
  `D_Content` varchar(40) COLLATE utf8_unicode_ci NOT NULL
) ENGINE=InnoDB DEFAULT CHARSET=utf8 COLLATE=utf8_unicode_ci;

--
-- Dumping data for table `Discount`
--

INSERT INTO `Discount` (`D_Num`, `C_Num`, `D_Type`, `D_Title`, `D_Content`) VALUES
(1, 1400, 'eatingScore', 'TOSCANA義大利餐廳 ', ' 下午茶二人同行每人享優惠NT$560起'),
(2, 1400, 'eatingScore', '八方燴西餐廳 ', ' 下午茶二人同行每人享優惠NT$475起'),
(3, 1400, 'eatingScore', '漢來海港餐廳台中店 ', ' 下午茶二人同行每人享優惠NT$500起'),
(4, 1400, 'movieScore', '板橋秀泰影城 ', ' 二人同行每人享優惠NT$215起'),
(5, 1400, 'movieScore', '今日秀泰影城 ', ' 二人同行每人享優惠NT$215起'),
(6, 1400, 'movieScore', '欣欣秀泰影城 ', ' 二人同行每人享優惠NT$215起'),
(7, 1400, 'insuranceScore', '新北翰品酒店 ', ' 二人入住享雅緻客房優惠價NT$2,900'),
(8, 1400, 'insuranceScore', '桃園翰品酒店 ', ' 二人入住享雅緻客房優惠價NT$2,600'),
(9, 1400, 'insuranceScore', '新竹芙洛麗大飯店 ', ' 二人入住享自由客房優惠價NT$3,250'),
(10, 1400, 'shoppingScore', 'Marui Imai ', ' 刷卡消費滿日幣50,000元可獲贈價值日幣1,000元的三越伊勢丹集團禮券'),
(11, 1400, 'shoppingScore', 'Premium Outlets ', ' 刷卡消費滿日幣40,000元即可獲贈禮品'),
(12, 1400, 'shoppingScore', 'Kojima ', ' 單日刷卡消費滿日幣5,264元享95折優惠'),
(13, 1400, 'mileageScore', '大陸包車王 ', ' 包車獨享85折優惠'),
(14, 1400, 'mileageScore', '肯驛國際 ', ' 大台北機場接送享優惠價NT$480起 '),
(15, 1401, 'eatingScore', 'TOSCANA義大利餐廳 ', ' 下午茶二人同行每人享優惠NT$560起'),
(16, 1401, 'eatingScore', '八方燴西餐廳 ', ' 下午茶二人同行每人享優惠NT$475起'),
(17, 1401, 'eatingScore', '漢來海港餐廳台中店 ', ' 下午茶二人同行每人享優惠NT$500起'),
(18, 1401, 'movieScore', '板橋秀泰影城 ', ' 二人同行每人享優惠NT$215起'),
(19, 1401, 'movieScore', '今日秀泰影城 ', ' 二人同行每人享優惠NT$215起'),
(20, 1401, 'movieScore', '欣欣秀泰影城 ', ' 二人同行每人享優惠NT$215起'),
(21, 1401, 'insuranceScore', '新北翰品酒店 ', ' 二人入住享雅緻客房優惠價NT$2,900'),
(22, 1401, 'insuranceScore', '桃園翰品酒店 ', ' 二人入住享雅緻客房優惠價NT$2,600'),
(23, 1401, 'insuranceScore', '新竹芙洛麗大飯店 ', ' 二人入住享自由客房優惠價NT$3,250'),
(24, 1401, 'shoppingScore', 'Marui Imai ', ' 刷卡消費滿日幣50,000元可獲贈價值日幣1,000元的三越伊勢丹集團禮券'),
(25, 1401, 'shoppingScore', 'Premium Outlets ', ' 刷卡消費滿日幣40,000元即可獲贈禮品'),
(26, 1401, 'shoppingScore', 'Kojima ', ' 單日刷卡消費滿日幣5,264元享95折優惠'),
(27, 1401, 'mileageScore', '大陸包車王 ', ' 包車獨享85折優惠'),
(28, 1401, 'mileageScore', '肯驛國際 ', ' 大台北機場接送享優惠價NT$480起 '),
(29, 1402, 'insuranceScore', '六福村主題遊樂園 ', ' 享樂園入園門票買一送一'),
(30, 1402, 'insuranceScore', '義大遊樂世界 ', ' 二張門票享優惠價'),
(31, 1402, 'insuranceScore', '雄獅旅遊 ', ' 雄獅旅遊【日本嚴選】主題行程全館折新台幣2,000元'),
(32, 1402, 'mileageScore', 'TMS全鋒事業 ', ' 台灣地區國際機場接送新台幣588元起'),
(33, 1402, 'mileageScore', '中國東方航空 ', ' 買指定航線、指定艙等之單程或來回機票，即可享有機票最高9折禮遇'),
(34, 1402, 'otherScore', '台中高爾夫球場 ', ' 平日優惠價新台幣2,300元，假日優惠價新台幣2,700元'),
(35, 1402, 'otherScore', '老爺關西高爾夫球場 ', ' 平日優惠價新台幣2,790元，假日優惠價新台幣3,450元'),
(36, 1402, 'otherScore', '高雄高爾夫球場(澄清湖) ', ' 平日優惠價新台幣1,920元，假日優惠價新台幣2,915元'),
(37, 1403, 'eatingScore', 'TOSCANA義大利餐廳 ', ' 下午茶二人同行每人享優惠NT$560起'),
(38, 1403, 'eatingScore', '八方燴西餐廳 ', ' 下午茶二人同行每人享優惠NT$475起'),
(39, 1403, 'eatingScore', '漢來海港餐廳台中店 ', ' 下午茶二人同行每人享優惠NT$500起'),
(40, 1403, 'movieScore', '板橋秀泰影城 ', ' 二人同行每人享優惠NT$215起'),
(41, 1403, 'movieScore', '今日秀泰影城 ', ' 二人同行每人享優惠NT$215起'),
(42, 1403, 'movieScore', '欣欣秀泰影城 ', ' 二人同行每人享優惠NT$215起'),
(43, 1403, 'insuranceScore', '新北翰品酒店 ', ' 二人入住享雅緻客房優惠價NT$2,900'),
(44, 1403, 'insuranceScore', '桃園翰品酒店 ', ' 二人入住享雅緻客房優惠價NT$2,600'),
(45, 1403, 'insuranceScore', '新竹芙洛麗大飯店 ', ' 二人入住享自由客房優惠價NT$3,250'),
(46, 1403, 'shoppingScore', 'Marui Imai ', ' 刷卡消費滿日幣50,000元可獲贈價值日幣1,000元的三越伊勢丹集團禮券'),
(47, 1403, 'shoppingScore', 'Premium Outlets ', ' 刷卡消費滿日幣40,000元即可獲贈禮品'),
(48, 1403, 'shoppingScore', 'Kojima ', ' 單日刷卡消費滿日幣5,264元享95折優惠'),
(49, 1403, 'bonusScore', '聚北海道昆布鍋 ', ' 當日消費金額滿$1,000，可現金紅利進行消費購物折抵，最高可達20%'),
(50, 1403, 'bonusScore', '藝奇 ', ' 當日消費金額滿$1,000，可現金紅利進行消費購物折抵，最高可達20%'),
(51, 1403, 'bonusScore', '品田牧場 ', ' 當日消費金額滿$1,000，可現金紅利進行消費購物折抵，最高可達20%'),
(52, 1403, 'mileageScore', '大陸包車王 ', ' 包車獨享85折優惠'),
(53, 1403, 'mileageScore', '肯驛國際 ', ' 大台北機場接送享優惠價NT$480起 '),
(54, 1403, 'mileageScore', '肯驛國際 ', ' 享台北至桃園國際機場接送NT$380起'),
(55, 1404, 'eatingScore', 'TOSCANA義大利餐廳 ', ' 下午茶二人同行每人享優惠NT$560起'),
(56, 1404, 'eatingScore', '八方燴西餐廳 ', ' 下午茶二人同行每人享優惠NT$475起'),
(57, 1404, 'eatingScore', '漢來海港餐廳台中店 ', ' 下午茶二人同行每人享優惠NT$500起'),
(58, 1404, 'movieScore', '板橋秀泰影城 ', ' 二人同行每人享優惠NT$215起'),
(59, 1404, 'movieScore', '今日秀泰影城 ', ' 二人同行每人享優惠NT$215起'),
(60, 1404, 'movieScore', '欣欣秀泰影城 ', ' 二人同行每人享優惠NT$215起'),
(61, 1404, 'insuranceScore', '新北翰品酒店 ', ' 二人入住享雅緻客房優惠價NT$2,900'),
(62, 1404, 'insuranceScore', '桃園翰品酒店 ', ' 二人入住享雅緻客房優惠價NT$2,600'),
(63, 1404, 'insuranceScore', '新竹芙洛麗大飯店 ', ' 二人入住享自由客房優惠價NT$3,250'),
(64, 1404, 'shoppingScore', 'Marui Imai ', ' 刷卡消費滿日幣50,000元可獲贈價值日幣1,000元的三越伊勢丹集團禮券'),
(65, 1404, 'shoppingScore', 'Premium Outlets ', ' 刷卡消費滿日幣40,000元即可獲贈禮品'),
(66, 1404, 'shoppingScore', 'Kojima ', ' 單日刷卡消費滿日幣5,264元享95折優惠'),
(67, 1404, 'bonusScore', '聚北海道昆布鍋 ', ' 當日消費金額滿$1,000，可現金紅利進行消費購物折抵，最高可達20%'),
(68, 1404, 'bonusScore', '藝奇 ', ' 當日消費金額滿$1,000，可現金紅利進行消費購物折抵，最高可達20%'),
(69, 1404, 'bonusScore', '品田牧場 ', ' 當日消費金額滿$1,000，可現金紅利進行消費購物折抵，最高可達20%'),
(70, 1404, 'mileageScore', '大陸包車王 ', ' 包車獨享85折優惠'),
(71, 1404, 'mileageScore', '肯驛國際 ', ' 大台北機場接送享優惠價NT$480起 '),
(72, 1404, 'mileageScore', '肯驛國際 ', ' 享台北至桃園國際機場接送NT$588起'),
(73, 1405, 'eatingScore', 'TOSCANA義大利餐廳 ', ' 週一至週五二人同行持卡人享下午茶68折優惠'),
(74, 1405, 'eatingScore', '玫瑰烘焙坊 ', ' 週一至週五二人同行持卡人享下午茶68折優惠'),
(75, 1405, 'eatingScore', 'i River愛河牛排海鮮自助餐廳 ', ' 週一至週五二人同行持卡人享下午茶68折優惠'),
(76, 1405, 'movieScore', '板橋秀泰影城 ', ' 持卡人於樂活網刷卡購票可享66折優惠'),
(77, 1405, 'movieScore', '今日秀泰影城 ', ' 持卡人於樂活網刷卡購票可享66折優惠'),
(78, 1405, 'movieScore', '欣欣秀泰影城 ', ' 持卡人於樂活網刷卡購票可享66折優惠'),
(79, 1405, 'insuranceScore', 'Zani Viaggi ', ' 所有購物團享9折優惠'),
(80, 1405, 'insuranceScore', 'Zani Viaggi ', ' 一日遊觀光團享9折優惠'),
(81, 1405, 'insuranceScore', 'Zani Viaggi ', ' 所有米蘭城市觀光團享9折優惠'),
(82, 1405, 'shoppingScore', 'Marui Imai ', ' 刷卡消費滿日幣50,000元可獲贈價值日幣1,000元的三越伊勢丹集團禮券'),
(83, 1405, 'shoppingScore', 'Premium Outlets ', ' 刷卡消費滿日幣40,000元即可獲贈禮品'),
(84, 1405, 'shoppingScore', 'Kojima ', ' 單日刷卡消費滿日幣5,264元享95折優惠'),
(85, 1405, 'cashBackScore', '聚北海道昆布鍋 ', ' 當日消費金額滿$1,000，可現金紅利進行消費購物折抵，最高可達20%'),
(86, 1405, 'cashBackScore', '藝奇 ', ' 當日消費金額滿$1,000，可現金紅利進行消費購物折抵，最高可達20%'),
(87, 1405, 'cashBackScore', '品田牧場 ', ' 當日消費金額滿$1,000，可現金紅利進行消費購物折抵，最高可達20%'),
(88, 1405, 'mileageScore', '大陸包車王 ', ' 包車獨享85折優惠'),
(89, 1405, 'mileageScore', '肯驛國際 ', ' 享台北至桃園國際機場接送NT$799起'),
(90, 1406, 'insuranceScore', 'BESPOQE威尼斯漫遊 ', ' 飯店房間升等'),
(91, 1406, 'insuranceScore', '逸寬文旅大安館 ', ' 入住享優惠價每晚新台幣5,000元+10%服務費'),
(92, 1406, 'insuranceScore', '逸寬文旅信義館 ', ' 入住享優惠價每晚新台幣5,000元+11%服務費'),
(93, 1406, 'mileageScore', 'TMS全鋒事業 ', ' 台灣地區國際機場接送新台幣788元起'),
(94, 1406, 'mileageScore', '中國東方航空 ', ' 買指定航線、指定艙等之單程或來回機票，即可享有機票最高9折禮遇'),
(95, 1406, 'mileageScore', '宜泊資訊科技 ', ' 機場代泊享85折'),
(96, 1406, 'otherScore', '澄清醫院柏忕健康管理中心 ', ' 健康腸在專案價新台幣22,500元'),
(97, 1406, 'otherScore', 'ANTI-AGING LIFE CENT', ' 購買任何 TheraSpa 療程皆可享有8折優惠'),
(98, 1406, 'otherScore', '北京嘉裡大酒店 ', ' 健身享年度會員9折優惠'),
(99, 1407, 'eatingScore', 'TOSCANA義大利餐廳 ', ' 下午茶二人同行每人享優惠NT$560起'),
(100, 1407, 'eatingScore', '八方燴西餐廳 ', ' 下午茶二人同行每人享優惠NT$475起'),
(101, 1407, 'eatingScore', '漢來海港餐廳台中店 ', ' 下午茶二人同行每人享優惠NT$500起'),
(102, 1407, 'movieScore', '板橋秀泰影城 ', ' 二人同行每人享優惠NT$215起'),
(103, 1407, 'movieScore', '今日秀泰影城 ', ' 二人同行每人享優惠NT$215起'),
(104, 1407, 'movieScore', '欣欣秀泰影城 ', ' 二人同行每人享優惠NT$215起'),
(105, 1407, 'insuranceScore', '新北翰品酒店 ', ' 二人入住享雅緻客房優惠價NT$2,900'),
(106, 1407, 'insuranceScore', '桃園翰品酒店 ', ' 二人入住享雅緻客房優惠價NT$2,600'),
(107, 1407, 'insuranceScore', '新竹芙洛麗大飯店 ', ' 二人入住享自由客房優惠價NT$3,250'),
(108, 1407, 'shoppingScore', 'Marui Imai ', ' 刷卡消費滿日幣50,000元可獲贈價值日幣1,000元的三越伊勢丹集團禮券'),
(109, 1407, 'shoppingScore', 'Premium Outlets ', ' 刷卡消費滿日幣40,000元即可獲贈禮品'),
(110, 1407, 'shoppingScore', 'Kojima ', ' 單日刷卡消費滿日幣5,264元享95折優惠'),
(111, 1407, 'mileageScore', '大陸包車王 ', ' 包車獨享85折優惠'),
(112, 1407, 'mileageScore', '肯驛國際 ', ' 大台北機場接送享優惠價NT$480起 '),
(113, 1407, 'mileageScore', '肯驛國際 ', ' 享台北至桃園國際機場接送NT$588起'),
(114, 1408, 'eatingScore', 'TOSCANA義大利餐廳 ', ' 週一至週五二人同行持卡人享下午茶68折優惠'),
(115, 1408, 'eatingScore', '玫瑰烘焙坊 ', ' 週一至週五二人同行持卡人享下午茶68折優惠'),
(116, 1408, 'movieScore', '板橋秀泰影城 ', ' 持卡人於樂活網刷卡購票可享66折優惠'),
(117, 1408, 'movieScore', '今日秀泰影城 ', ' 持卡人於樂活網刷卡購票可享66折優惠'),
(118, 1408, 'movieScore', '欣欣秀泰影城 ', ' 持卡人於樂活網刷卡購票可享66折優惠'),
(119, 1408, 'insuranceScore', 'Zani Viaggi ', ' 所有購物團享9折優惠'),
(120, 1408, 'insuranceScore', 'Zani Viaggi ', ' 一日遊觀光團享9折優惠'),
(121, 1408, 'insuranceScore', 'Zani Viaggi ', ' 所有米蘭城市觀光團享9折優惠'),
(122, 1408, 'shoppingScore', 'Marui Imai ', ' 刷卡消費滿日幣50,000元可獲贈價值日幣1,000元的三越伊勢丹集團禮券'),
(123, 1408, 'shoppingScore', 'Premium Outlets ', ' 刷卡消費滿日幣40,000元即可獲贈禮品'),
(124, 1408, 'shoppingScore', 'Kojima ', ' 單日刷卡消費滿日幣5,264元享95折優惠'),
(125, 1408, 'mileageScore', '大陸包車王 ', ' 包車獨享85折優惠'),
(126, 1408, 'mileageScore', '肯驛國際 ', ' 享台北至桃園國際機場接送NT$799起'),
(127, 1409, 'insuranceScore', '六福村主題遊樂園 ', ' 享樂園入園門票買一送一'),
(128, 1409, 'insuranceScore', '義大遊樂世界 ', ' 二張門票享優惠價'),
(129, 1409, 'insuranceScore', '雄獅旅遊 ', ' 雄獅旅遊【日本嚴選】主題行程全館折新台幣2,000元'),
(130, 1409, 'mileageScore', 'TMS全鋒事業 ', ' 台灣地區國際機場接送新台幣588元起'),
(131, 1409, 'mileageScore', '中國東方航空 ', ' 買指定航線、指定艙等之單程或來回機票，即可享有機票最高9折禮遇'),
(132, 1409, 'mileageScore', '宜泊資訊科技 ', ' 機場代泊享85折'),
(133, 1409, 'otherScore', '台中高爾夫球場 ', ' 平日優惠價新台幣2,300元，假日優惠價新台幣2,700元'),
(134, 1409, 'otherScore', '老爺關西高爾夫球場 ', ' 平日優惠價新台幣2,790元，假日優惠價新台幣3,450元'),
(135, 1409, 'otherScore', '高雄高爾夫球場(澄清湖) ', ' 平日優惠價新台幣1,920元，假日優惠價新台幣2,915元'),
(136, 1410, 'insuranceScore', 'BESPOQE威尼斯漫遊 ', ' 飯店房間升等'),
(137, 1410, 'insuranceScore', '逸寬文旅大安館 ', ' 入住享優惠價每晚新台幣5,000元+10%服務費'),
(138, 1410, 'insuranceScore', '逸寬文旅信義館 ', ' 入住享優惠價每晚新台幣5,000元+11%服務費'),
(139, 1410, 'shoppingScore', 'A.H.C ', ' 購物7折優惠， Premium Hydra Soother Mask/Hydr'),
(140, 1410, 'mileageScore', 'TMS全鋒事業 ', ' 台灣地區國際機場接送新台幣788元起'),
(141, 1410, 'mileageScore', '中國東方航空 ', ' 買指定航線、指定艙等之單程或來回機票，即可享有機票最高9折禮遇'),
(142, 1410, 'mileageScore', '宜泊資訊科技 ', ' 機場代泊享85折'),
(143, 1410, 'otherScore', '澄清醫院柏忕健康管理中心 ', ' 健康腸在專案價新台幣22,500元'),
(144, 1410, 'otherScore', 'ANTI-AGING LIFE CENT', ' 購買任何 TheraSpa 療程皆可享有8折優惠'),
(145, 1410, 'otherScore', '北京嘉裡大酒店 ', ' 健身享年度會員9折優惠'),
(146, 1411, 'eatingScore', '台北國賓大飯店 ', ' 享平日下午茶75折'),
(147, 1411, 'eatingScore', '雨林餐廳 ', ' 享平日午餐75折'),
(148, 1411, 'eatingScore', '艾可柏菲自助料理 ', ' 享平日午餐75折'),
(149, 1411, 'insuranceScore', '台北美麗信花園酒店 ', ' 購買指定房型可享優惠價'),
(150, 1411, 'insuranceScore', '台中金典酒店 ', ' 購買指定房型可享優惠價'),
(151, 1411, 'insuranceScore', '理想大地渡假飯店 ', ' 平日西班牙主題房型專案優惠價新台幣6,900 元'),
(152, 1411, 'mileageScore', 'TMS全鋒事業 ', ' 大陸機場單趟接送優惠價新台幣800元'),
(153, 1411, 'mileageScore', 'TMS全鋒事業 ', ' 台灣地區國際機場接送新台幣388元起'),
(154, 1411, 'mileageScore', 'U.FIRST  ', ' 機場禮遇通關定價7折優惠'),
(155, 1411, 'otherScore', '台中高爾夫球場 ', ' 平日優惠價新台幣2,100元，假日優惠價新台幣2,700元'),
(156, 1411, 'otherScore', '老爺關西高爾夫球場 ', ' 平日優惠價新台幣2,370元，假日優惠價新台幣3,295元'),
(157, 1411, 'otherScore', '高雄高爾夫球場(澄清湖) ', ' 平日優惠價新台幣1,920元，假日優惠價新台幣2,915元'),
(158, 1412, 'eatingScore', 'TOSCANA義大利餐廳 ', ' 下午茶二人同行每人享優惠NT$560起'),
(159, 1412, 'eatingScore', '八方燴西餐廳 ', ' 下午茶二人同行每人享優惠NT$475起'),
(160, 1412, 'eatingScore', '漢來海港餐廳台中店 ', ' 下午茶二人同行每人享優惠NT$500起'),
(161, 1412, 'movieScore', '板橋秀泰影城 ', ' 二人同行每人享優惠NT$215起'),
(162, 1412, 'movieScore', '今日秀泰影城 ', ' 二人同行每人享優惠NT$215起'),
(163, 1412, 'movieScore', '欣欣秀泰影城 ', ' 二人同行每人享優惠NT$215起'),
(164, 1412, 'insuranceScore', '新北翰品酒店 ', ' 二人入住享雅緻客房優惠價NT$2,900'),
(165, 1412, 'insuranceScore', '桃園翰品酒店 ', ' 二人入住享雅緻客房優惠價NT$2,600'),
(166, 1412, 'insuranceScore', '新竹芙洛麗大飯店 ', ' 二人入住享自由客房優惠價NT$3,250'),
(167, 1412, 'shoppingScore', 'Marui Imai ', ' 刷卡消費滿日幣50,000元可獲贈價值日幣1,000元的三越伊勢丹集團禮券'),
(168, 1412, 'shoppingScore', 'Premium Outlets ', ' 刷卡消費滿日幣40,000元即可獲贈禮品'),
(169, 1412, 'shoppingScore', 'Kojima ', ' 單日刷卡消費滿日幣5,264元享95折優惠'),
(170, 1412, 'bonusScore', '王品牛排 ', ' 消費滿10元以上現場可享紅利點數折抵當次消費金額最高可達30%'),
(171, 1412, 'bonusScore', '夏慕尼 ', ' 消費滿10元以上現場可享紅利點數折抵當次消費金額最高可達30%'),
(172, 1412, 'bonusScore', '西堤 ', ' 消費滿10元以上現場可享紅利點數折抵當次消費金額最高可達30%'),
(173, 1412, 'mileageScore', '大陸包車王 ', ' 包車獨享85折優惠'),
(174, 1412, 'mileageScore', '肯驛國際 ', ' 大台北機場接送享優惠價NT$480起 '),
(175, 1412, 'mileageScore', '肯驛國際 ', ' 享台北至桃園國際機場接送NT$588起'),
(176, 1413, 'eatingScore', 'TOSCANA義大利餐廳 ', ' 週一至週五二人同行持卡人享下午茶68折優惠'),
(177, 1413, 'eatingScore', '玫瑰烘焙坊 ', ' 週一至週五二人同行持卡人享下午茶68折優惠'),
(178, 1413, 'eatingScore', 'i River愛河牛排海鮮自助餐廳 ', ' 週一至週五二人同行持卡人享下午茶68折優惠'),
(179, 1413, 'movieScore', '板橋秀泰影城 ', ' 持卡人於樂活網刷卡購票可享66折優惠'),
(180, 1413, 'movieScore', '今日秀泰影城 ', ' 持卡人於樂活網刷卡購票可享66折優惠'),
(181, 1413, 'movieScore', '欣欣秀泰影城 ', ' 持卡人於樂活網刷卡購票可享66折優惠'),
(182, 1413, 'insuranceScore', 'Zani Viaggi ', ' 所有購物團享9折優惠'),
(183, 1413, 'insuranceScore', 'Zani Viaggi ', ' 一日遊觀光團享9折優惠'),
(184, 1413, 'insuranceScore', 'Zani Viaggi ', ' 所有米蘭城市觀光團享9折優惠'),
(185, 1413, 'shoppingScore', 'Marui Imai ', ' 刷卡消費滿日幣50,000元可獲贈價值日幣1,000元的三越伊勢丹集團禮券'),
(186, 1413, 'shoppingScore', 'Premium Outlets ', ' 刷卡消費滿日幣40,000元即可獲贈禮品'),
(187, 1413, 'shoppingScore', 'Kojima ', ' 單日刷卡消費滿日幣5,264元享95折優惠'),
(188, 1413, 'mileageScore', '大陸包車王 ', ' 包車獨享85折優惠'),
(189, 1413, 'mileageScore', '肯驛國際 ', ' 享台北至桃園國際機場接送NT$799起'),
(190, 1414, 'eatingScore', 'TOSCANA義大利餐廳 ', ' 下午茶二人同行每人享優惠NT$560起'),
(191, 1414, 'eatingScore', '八方燴西餐廳 ', ' 下午茶二人同行每人享優惠NT$475起'),
(192, 1414, 'eatingScore', '漢來海港餐廳台中店 ', ' 下午茶二人同行每人享優惠NT$500起'),
(193, 1414, 'movieScore', '板橋秀泰影城 ', ' 二人同行每人享優惠NT$215起'),
(194, 1414, 'movieScore', '今日秀泰影城 ', ' 二人同行每人享優惠NT$215起'),
(195, 1414, 'movieScore', '欣欣秀泰影城 ', ' 二人同行每人享優惠NT$215起'),
(196, 1414, 'insuranceScore', '新北翰品酒店 ', ' 二人入住享雅緻客房優惠價NT$2,900'),
(197, 1414, 'insuranceScore', '桃園翰品酒店 ', ' 二人入住享雅緻客房優惠價NT$2,600'),
(198, 1414, 'insuranceScore', '新竹芙洛麗大飯店 ', ' 二人入住享自由客房優惠價NT$3,250'),
(199, 1414, 'shoppingScore', 'Marui Imai ', ' 刷卡消費滿日幣50,000元可獲贈價值日幣1,000元的三越伊勢丹集團禮券'),
(200, 1414, 'shoppingScore', 'Premium Outlets ', ' 刷卡消費滿日幣40,000元即可獲贈禮品'),
(201, 1414, 'shoppingScore', 'Kojima ', ' 單日刷卡消費滿日幣5,264元享95折優惠'),
(202, 1414, 'mileageScore', '大陸包車王 ', ' 包車獨享85折優惠'),
(203, 1414, 'mileageScore', '肯驛國際 ', ' 大台北機場接送享優惠價NT$480起 '),
(204, 1414, 'mileageScore', '肯驛國際 ', ' 享台北至桃園國際機場接送NT$588起'),
(205, 1414, 'otherScore', 'ALFA健身俱樂部 ', ' 享優惠價NT$299起/人'),
(206, 1414, 'otherScore', '左腳右腳經典泡腳會館 ', ' 單人單筆滿1,800元享95折優惠'),
(207, 1414, 'otherScore', '中華育幼機構兒童關懷協會 ', ' 使用信用卡捐款，單筆滿額贈黃色小鴨系列好禮'),
(208, 1414, 'parkingScore', '台灣聯通停車場 ', ' 前月新增一般消費8,000元以上，當月持卡可享每日限一次，每次兩小時免費停車'),
(209, 1415, 'eatingScore', 'TOSCANA義大利餐廳 ', ' 下午茶二人同行每人享優惠NT$560起'),
(210, 1415, 'eatingScore', '八方燴西餐廳 ', ' 下午茶二人同行每人享優惠NT$475起'),
(211, 1415, 'eatingScore', '漢來海港餐廳台中店 ', ' 下午茶二人同行每人享優惠NT$500起'),
(212, 1415, 'movieScore', '板橋秀泰影城 ', ' 二人同行每人享優惠NT$215起'),
(213, 1415, 'movieScore', '今日秀泰影城 ', ' 二人同行每人享優惠NT$215起'),
(214, 1415, 'movieScore', '欣欣秀泰影城 ', ' 二人同行每人享優惠NT$215起'),
(215, 1415, 'insuranceScore', '新北翰品酒店 ', ' 二人入住享雅緻客房優惠價NT$2,900'),
(216, 1415, 'insuranceScore', '桃園翰品酒店 ', ' 二人入住享雅緻客房優惠價NT$2,600'),
(217, 1415, 'insuranceScore', '新竹芙洛麗大飯店 ', ' 二人入住享自由客房優惠價NT$3,250'),
(218, 1415, 'shoppingScore', 'Marui Imai ', ' 刷卡消費滿日幣50,000元可獲贈價值日幣1,000元的三越伊勢丹集團禮券'),
(219, 1415, 'shoppingScore', 'Premium Outlets ', ' 刷卡消費滿日幣40,000元即可獲贈禮品'),
(220, 1415, 'shoppingScore', 'Kojima ', ' 單日刷卡消費滿日幣5,264元享95折優惠'),
(221, 1415, 'mileageScore', '大陸包車王 ', ' 包車獨享85折優惠'),
(222, 1415, 'mileageScore', '肯驛國際 ', ' 大台北機場接送享優惠價NT$480起 '),
(223, 1415, 'mileageScore', '肯驛國際 ', ' 享台北至桃園國際機場接送NT$588起'),
(224, 1415, 'otherScore', 'ALFA健身俱樂部 ', ' 享優惠價NT$299起/人'),
(225, 1415, 'otherScore', '左腳右腳經典泡腳會館 ', ' 單人單筆滿1,800元享95折優惠'),
(226, 1415, 'otherScore', '中華育幼機構兒童關懷協會 ', ' 使用信用卡捐款，單筆滿額贈黃色小鴨系列好禮'),
(227, 1416, 'insuranceScore', '六福村主題遊樂園 ', ' 享樂園入園門票買一送一'),
(228, 1416, 'insuranceScore', '義大遊樂世界 ', ' 二張門票享優惠價'),
(229, 1416, 'insuranceScore', '雄獅旅遊 ', ' 雄獅旅遊【日本嚴選】主題行程全館折新台幣2,000元'),
(230, 1416, 'mileageScore', 'TMS全鋒事業 ', ' 台灣地區國際機場接送新台幣588元起'),
(231, 1416, 'mileageScore', '中國東方航空 ', ' 買指定航線、指定艙等之單程或來回機票，即可享有機票最高9折禮遇'),
(232, 1416, 'mileageScore', '宜泊資訊科技 ', ' 機場代泊享85折'),
(233, 1416, 'otherScore', '台中高爾夫球場 ', ' 平日優惠價新台幣2,300元，假日優惠價新台幣2,700元'),
(234, 1416, 'otherScore', '老爺關西高爾夫球場 ', ' 平日優惠價新台幣2,790元，假日優惠價新台幣3,450元'),
(235, 1416, 'otherScore', '高雄高爾夫球場(澄清湖) ', ' 平日優惠價新台幣1,920元，假日優惠價新台幣2,915元'),
(236, 1416, 'parkingScore', '台灣聯通停車場 ', ' 前月新增一般消費8,000元以上，當月持卡可享每日限一次，每次兩小時免費停車'),
(237, 1417, 'eatingScore', 'Kokorogi ', ' 刷卡用餐享10%優惠折扣'),
(238, 1417, 'eatingScore', '上海菜館 ', ' 刷卡用餐享10%優惠折扣'),
(239, 1417, 'eatingScore', 'Gaspard and Lisa Res', ' 刷卡用餐享10%優惠折扣'),
(240, 1417, 'insuranceScore', 'Mt. Kachi Kachi Rope', ' 享來回票價20%之優惠折扣'),
(241, 1417, 'insuranceScore', '北海道新千歲國際機場 ', ' 買機場巴士乘車券可享8折優惠'),
(242, 1417, 'insuranceScore', '東京成田國際機場 ', ' 買機場巴士乘車券可享8折優惠'),
(243, 1417, 'cashBackScore', '森森購物網 ', ' 享網路購物平台價值新台幣200元之回饋金'),
(244, 1417, 'cashBackScore', '東森購物網 ', ' 享網路購物平台價值新台幣200元之回饋金'),
(245, 1417, 'cashBackScore', 'GoHappy快樂購物網 ', ' 享網路購物平台價值新台幣200元之回饋金'),
(246, 1417, 'mileageScore', '吉泰停車場 ', ' 每達6萬元可使用一次機場免費停車，每年限3次，每次最高可停6天'),
(247, 1417, 'otherScore', '左腳右腳經典泡腳會館 ', ' 單人單筆滿1,800元享95折優惠'),
(248, 1417, 'otherScore', '中華育幼機構兒童關懷協會 ', ' 使用信用卡捐款，單筆滿額贈黃色小鴨系列好禮'),
(249, 1417, 'otherScore', '伊甸基金會 ', ' 信用卡捐款滿額贈好禮'),
(250, 1417, 'parkingScore', '和相租車 ', ' 單筆達新台幣60,000元以上指定國際機場接送去回程各1次之免費'),
(251, 1417, 'parkingScore', '台灣聯通停車場 ', ' 前月新增一般消費8,000元以上，當月持卡可享每日限一次，每次兩小時免費停車'),
(252, 1418, 'eatingScore', 'TOSCANA義大利餐廳 ', ' 週一至週五二人同行持卡人享下午茶68折優惠'),
(253, 1418, 'eatingScore', '玫瑰烘焙坊 ', ' 週一至週五二人同行持卡人享下午茶68折優惠'),
(254, 1418, 'movieScore', '板橋秀泰影城 ', ' 持卡人於樂活網刷卡購票可享66折優惠'),
(255, 1418, 'movieScore', '今日秀泰影城 ', ' 持卡人於樂活網刷卡購票可享66折優惠'),
(256, 1418, 'movieScore', '欣欣秀泰影城 ', ' 持卡人於樂活網刷卡購票可享66折優惠'),
(257, 1418, 'insuranceScore', 'Zani Viaggi ', ' 所有購物團享9折優惠'),
(258, 1418, 'insuranceScore', 'Zani Viaggi ', ' 一日遊觀光團享9折優惠'),
(259, 1418, 'insuranceScore', 'Zani Viaggi ', ' 所有米蘭城市觀光團享9折優惠'),
(260, 1418, 'shoppingScore', 'Marui Imai ', ' 刷卡消費滿日幣50,000元可獲贈價值日幣1,000元的三越伊勢丹集團禮券'),
(261, 1418, 'shoppingScore', 'Premium Outlets ', ' 刷卡消費滿日幣40,000元即可獲贈禮品'),
(262, 1418, 'shoppingScore', 'Kojima ', ' 單日刷卡消費滿日幣5,264元享95折優惠'),
(263, 1418, 'mileageScore', '大陸包車王 ', ' 包車獨享85折優惠'),
(264, 1418, 'mileageScore', '肯驛國際 ', ' 享台北至桃園國際機場接送NT$799起'),
(265, 1418, 'mileageScore', '消費滿額享機場接送 ', ' 年度消費滿25萬元以上可使用機場接送服務，每年限2次'),
(266, 1418, 'otherScore', '左腳右腳經典泡腳會館 ', ' 單人單筆滿1,800元享95折優惠'),
(267, 1418, 'otherScore', '中華育幼機構兒童關懷協會 ', ' 使用信用卡捐款，單筆滿額贈黃色小鴨系列好禮'),
(268, 1418, 'otherScore', '伊甸基金會 ', ' 信用卡捐款滿額贈好禮'),
(269, 1419, 'insuranceScore', 'BESPOQE威尼斯漫遊 ', ' 飯店房間升等'),
(270, 1419, 'insuranceScore', '逸寬文旅大安館 ', ' 入住享優惠價每晚新台幣5,000元+10%服務費'),
(271, 1419, 'insuranceScore', '逸寬文旅信義館 ', ' 入住享優惠價每晚新台幣5,000元+11%服務費'),
(272, 1419, 'mileageScore', 'TMS全鋒事業 ', ' 台灣地區國際機場接送新台幣788元起'),
(273, 1419, 'mileageScore', '中國東方航空 ', ' 買指定航線、指定艙等之單程或來回機票，即可享有機票最高9折禮遇'),
(274, 1419, 'mileageScore', '宜泊資訊科技 ', ' 機場代泊享85折'),
(275, 1419, 'otherScore', '澄清醫院柏忕健康管理中心 ', ' 健康腸在專案價新台幣22,500元'),
(276, 1419, 'otherScore', 'ANTI-AGING LIFE CENT', ' 購買任何 TheraSpa 療程皆可享有8折優惠'),
(277, 1419, 'otherScore', '北京嘉裡大酒店 ', ' 健身享年度會員9折優惠'),
(278, 1420, 'eatingScore', 'TOSCANA義大利餐廳 ', ' 下午茶二人同行每人享優惠NT$560起'),
(279, 1420, 'eatingScore', '八方燴西餐廳 ', ' 下午茶二人同行每人享優惠NT$475起'),
(280, 1420, 'eatingScore', '漢來海港餐廳台中店 ', ' 下午茶二人同行每人享優惠NT$500起'),
(281, 1420, 'movieScore', '板橋秀泰影城 ', ' 二人同行每人享優惠NT$215起'),
(282, 1420, 'movieScore', '今日秀泰影城 ', ' 二人同行每人享優惠NT$215起'),
(283, 1420, 'movieScore', '欣欣秀泰影城 ', ' 二人同行每人享優惠NT$215起'),
(284, 1420, 'insuranceScore', '新北翰品酒店 ', ' 二人入住享雅緻客房優惠價NT$2,900'),
(285, 1420, 'insuranceScore', '桃園翰品酒店 ', ' 二人入住享雅緻客房優惠價NT$2,600'),
(286, 1420, 'insuranceScore', '新竹芙洛麗大飯店 ', ' 二人入住享自由客房優惠價NT$3,250'),
(287, 1420, 'shoppingScore', 'Marui Imai ', ' 刷卡消費滿日幣50,000元可獲贈價值日幣1,000元的三越伊勢丹集團禮券'),
(288, 1420, 'shoppingScore', 'Premium Outlets ', ' 刷卡消費滿日幣40,000元即可獲贈禮品'),
(289, 1420, 'shoppingScore', 'Kojima ', ' 單日刷卡消費滿日幣5,264元享95折優惠'),
(290, 1420, 'mileageScore', '大陸包車王 ', ' 包車獨享85折優惠'),
(291, 1420, 'mileageScore', '肯驛國際 ', ' 大台北機場接送享優惠價NT$480起 '),
(292, 1420, 'mileageScore', '肯驛國際 ', ' 享台北至桃園國際機場接送NT$588起'),
(293, 1420, 'otherScore', 'ALFA健身俱樂部 ', ' 享優惠價NT$299起/人'),
(294, 1420, 'otherScore', '左腳右腳經典泡腳會館 ', ' 單人單筆滿1,800元享95折優惠'),
(295, 1420, 'otherScore', '中華育幼機構兒童關懷協會 ', ' 使用信用卡捐款，單筆滿額贈黃色小鴨系列好禮'),
(296, 1420, 'parkingScore', '全國加油站加油站 ', ' 加油降價折扣後簽帳金額汽油每滿30元(柴油每滿60元)再累積1點大利點，憑卡享'),
(297, 1420, 'parkingScore', '台灣聯通停車場 ', ' 前月新增一般消費8,000元以上，當月持卡可享每日限一次，每次兩小時免費停車'),
(298, 1421, 'insuranceScore', '六福村主題遊樂園 ', ' 享樂園入園門票買一送一'),
(299, 1421, 'insuranceScore', '義大遊樂世界 ', ' 二張門票享優惠價'),
(300, 1421, 'insuranceScore', '雄獅旅遊 ', ' 雄獅旅遊【日本嚴選】主題行程全館折新台幣2,000元'),
(301, 1421, 'mileageScore', 'TMS全鋒事業 ', ' 台灣地區國際機場接送新台幣588元起'),
(302, 1421, 'mileageScore', '中國東方航空 ', ' 買指定航線、指定艙等之單程或來回機票，即可享有機票最高9折禮遇'),
(303, 1421, 'mileageScore', '宜泊資訊科技 ', ' 機場代泊享85折'),
(304, 1421, 'otherScore', '台中高爾夫球場 ', ' 平日優惠價新台幣2,300元，假日優惠價新台幣2,700元'),
(305, 1421, 'otherScore', '老爺關西高爾夫球場 ', ' 平日優惠價新台幣2,790元，假日優惠價新台幣3,450元'),
(306, 1421, 'otherScore', '高雄高爾夫球場(澄清湖) ', ' 平日優惠價新台幣1,920元，假日優惠價新台幣2,915元'),
(307, 1421, 'parkingScore', '台灣聯通停車場 ', ' 前月新增一般消費8,000元以上，當月持卡可享每日限一次，每次兩小時免費停車'),
(308, 1422, 'eatingScore', 'TOSCANA義大利餐廳 ', ' 下午茶二人同行每人享優惠NT$560起'),
(309, 1422, 'eatingScore', '八方燴西餐廳 ', ' 下午茶二人同行每人享優惠NT$475起'),
(310, 1422, 'eatingScore', '漢來海港餐廳台中店 ', ' 下午茶二人同行每人享優惠NT$500起'),
(311, 1422, 'movieScore', '板橋秀泰影城 ', ' 二人同行每人享優惠NT$215起'),
(312, 1422, 'movieScore', '今日秀泰影城 ', ' 二人同行每人享優惠NT$215起'),
(313, 1422, 'movieScore', '欣欣秀泰影城 ', ' 二人同行每人享優惠NT$215起'),
(314, 1422, 'insuranceScore', '新北翰品酒店 ', ' 二人入住享雅緻客房優惠價NT$2,900'),
(315, 1422, 'insuranceScore', '桃園翰品酒店 ', ' 二人入住享雅緻客房優惠價NT$2,600'),
(316, 1422, 'insuranceScore', '新竹芙洛麗大飯店 ', ' 二人入住享自由客房優惠價NT$3,250'),
(317, 1422, 'shoppingScore', 'Marui Imai ', ' 刷卡消費滿日幣50,000元可獲贈價值日幣1,000元的三越伊勢丹集團禮券'),
(318, 1422, 'shoppingScore', 'Premium Outlets ', ' 刷卡消費滿日幣40,000元即可獲贈禮品'),
(319, 1422, 'shoppingScore', 'Kojima ', ' 單日刷卡消費滿日幣5,264元享95折優惠'),
(320, 1422, 'mileageScore', '大陸包車王 ', ' 包車獨享85折優惠'),
(321, 1422, 'mileageScore', '肯驛國際 ', ' 大台北機場接送享優惠價NT$480起 '),
(322, 1422, 'mileageScore', '肯驛國際 ', ' 享台北至桃園國際機場接送NT$380起'),
(323, 1422, 'otherScore', 'ALFA健身俱樂部 ', ' 享優惠價NT$299起/人'),
(324, 1422, 'otherScore', '左腳右腳經典泡腳會館 ', ' 單人單筆滿1,800元享95折優惠'),
(325, 1422, 'otherScore', '中華育幼機構兒童關懷協會 ', ' 使用信用卡捐款，單筆滿額贈黃色小鴨系列好禮'),
(326, 1423, 'eatingScore', 'TOSCANA義大利餐廳 ', ' 下午茶二人同行每人享優惠NT$560起'),
(327, 1423, 'eatingScore', '八方燴西餐廳 ', ' 下午茶二人同行每人享優惠NT$475起'),
(328, 1423, 'eatingScore', '漢來海港餐廳台中店 ', ' 下午茶二人同行每人享優惠NT$500起'),
(329, 1423, 'movieScore', '板橋秀泰影城 ', ' 二人同行每人享優惠NT$215起'),
(330, 1423, 'movieScore', '今日秀泰影城 ', ' 二人同行每人享優惠NT$215起'),
(331, 1423, 'movieScore', '欣欣秀泰影城 ', ' 二人同行每人享優惠NT$215起'),
(332, 1423, 'insuranceScore', '新北翰品酒店 ', ' 二人入住享雅緻客房優惠價NT$2,900'),
(333, 1423, 'insuranceScore', '桃園翰品酒店 ', ' 二人入住享雅緻客房優惠價NT$2,600'),
(334, 1423, 'insuranceScore', '新竹芙洛麗大飯店 ', ' 二人入住享自由客房優惠價NT$3,250'),
(335, 1423, 'shoppingScore', 'Marui Imai ', ' 刷卡消費滿日幣50,000元可獲贈價值日幣1,000元的三越伊勢丹集團禮券'),
(336, 1423, 'shoppingScore', 'Premium Outlets ', ' 刷卡消費滿日幣40,000元即可獲贈禮品'),
(337, 1423, 'shoppingScore', 'Kojima ', ' 單日刷卡消費滿日幣5,264元享95折優惠'),
(338, 1423, 'mileageScore', '大陸包車王 ', ' 包車獨享85折優惠'),
(339, 1423, 'mileageScore', '肯驛國際 ', ' 大台北機場接送享優惠價NT$480起 '),
(340, 1423, 'mileageScore', '肯驛國際 ', ' 享台北至桃園國際機場接送NT$588起'),
(341, 1423, 'otherScore', 'ALFA健身俱樂部 ', ' 享優惠價NT$299起/人'),
(342, 1423, 'otherScore', '台北花園大酒店 ', ' 首次刷卡享花園SPA療程定價7折優惠、療程定價9折優惠'),
(343, 1423, 'otherScore', '國泰健康管理 ', ' 消費48,000元以上標準套檢享9折/消費20,000元以上標準套檢贈體適能一'),
(344, 1424, 'insuranceScore', '六福村主題遊樂園 ', ' 享樂園入園門票買一送一'),
(345, 1424, 'insuranceScore', '義大遊樂世界 ', ' 二張門票享優惠價'),
(346, 1424, 'insuranceScore', '雄獅旅遊 ', ' 雄獅旅遊【日本嚴選】主題行程全館折新台幣2,000元'),
(347, 1424, 'mileageScore', 'TMS全鋒事業 ', ' 台灣地區國際機場接送新台幣588元起'),
(348, 1424, 'mileageScore', '中國東方航空 ', ' 買指定航線、指定艙等之單程或來回機票，即可享有機票最高9折禮遇'),
(349, 1424, 'mileageScore', '宜泊資訊科技 ', ' 機場代泊享85折'),
(350, 1424, 'otherScore', '台中高爾夫球場 ', ' 平日優惠價新台幣2,300元，假日優惠價新台幣2,700元'),
(351, 1424, 'otherScore', '老爺關西高爾夫球場 ', ' 平日優惠價新台幣2,790元，假日優惠價新台幣3,450元'),
(352, 1424, 'otherScore', '高雄高爾夫球場(澄清湖) ', ' 平日優惠價新台幣1,920元，假日優惠價新台幣2,915元'),
(353, 1425, 'eatingScore', 'TOSCANA義大利餐廳 ', ' 週一至週五二人同行持卡人享下午茶68折優惠'),
(354, 1425, 'eatingScore', '玫瑰烘焙坊 ', ' 週一至週五二人同行持卡人享下午茶68折優惠'),
(355, 1425, 'movieScore', '板橋秀泰影城 ', ' 持卡人於樂活網刷卡購票可享66折優惠'),
(356, 1425, 'movieScore', '今日秀泰影城 ', ' 持卡人於樂活網刷卡購票可享66折優惠'),
(357, 1425, 'movieScore', '欣欣秀泰影城 ', ' 持卡人於樂活網刷卡購票可享66折優惠'),
(358, 1425, 'insuranceScore', 'Zani Viaggi ', ' 所有購物團享9折優惠'),
(359, 1425, 'insuranceScore', 'Zani Viaggi ', ' 一日遊觀光團享9折優惠'),
(360, 1425, 'insuranceScore', 'Zani Viaggi ', ' 所有米蘭城市觀光團享9折優惠'),
(361, 1425, 'shoppingScore', 'Marui Imai ', ' 刷卡消費滿日幣50,000元可獲贈價值日幣1,000元的三越伊勢丹集團禮券'),
(362, 1425, 'shoppingScore', 'Premium Outlets ', ' 刷卡消費滿日幣40,000元即可獲贈禮品'),
(363, 1425, 'shoppingScore', 'Kojima ', ' 單日刷卡消費滿日幣5,264元享95折優惠'),
(364, 1425, 'bonusScore', '享飛行積金方案 ', ' 刷卡消費每新臺幣30元可累積1點飛行積金'),
(365, 1425, 'bonusScore', '康是美 ', ' 指定商店刷卡可以1,000點飛行積金折抵100元，最高可折抵100%'),
(366, 1425, 'bonusScore', '樂活網 ', ' 指定商店刷卡可以1,000點飛行積金折抵100元，最高可折抵100%'),
(367, 1425, 'mileageScore', '大陸包車王 ', ' 包車獨享85折優惠'),
(368, 1425, 'mileageScore', '肯驛國際 ', ' 享台北至桃園國際機場接送NT$799起'),
(369, 1425, 'mileageScore', '肯驛國際 ', ' 享全球龍騰出行機場貴賓室每次優惠價及免費龍騰卡會員效期一年'),
(370, 1425, 'otherScore', '台北花園大酒店 ', ' 首次刷卡享花園SPA療程定價7折優惠、療程定價9折優惠'),
(371, 1425, 'parkingScore', '台灣聯通停車場 ', ' 每200點飛行積金兌換1小時，每日不限次數和時數之停車優惠服務'),
(372, 1425, 'parkingScore', '嘟嘟房停車場 ', ' 每200點飛行積金兌換1小時，每日不限次數和時數之停車優惠服務'),
(373, 1425, 'parkingScore', '詮營停車場 ', ' 每200點飛行積金兌換1小時，每日不限次數和時數之停車優惠服務'),
(374, 1426, 'eatingScore', 'TOSCANA義大利餐廳 ', ' 下午茶二人同行每人享優惠NT$560起'),
(375, 1426, 'eatingScore', '八方燴西餐廳 ', ' 下午茶二人同行每人享優惠NT$475起'),
(376, 1426, 'eatingScore', '漢來海港餐廳台中店 ', ' 下午茶二人同行每人享優惠NT$500起'),
(377, 1426, 'movieScore', '板橋秀泰影城 ', ' 二人同行每人享優惠NT$215起'),
(378, 1426, 'movieScore', '今日秀泰影城 ', ' 二人同行每人享優惠NT$215起'),
(379, 1426, 'movieScore', '欣欣秀泰影城 ', ' 二人同行每人享優惠NT$215起'),
(380, 1426, 'insuranceScore', '新北翰品酒店 ', ' 二人入住享雅緻客房優惠價NT$2,900'),
(381, 1426, 'insuranceScore', '桃園翰品酒店 ', ' 二人入住享雅緻客房優惠價NT$2,600'),
(382, 1426, 'insuranceScore', '新竹芙洛麗大飯店 ', ' 二人入住享自由客房優惠價NT$3,250'),
(383, 1426, 'shoppingScore', 'Marui Imai ', ' 刷卡消費滿日幣50,000元可獲贈價值日幣1,000元的三越伊勢丹集團禮券'),
(384, 1426, 'shoppingScore', 'Premium Outlets ', ' 刷卡消費滿日幣40,000元即可獲贈禮品'),
(385, 1426, 'shoppingScore', 'Kojima ', ' 單日刷卡消費滿日幣5,264元享95折優惠'),
(386, 1426, 'bonusScore', '飛行積金方案 ', ' 刷卡消費每新臺幣23元可累積1點飛行積金'),
(387, 1426, 'bonusScore', '康是美 ', ' 指定商店刷卡可以1,000點飛行積金折抵100元，最高可折抵100%'),
(388, 1426, 'bonusScore', '樂活網 ', ' 指定商店刷卡可以1,000點飛行積金折抵100元，最高可折抵100%'),
(389, 1426, 'mileageScore', '大陸包車王 ', ' 包車獨享85折優惠'),
(390, 1426, 'mileageScore', '肯驛國際 ', ' 大台北機場接送享優惠價NT$480起 '),
(391, 1426, 'mileageScore', '肯驛國際 ', ' 享台北至桃園國際機場接送NT$588起'),
(392, 1426, 'otherScore', 'ALFA健身俱樂部 ', ' 享優惠價NT$299起/人'),
(393, 1426, 'otherScore', '台北花園大酒店 ', ' 首次刷卡享花園SPA療程定價7折優惠、療程定價9折優惠'),
(394, 1426, 'parkingScore', '台灣聯通停車場 ', ' 每200點飛行積金兌換1小時，每日不限次數和時數之停車優惠服務'),
(395, 1426, 'parkingScore', '嘟嘟房停車場 ', ' 每200點飛行積金兌換1小時，每日不限次數和時數之停車優惠服務'),
(396, 1426, 'parkingScore', '詮營停車場 ', ' 每200點飛行積金兌換1小時，每日不限次數和時數之停車優惠服務'),
(397, 1427, 'eatingScore', 'TOSCANA義大利餐廳 ', ' 週一至週五二人同行持卡人享下午茶68折優惠'),
(398, 1427, 'eatingScore', '玫瑰烘焙坊 ', ' 週一至週五二人同行持卡人享下午茶68折優惠'),
(399, 1427, 'movieScore', '板橋秀泰影城 ', ' 持卡人於樂活網刷卡購票可享66折優惠'),
(400, 1427, 'movieScore', '今日秀泰影城 ', ' 持卡人於樂活網刷卡購票可享66折優惠'),
(401, 1427, 'movieScore', '欣欣秀泰影城 ', ' 持卡人於樂活網刷卡購票可享66折優惠'),
(402, 1427, 'insuranceScore', 'Zani Viaggi ', ' 所有購物團享9折優惠'),
(403, 1427, 'insuranceScore', 'Zani Viaggi ', ' 一日遊觀光團享9折優惠'),
(404, 1427, 'insuranceScore', 'Zani Viaggi ', ' 所有米蘭城市觀光團享9折優惠'),
(405, 1427, 'shoppingScore', 'Marui Imai ', ' 刷卡消費滿日幣50,000元可獲贈價值日幣1,000元的三越伊勢丹集團禮券'),
(406, 1427, 'shoppingScore', 'Premium Outlets ', ' 刷卡消費滿日幣40,000元即可獲贈禮品'),
(407, 1427, 'shoppingScore', 'Kojima ', ' 單日刷卡消費滿日幣5,264元享95折優惠'),
(408, 1427, 'bonusScore', '新光三越 ', ' 一般消費每25元累積一點，三大時尚通路享最高5倍積點'),
(409, 1427, 'bonusScore', '遠東百貨 ', ' 一般消費每25元累積一點，三大時尚通路享最高5倍積點'),
(410, 1427, 'bonusScore', 'SOGO ', ' 一般消費每25元累積一點，三大時尚通路享最高5倍積點'),
(411, 1427, 'mileageScore', '大陸包車王 ', ' 包車獨享85折優惠'),
(412, 1427, 'otherScore', '台北花園大酒店 ', ' 首次刷卡享花園SPA療程定價7折優惠、療程定價9折優惠'),
(413, 1428, 'insuranceScore', 'BESPOQE威尼斯漫遊 ', ' 飯店房間升等'),
(414, 1428, 'insuranceScore', '逸寬文旅大安館 ', ' 入住享優惠價每晚新台幣5,000元+10%服務費'),
(415, 1428, 'insuranceScore', '逸寬文旅信義館 ', ' 入住享優惠價每晚新台幣5,000元+11%服務費'),
(416, 1428, 'bonusScore', '遠東百貨 ', ' 一般消費每25元累積一點，三大時尚通路享最高5倍積點'),
(417, 1428, 'bonusScore', 'SOGO ', ' 一般消費每25元累積一點，三大時尚通路享最高5倍積點'),
(418, 1428, 'bonusScore', '大葉高島屋 ', ' 一般消費每25元累積一點，三大時尚通路享最高5倍積點'),
(419, 1428, 'mileageScore', 'TMS全鋒事業 ', ' 台灣地區國際機場接送新台幣788元起'),
(420, 1428, 'mileageScore', '中國東方航空 ', ' 買指定航線、指定艙等之單程或來回機票，即可享有機票最高9折禮遇'),
(421, 1428, 'otherScore', '澄清醫院柏忕健康管理中心 ', ' 健康腸在專案價新台幣22,500元'),
(422, 1428, 'otherScore', 'ANTI-AGING LIFE CENT', ' 購買任何 TheraSpa 療程皆可享有8折優惠'),
(423, 1428, 'otherScore', '北京嘉裡大酒店 ', ' 健身享年度會員9折優惠'),
(424, 1429, 'eatingScore', 'TOSCANA義大利餐廳 ', ' 下午茶二人同行每人享優惠NT$560起'),
(425, 1429, 'eatingScore', '八方燴西餐廳 ', ' 下午茶二人同行每人享優惠NT$475起'),
(426, 1429, 'eatingScore', '漢來海港餐廳台中店 ', ' 下午茶二人同行每人享優惠NT$500起'),
(427, 1429, 'movieScore', '板橋秀泰影城 ', ' 二人同行每人享優惠NT$215起'),
(428, 1429, 'movieScore', '今日秀泰影城 ', ' 二人同行每人享優惠NT$215起'),
(429, 1429, 'movieScore', '欣欣秀泰影城 ', ' 二人同行每人享優惠NT$215起'),
(430, 1429, 'insuranceScore', '新北翰品酒店 ', ' 二人入住享雅緻客房優惠價NT$2,900'),
(431, 1429, 'insuranceScore', '桃園翰品酒店 ', ' 二人入住享雅緻客房優惠價NT$2,600'),
(432, 1429, 'insuranceScore', '新竹芙洛麗大飯店 ', ' 二人入住享自由客房優惠價NT$3,250'),
(433, 1429, 'shoppingScore', 'Marui Imai ', ' 刷卡消費滿日幣50,000元可獲贈價值日幣1,000元的三越伊勢丹集團禮券'),
(434, 1429, 'shoppingScore', 'Premium Outlets ', ' 刷卡消費滿日幣40,000元即可獲贈禮品'),
(435, 1429, 'shoppingScore', 'Kojima ', ' 單日刷卡消費滿日幣5,264元享95折優惠'),
(436, 1429, 'cashBackScore', 'Yahoo奇摩超級商城 ', ' 消費刷卡，可享2%現金回饋，每期上限300元，超出回饋者以0.7%計算現金回饋'),
(437, 1429, 'cashBackScore', 'PChome購物 ', ' 消費刷卡，可享2%現金回饋，每期上限300元，超出回饋者以0.7%計算現金回饋'),
(438, 1429, 'cashBackScore', '團購網 ', ' 消費刷卡，可享2%現金回饋，每期上限300元，超出回饋者以0.7%計算現金回饋'),
(439, 1429, 'mileageScore', '大陸包車王 ', ' 包車獨享85折優惠'),
(440, 1429, 'mileageScore', '肯驛國際 ', ' 大台北機場接送享優惠價NT$480起 '),
(441, 1429, 'mileageScore', '肯驛國際 ', ' 享台北至桃園國際機場接送NT$588起'),
(442, 1429, 'otherScore', 'ALFA健身俱樂部 ', ' 享優惠價NT$299起/人'),
(443, 1429, 'otherScore', 'GNC健安喜 ', ' 免費加入GNC會員'),
(444, 1429, 'parkingScore', '展億停車場 ', ' 享每年6次每次7天之免費停車服務'),
(445, 1430, 'eatingScore', 'TOSCANA義大利餐廳 ', ' 週一至週五二人同行持卡人享下午茶68折優惠'),
(446, 1430, 'eatingScore', '玫瑰烘焙坊 ', ' 週一至週五二人同行持卡人享下午茶68折優惠'),
(447, 1430, 'movieScore', '板橋秀泰影城 ', ' 持卡人於樂活網刷卡購票可享66折優惠'),
(448, 1430, 'movieScore', '今日秀泰影城 ', ' 持卡人於樂活網刷卡購票可享66折優惠'),
(449, 1430, 'movieScore', '欣欣秀泰影城 ', ' 持卡人於樂活網刷卡購票可享66折優惠'),
(450, 1430, 'insuranceScore', 'Zani Viaggi ', ' 所有購物團享9折優惠'),
(451, 1430, 'insuranceScore', 'Zani Viaggi ', ' 一日遊觀光團享9折優惠'),
(452, 1430, 'insuranceScore', 'Zani Viaggi ', ' 所有米蘭城市觀光團享9折優惠'),
(453, 1430, 'shoppingScore', 'Marui Imai ', ' 刷卡消費滿日幣50,000元可獲贈價值日幣1,000元的三越伊勢丹集團禮券'),
(454, 1430, 'shoppingScore', 'Premium Outlets ', ' 刷卡消費滿日幣40,000元即可獲贈禮品'),
(455, 1430, 'shoppingScore', 'Kojima ', ' 單日刷卡消費滿日幣5,264元享95折優惠'),
(456, 1430, 'cashBackScore', 'Yahoo奇摩超級商城 ', ' 消費刷卡，可享2%現金回饋，每期上限300元，超出回饋者以0.7%計算現金回饋'),
(457, 1430, 'cashBackScore', 'PChome購物 ', ' 消費刷卡，可享2%現金回饋，每期上限300元，超出回饋者以0.7%計算現金回饋'),
(458, 1430, 'cashBackScore', '團購網 ', ' 消費刷卡，可享2%現金回饋，每期上限300元，超出回饋者以0.7%計算現金回饋'),
(459, 1430, 'mileageScore', '大陸包車王 ', ' 包車獨享85折優惠'),
(460, 1430, 'mileageScore', '肯驛國際 ', ' 享台北至桃園國際機場接送NT$799起'),
(461, 1430, 'mileageScore', '吉泰停車場 ', ' 享每年2次每次7天之免費停車服務'),
(462, 1430, 'otherScore', 'GNC健安喜 ', ' 免費加入GNC會員'),
(463, 1431, 'insuranceScore', '六福村主題遊樂園 ', ' 享樂園入園門票買一送一'),
(464, 1431, 'insuranceScore', '義大遊樂世界 ', ' 二張門票享優惠價'),
(465, 1431, 'insuranceScore', '雄獅旅遊 ', ' 雄獅旅遊【日本嚴選】主題行程全館折新台幣2,000元'),
(466, 1431, 'cashBackScore', 'Yahoo奇摩超級商城 ', ' 消費刷卡，可享2%現金回饋，每期上限300元，超出回饋者以0.7%計算現金回饋'),
(467, 1431, 'cashBackScore', 'PChome購物 ', ' 消費刷卡，可享2%現金回饋，每期上限300元，超出回饋者以0.7%計算現金回饋'),
(468, 1431, 'cashBackScore', '團購網 ', ' 消費刷卡，可享2%現金回饋，每期上限300元，超出回饋者以0.7%計算現金回饋'),
(469, 1431, 'mileageScore', 'TMS全鋒事業 ', ' 台灣地區國際機場接送新台幣588元起'),
(470, 1431, 'mileageScore', '中國東方航空 ', ' 買指定航線、指定艙等之單程或來回機票，即可享有機票最高9折禮遇'),
(471, 1431, 'mileageScore', '宜泊資訊科技 ', ' 機場代泊享85折'),
(472, 1431, 'otherScore', '台中高爾夫球場 ', ' 平日優惠價新台幣2,300元，假日優惠價新台幣2,700元'),
(473, 1431, 'otherScore', '老爺關西高爾夫球場 ', ' 平日優惠價新台幣2,790元，假日優惠價新台幣3,450元'),
(474, 1431, 'otherScore', '高雄高爾夫球場(澄清湖) ', ' 平日優惠價新台幣1,920元，假日優惠價新台幣2,915元'),
(475, 1432, 'insuranceScore', 'BESPOQE威尼斯漫遊 ', ' 飯店房間升等'),
(476, 1432, 'insuranceScore', '逸寬文旅大安館 ', ' 入住享優惠價每晚新台幣5,000元+10%服務費'),
(477, 1432, 'insuranceScore', '逸寬文旅信義館 ', ' 入住享優惠價每晚新台幣5,000元+11%服務費'),
(478, 1432, 'cashBackScore', 'Yahoo奇摩超級商城 ', ' 消費刷卡，可享2%現金回饋，每期上限300元，超出回饋者以0.7%計算現金回饋'),
(479, 1432, 'cashBackScore', 'PChome購物 ', ' 消費刷卡，可享2%現金回饋，每期上限300元，超出回饋者以0.7%計算現金回饋'),
(480, 1432, 'cashBackScore', '團購網 ', ' 消費刷卡，可享2%現金回饋，每期上限300元，超出回饋者以0.7%計算現金回饋'),
(481, 1432, 'mileageScore', 'TMS全鋒事業 ', ' 台灣地區國際機場接送新台幣788元起'),
(482, 1432, 'mileageScore', '中國東方航空 ', ' 買指定航線、指定艙等之單程或來回機票，即可享有機票最高9折禮遇'),
(483, 1432, 'mileageScore', '宜泊資訊科技 ', ' 機場代泊享85折'),
(484, 1432, 'otherScore', '澄清醫院柏忕健康管理中心 ', ' 健康腸在專案價新台幣22,500元'),
(485, 1432, 'otherScore', 'ANTI-AGING LIFE CENT', ' 購買任何 TheraSpa 療程皆可享有8折優惠'),
(486, 1432, 'otherScore', '北京嘉裡大酒店 ', ' 健身享年度會員9折優惠'),
(487, 1433, 'eatingScore', 'Kokorogi ', ' 刷卡用餐享10%優惠折扣'),
(488, 1433, 'eatingScore', '上海菜館 ', ' 刷卡用餐享10%優惠折扣'),
(489, 1433, 'eatingScore', 'Gaspard and Lisa Res', ' 刷卡用餐享10%優惠折扣'),
(490, 1433, 'insuranceScore', 'Mt. Kachi Kachi Rope', ' 享來回票價20%之優惠折扣'),
(491, 1433, 'insuranceScore', '北海道新千歲國際機場 ', ' 買機場巴士乘車券可享8折優惠'),
(492, 1433, 'insuranceScore', '東京成田國際機場 ', ' 買機場巴士乘車券可享8折優惠'),
(493, 1433, 'cashBackScore', '森森購物網 ', ' 享網路購物平台價值新台幣200元之回饋金'),
(494, 1433, 'cashBackScore', '東森購物網 ', ' 享網路購物平台價值新台幣200元之回饋金'),
(495, 1433, 'cashBackScore', 'GoHappy快樂購物網 ', ' 享網路購物平台價值新台幣200元之回饋金'),
(496, 1433, 'mileageScore', '展億停車場 ', ' 享每年6次每次7天之免費停車服務'),
(497, 1433, 'otherScore', 'GNC健安喜 ', ' 免費加入GNC會員'),
(498, 1433, 'parkingScore', '和相租車 ', ' 單筆達新台幣60,000元以上指定國際機場接送去回程各1次之免費'),
(499, 1433, 'parkingScore', '和相租車 ', ' 刷卡機票或團費金額單筆達新台幣30,000元以上，享指定國際機場接送去程或回程'),
(500, 1434, 'eatingScore', 'Kokorogi ', ' 刷卡用餐享10%優惠折扣'),
(501, 1434, 'eatingScore', '上海菜館 ', ' 刷卡用餐享10%優惠折扣'),
(502, 1434, 'eatingScore', 'Gaspard and Lisa Res', ' 刷卡用餐享10%優惠折扣'),
(503, 1434, 'insuranceScore', 'Mt. Kachi Kachi Rope', ' 享來回票價20%之優惠折扣'),
(504, 1434, 'insuranceScore', '北海道新千歲國際機場 ', ' 買機場巴士乘車券可享8折優惠'),
(505, 1434, 'insuranceScore', '東京成田國際機場 ', ' 買機場巴士乘車券可享8折優惠'),
(506, 1434, 'cashBackScore', 'Yahoo奇摩超級商城 ', ' 消費刷卡，可享2%現金回饋，每期上限300元，超出回饋者以0.7%計算現金回饋'),
(507, 1434, 'cashBackScore', 'PChome購物 ', ' 消費刷卡，可享2%現金回饋，每期上限300元，超出回饋者以0.7%計算現金回饋'),
(508, 1434, 'cashBackScore', '團購網 ', ' 消費刷卡，可享2%現金回饋，每期上限300元，超出回饋者以0.7%計算現金回饋'),
(509, 1434, 'mileageScore', '展億停車場 ', ' 享每年6次每次7天之免費停車服務'),
(510, 1434, 'mileageScore', '大鵬國際停車場 ', ' 享每年6次每次7天之免費停車服務'),
(511, 1434, 'otherScore', 'GNC健安喜 ', ' 免費加入GNC會員'),
(512, 1435, 'eatingScore', 'TOSCANA義大利餐廳 ', ' 下午茶二人同行每人享優惠NT$560起'),
(513, 1435, 'eatingScore', '八方燴西餐廳 ', ' 下午茶二人同行每人享優惠NT$475起'),
(514, 1435, 'eatingScore', '漢來海港餐廳台中店 ', ' 下午茶二人同行每人享優惠NT$500起'),
(515, 1435, 'movieScore', '板橋秀泰影城 ', ' 二人同行每人享優惠NT$215起'),
(516, 1435, 'movieScore', '今日秀泰影城 ', ' 二人同行每人享優惠NT$215起'),
(517, 1435, 'movieScore', '欣欣秀泰影城 ', ' 二人同行每人享優惠NT$215起'),
(518, 1435, 'insuranceScore', '新北翰品酒店 ', ' 二人入住享雅緻客房優惠價NT$2,900'),
(519, 1435, 'insuranceScore', '桃園翰品酒店 ', ' 二人入住享雅緻客房優惠價NT$2,600'),
(520, 1435, 'insuranceScore', '新竹芙洛麗大飯店 ', ' 二人入住享自由客房優惠價NT$3,250'),
(521, 1435, 'shoppingScore', 'Marui Imai ', ' 刷卡消費滿日幣50,000元可獲贈價值日幣1,000元的三越伊勢丹集團禮券'),
(522, 1435, 'shoppingScore', 'Premium Outlets ', ' 刷卡消費滿日幣40,000元即可獲贈禮品'),
(523, 1435, 'shoppingScore', 'Kojima ', ' 單日刷卡消費滿日幣5,264元享95折優惠'),
(524, 1435, 'cashBackScore', 'Yahoo奇摩超級商城 ', ' 消費刷卡，可享2%現金回饋，每期上限300元，超出回饋者以0.7%計算現金回饋'),
(525, 1435, 'cashBackScore', 'PChome購物 ', ' 消費刷卡，可享2%現金回饋，每期上限300元，超出回饋者以0.7%計算現金回饋'),
(526, 1435, 'cashBackScore', '團購網 ', ' 消費刷卡，可享2%現金回饋，每期上限300元，超出回饋者以0.7%計算現金回饋'),
(527, 1435, 'mileageScore', '大陸包車王 ', ' 包車獨享85折優惠'),
(528, 1435, 'mileageScore', '肯驛國際 ', ' 大台北機場接送享優惠價NT$480起 '),
(529, 1435, 'mileageScore', '肯驛國際 ', ' 享台北至桃園國際機場接送NT$588起'),
(530, 1435, 'otherScore', 'ALFA健身俱樂部 ', ' 享優惠價NT$299起/人'),
(531, 1435, 'otherScore', 'GNC健安喜 ', ' 免費加入GNC會員'),
(532, 1436, 'eatingScore', 'TOSCANA義大利餐廳 ', ' 週一至週五二人同行持卡人享下午茶68折優惠'),
(533, 1436, 'eatingScore', '玫瑰烘焙坊 ', ' 週一至週五二人同行持卡人享下午茶68折優惠'),
(534, 1436, 'movieScore', '板橋秀泰影城 ', ' 持卡人於樂活網刷卡購票可享66折優惠'),
(535, 1436, 'movieScore', '今日秀泰影城 ', ' 持卡人於樂活網刷卡購票可享66折優惠'),
(536, 1436, 'movieScore', '欣欣秀泰影城 ', ' 持卡人於樂活網刷卡購票可享66折優惠'),
(537, 1436, 'insuranceScore', 'Zani Viaggi ', ' 所有購物團享9折優惠'),
(538, 1436, 'insuranceScore', 'Zani Viaggi ', ' 一日遊觀光團享9折優惠'),
(539, 1436, 'insuranceScore', 'Zani Viaggi ', ' 所有米蘭城市觀光團享9折優惠'),
(540, 1436, 'shoppingScore', 'Marui Imai ', ' 刷卡消費滿日幣50,000元可獲贈價值日幣1,000元的三越伊勢丹集團禮券'),
(541, 1436, 'shoppingScore', 'Premium Outlets ', ' 刷卡消費滿日幣40,000元即可獲贈禮品'),
(542, 1436, 'shoppingScore', 'Kojima ', ' 單日刷卡消費滿日幣5,264元享95折優惠'),
(543, 1436, 'cashBackScore', 'Yahoo奇摩超級商城 ', ' 消費刷卡，可享2%現金回饋，每期上限300元，超出回饋者以0.7%計算現金回饋'),
(544, 1436, 'cashBackScore', 'PChome購物 ', ' 消費刷卡，可享2%現金回饋，每期上限300元，超出回饋者以0.7%計算現金回饋'),
(545, 1436, 'cashBackScore', '團購網 ', ' 消費刷卡，可享2%現金回饋，每期上限300元，超出回饋者以0.7%計算現金回饋'),
(546, 1436, 'mileageScore', '大陸包車王 ', ' 包車獨享85折優惠'),
(547, 1436, 'mileageScore', '肯驛國際 ', ' 享台北至桃園國際機場接送NT$799起'),
(548, 1436, 'mileageScore', '吉泰停車場 ', ' 享每年2次每次7天之免費停車服務'),
(549, 1436, 'otherScore', 'GNC健安喜 ', ' 免費加入GNC會員'),
(550, 1437, 'insuranceScore', '六福村主題遊樂園 ', ' 享樂園入園門票買一送一'),
(551, 1437, 'insuranceScore', '義大遊樂世界 ', ' 二張門票享優惠價'),
(552, 1437, 'insuranceScore', '雄獅旅遊 ', ' 雄獅旅遊【日本嚴選】主題行程全館折新台幣2,000元'),
(553, 1437, 'cashBackScore', 'Yahoo奇摩超級商城 ', ' 消費刷卡，可享2%現金回饋，每期上限300元，超出回饋者以0.7%計算現金回饋'),
(554, 1437, 'cashBackScore', 'PChome購物 ', ' 消費刷卡，可享2%現金回饋，每期上限300元，超出回饋者以0.7%計算現金回饋'),
(555, 1437, 'cashBackScore', '團購網 ', ' 消費刷卡，可享2%現金回饋，每期上限300元，超出回饋者以0.7%計算現金回饋'),
(556, 1437, 'mileageScore', 'TMS全鋒事業 ', ' 台灣地區國際機場接送新台幣588元起'),
(557, 1437, 'mileageScore', '中國東方航空 ', ' 買指定航線、指定艙等之單程或來回機票，即可享有機票最高9折禮遇'),
(558, 1437, 'mileageScore', '宜泊資訊科技 ', ' 機場代泊享85折'),
(559, 1437, 'otherScore', '台中高爾夫球場 ', ' 平日優惠價新台幣2,300元，假日優惠價新台幣2,700元'),
(560, 1437, 'otherScore', '老爺關西高爾夫球場 ', ' 平日優惠價新台幣2,790元，假日優惠價新台幣3,450元'),
(561, 1437, 'otherScore', '高雄高爾夫球場(澄清湖) ', ' 平日優惠價新台幣1,920元，假日優惠價新台幣2,915元'),
(562, 1438, 'insuranceScore', 'BESPOQE威尼斯漫遊 ', ' 飯店房間升等'),
(563, 1438, 'insuranceScore', '逸寬文旅大安館 ', ' 入住享優惠價每晚新台幣5,000元+10%服務費'),
(564, 1438, 'insuranceScore', '逸寬文旅信義館 ', ' 入住享優惠價每晚新台幣5,000元+11%服務費'),
(565, 1438, 'cashBackScore', 'Yahoo奇摩超級商城 ', ' 消費刷卡，可享2%現金回饋，每期上限300元，超出回饋者以0.7%計算現金回饋'),
(566, 1438, 'cashBackScore', 'PChome購物 ', ' 消費刷卡，可享2%現金回饋，每期上限300元，超出回饋者以0.7%計算現金回饋'),
(567, 1438, 'cashBackScore', '團購網 ', ' 消費刷卡，可享2%現金回饋，每期上限300元，超出回饋者以0.7%計算現金回饋'),
(568, 1438, 'mileageScore', 'TMS全鋒事業 ', ' 台灣地區國際機場接送新台幣788元起'),
(569, 1438, 'mileageScore', '中國東方航空 ', ' 買指定航線、指定艙等之單程或來回機票，即可享有機票最高9折禮遇'),
(570, 1438, 'mileageScore', '宜泊資訊科技 ', ' 機場代泊享85折'),
(571, 1438, 'otherScore', '澄清醫院柏忕健康管理中心 ', ' 健康腸在專案價新台幣22,500元'),
(572, 1438, 'otherScore', 'ANTI-AGING LIFE CENT', ' 購買任何 TheraSpa 療程皆可享有8折優惠'),
(573, 1438, 'otherScore', '北京嘉裡大酒店 ', ' 健身享年度會員9折優惠'),
(574, 1439, 'insuranceScore', '六福村主題遊樂園 ', ' 享樂園入園門票買一送一'),
(575, 1439, 'insuranceScore', '義大遊樂世界 ', ' 二張門票享優惠價'),
(576, 1439, 'insuranceScore', '雄獅旅遊 ', ' 雄獅旅遊【日本嚴選】主題行程全館折新台幣2,000元'),
(577, 1439, 'bonusScore', 'SOGO ', ' 持卡消費享5倍紅利回饋，回饋無上限'),
(578, 1439, 'bonusScore', '微風廣場 ', ' 持卡消費享5倍紅利回饋，回饋無上限'),
(579, 1439, 'bonusScore', '遠東百貨 ', ' 持卡消費享5倍紅利回饋，回饋無上限'),
(580, 1439, 'mileageScore', 'TMS全鋒事業 ', ' 台灣地區國際機場接送新台幣588元起'),
(581, 1439, 'mileageScore', '中國東方航空 ', ' 買指定航線、指定艙等之單程或來回機票，即可享有機票最高9折禮遇'),
(582, 1439, 'mileageScore', '宜泊資訊科技 ', ' 機場代泊享85折'),
(583, 1439, 'otherScore', '台中高爾夫球場 ', ' 平日優惠價新台幣2,300元，假日優惠價新台幣2,700元'),
(584, 1439, 'otherScore', '老爺關西高爾夫球場 ', ' 平日優惠價新台幣2,790元，假日優惠價新台幣3,450元'),
(585, 1439, 'otherScore', '高雄高爾夫球場(澄清湖) ', ' 平日優惠價新台幣1,920元，假日優惠價新台幣2,915元'),
(586, 1439, 'parkingScore', '嘟嘟房停車場 ', ' 每停車2小時扣抵1,200點紅利，每天限用1次，每次2小時'),
(587, 1439, 'parkingScore', '台灣聯通停車場 ', ' 每停車2小時扣抵1,200點紅利，每天限用1次，每次2小時'),
(588, 1440, 'insuranceScore', '六福村主題遊樂園 ', ' 享樂園入園門票買一送一'),
(589, 1440, 'insuranceScore', '義大遊樂世界 ', ' 二張門票享優惠價'),
(590, 1440, 'insuranceScore', '雄獅旅遊 ', ' 雄獅旅遊【日本嚴選】主題行程全館折新台幣2,000元'),
(591, 1440, 'mileageScore', 'TMS全鋒事業 ', ' 台灣地區國際機場接送新台幣588元起'),
(592, 1440, 'mileageScore', '中國東方航空 ', ' 買指定航線、指定艙等之單程或來回機票，即可享有機票最高9折禮遇'),
(593, 1440, 'mileageScore', '宜泊資訊科技 ', ' 機場代泊享85折'),
(594, 1440, 'otherScore', '台中高爾夫球場 ', ' 平日優惠價新台幣2,300元，假日優惠價新台幣2,700元'),
(595, 1440, 'otherScore', '老爺關西高爾夫球場 ', ' 平日優惠價新台幣2,790元，假日優惠價新台幣3,450元'),
(596, 1440, 'otherScore', '高雄高爾夫球場(澄清湖) ', ' 平日優惠價新台幣1,920元，假日優惠價新台幣2,915元'),
(597, 1440, 'parkingScore', '紅利回饋方案 ', ' 當期帳單新增帳單金額達5,000元以上者，其該帳單內於週末之消費更可享紅利3倍'),
(598, 1440, 'parkingScore', '嘟嘟房停車場 ', ' 每停車2小時扣抵1,200點紅利，每天限用1次，每次2小時'),
(599, 1440, 'parkingScore', '台灣聯通停車場 ', ' 每停車2小時扣抵1,200點紅利，每天限用1次，每次2小時'),
(600, 1441, 'eatingScore', 'TOSCANA義大利餐廳 ', ' 下午茶二人同行每人享優惠NT$560起'),
(601, 1441, 'eatingScore', '八方燴西餐廳 ', ' 下午茶二人同行每人享優惠NT$475起'),
(602, 1441, 'eatingScore', '漢來海港餐廳台中店 ', ' 下午茶二人同行每人享優惠NT$500起'),
(603, 1441, 'movieScore', '板橋秀泰影城 ', ' 二人同行每人享優惠NT$215起'),
(604, 1441, 'movieScore', '今日秀泰影城 ', ' 二人同行每人享優惠NT$215起'),
(605, 1441, 'movieScore', '欣欣秀泰影城 ', ' 二人同行每人享優惠NT$215起'),
(606, 1441, 'insuranceScore', '新北翰品酒店 ', ' 二人入住享雅緻客房優惠價NT$2,900'),
(607, 1441, 'insuranceScore', '桃園翰品酒店 ', ' 二人入住享雅緻客房優惠價NT$2,600'),
(608, 1441, 'insuranceScore', '新竹芙洛麗大飯店 ', ' 二人入住享自由客房優惠價NT$3,250'),
(609, 1441, 'shoppingScore', 'Marui Imai ', ' 刷卡消費滿日幣50,000元可獲贈價值日幣1,000元的三越伊勢丹集團禮券'),
(610, 1441, 'shoppingScore', 'Premium Outlets ', ' 刷卡消費滿日幣40,000元即可獲贈禮品'),
(611, 1441, 'shoppingScore', 'Kojima ', ' 單日刷卡消費滿日幣5,264元享95折優惠'),
(612, 1441, 'cashBackScore', '指定航空公司 ', ' 消費滿新臺幣3,000元，享3%現金回饋'),
(613, 1441, 'cashBackScore', '台灣高鐵 ', ' 消費滿新臺幣3,000元，享3%現金回饋'),
(614, 1441, 'cashBackScore', '台鐵 ', ' 消費滿新臺幣3,000元，享3%現金回饋'),
(615, 1441, 'bonusScore', '麗寶樂園 ', ' 消費享紅利點數2倍送'),
(616, 1441, 'bonusScore', '麗寶OUTLET MALL ', ' 消費享紅利點數2倍送'),
(617, 1441, 'mileageScore', '大陸包車王 ', ' 包車獨享85折優惠'),
(618, 1441, 'mileageScore', '肯驛國際 ', ' 大台北機場接送享優惠價NT$480起 '),
(619, 1441, 'otherScore', 'ALFA健身俱樂部 ', ' 享優惠價NT$299起/人'),
(620, 1441, 'parkingScore', '五福停車場 ', ' 一年15天不限次數的免費桃園國際機場週邊停車服務(刷卡購買當次國際線全額機票或'),
(621, 1442, 'eatingScore', 'TOSCANA義大利餐廳 ', ' 週一至週五二人同行持卡人享下午茶68折優惠'),
(622, 1442, 'eatingScore', '玫瑰烘焙坊 ', ' 週一至週五二人同行持卡人享下午茶68折優惠'),
(623, 1442, 'movieScore', '板橋秀泰影城 ', ' 持卡人於樂活網刷卡購票可享66折優惠'),
(624, 1442, 'movieScore', '今日秀泰影城 ', ' 持卡人於樂活網刷卡購票可享66折優惠'),
(625, 1442, 'movieScore', '欣欣秀泰影城 ', ' 持卡人於樂活網刷卡購票可享66折優惠'),
(626, 1442, 'insuranceScore', 'Zani Viaggi ', ' 所有購物團享9折優惠'),
(627, 1442, 'insuranceScore', 'Zani Viaggi ', ' 一日遊觀光團享9折優惠'),
(628, 1442, 'insuranceScore', 'Zani Viaggi ', ' 所有米蘭城市觀光團享9折優惠'),
(629, 1442, 'shoppingScore', 'Marui Imai ', ' 刷卡消費滿日幣50,000元可獲贈價值日幣1,000元的三越伊勢丹集團禮券'),
(630, 1442, 'shoppingScore', 'Premium Outlets ', ' 刷卡消費滿日幣40,000元即可獲贈禮品'),
(631, 1442, 'shoppingScore', 'Kojima ', ' 單日刷卡消費滿日幣5,264元享95折優惠'),
(632, 1442, 'cashBackScore', '指定航空公司 ', ' 消費滿新臺幣3,000元，享3%現金回饋'),
(633, 1442, 'cashBackScore', '台灣高鐵 ', ' 消費滿新臺幣3,000元，享3%現金回饋'),
(634, 1442, 'cashBackScore', '台鐵 ', ' 消費滿新臺幣3,000元，享3%現金回饋'),
(635, 1442, 'bonusScore', '麗寶樂園 ', ' 消費享紅利點數2倍送'),
(636, 1442, 'bonusScore', '麗寶OUTLET MALL ', ' 消費享紅利點數2倍送'),
(637, 1442, 'mileageScore', '大陸包車王 ', ' 包車獨享85折優惠'),
(638, 1442, 'parkingScore', '五福停車場 ', ' 一年15天不限次數的免費桃園國際機場週邊停車服務(刷卡購買當次國際線全額機票或'),
(639, 1443, 'eatingScore', 'Kokorogi ', ' 刷卡用餐享10%優惠折扣'),
(640, 1443, 'eatingScore', '上海菜館 ', ' 刷卡用餐享10%優惠折扣'),
(641, 1443, 'eatingScore', 'Gaspard and Lisa Res', ' 刷卡用餐享10%優惠折扣'),
(642, 1443, 'insuranceScore', 'Mt. Kachi Kachi Rope', ' 享來回票價20%之優惠折扣'),
(643, 1443, 'insuranceScore', '北海道新千歲國際機場 ', ' 買機場巴士乘車券可享8折優惠'),
(644, 1443, 'insuranceScore', '東京成田國際機場 ', ' 買機場巴士乘車券可享8折優惠'),
(645, 1443, 'shoppingScore', '丸井百貨 ', ' 享稅前價格5%之折扣優惠'),
(646, 1443, 'cashBackScore', '指定航空公司 ', ' 消費滿新臺幣3,000元，享3%現金回饋'),
(647, 1443, 'cashBackScore', '台灣高鐵 ', ' 消費滿新臺幣3,000元，享3%現金回饋'),
(648, 1443, 'cashBackScore', '台鐵 ', ' 消費滿新臺幣3,000元，享3%現金回饋'),
(649, 1443, 'bonusScore', '麗寶OUTLET MALL ', ' 消費享紅利點數2倍送'),
(650, 1444, 'eatingScore', 'TOSCANA義大利餐廳 ', ' 下午茶二人同行每人享優惠NT$560起'),
(651, 1444, 'eatingScore', '八方燴西餐廳 ', ' 下午茶二人同行每人享優惠NT$475起'),
(652, 1444, 'eatingScore', '漢來海港餐廳台中店 ', ' 下午茶二人同行每人享優惠NT$500起'),
(653, 1444, 'movieScore', '板橋秀泰影城 ', ' 二人同行每人享優惠NT$215起'),
(654, 1444, 'movieScore', '今日秀泰影城 ', ' 二人同行每人享優惠NT$215起'),
(655, 1444, 'movieScore', '欣欣秀泰影城 ', ' 二人同行每人享優惠NT$215起'),
(656, 1444, 'insuranceScore', '新北翰品酒店 ', ' 二人入住享雅緻客房優惠價NT$2,900'),
(657, 1444, 'insuranceScore', '桃園翰品酒店 ', ' 二人入住享雅緻客房優惠價NT$2,600'),
(658, 1444, 'insuranceScore', '新竹芙洛麗大飯店 ', ' 二人入住享自由客房優惠價NT$3,250'),
(659, 1444, 'shoppingScore', 'Marui Imai ', ' 刷卡消費滿日幣50,000元可獲贈價值日幣1,000元的三越伊勢丹集團禮券'),
(660, 1444, 'shoppingScore', 'Premium Outlets ', ' 刷卡消費滿日幣40,000元即可獲贈禮品'),
(661, 1444, 'shoppingScore', 'Kojima ', ' 單日刷卡消費滿日幣5,264元享95折優惠'),
(662, 1444, 'mileageScore', '大陸包車王 ', ' 包車獨享85折優惠'),
(663, 1444, 'mileageScore', '肯驛國際 ', ' 大台北機場接送享優惠價NT$480起 '),
(664, 1444, 'otherScore', 'ALFA健身俱樂部 ', ' 享優惠價NT$299起/人'),
(665, 1445, 'eatingScore', 'Kokorogi ', ' 刷卡用餐享10%優惠折扣'),
(666, 1445, 'eatingScore', '上海菜館 ', ' 刷卡用餐享10%優惠折扣'),
(667, 1445, 'eatingScore', 'Gaspard and Lisa Res', ' 刷卡用餐享10%優惠折扣'),
(668, 1445, 'insuranceScore', 'Mt. Kachi Kachi Rope', ' 享來回票價20%之優惠折扣'),
(669, 1445, 'insuranceScore', '北海道新千歲國際機場 ', ' 買機場巴士乘車券可享8折優惠'),
(670, 1445, 'insuranceScore', '東京成田國際機場 ', ' 買機場巴士乘車券可享8折優惠'),
(671, 1445, 'cashBackScore', '森森購物網 ', ' 享網路購物平台價值新台幣200元之回饋金'),
(672, 1445, 'cashBackScore', '東森購物網 ', ' 享網路購物平台價值新台幣200元之回饋金'),
(673, 1445, 'cashBackScore', 'GoHappy快樂購物網 ', ' 享網路購物平台價值新台幣200元之回饋金'),
(674, 1445, 'parkingScore', '和相租車 ', ' 單筆達新台幣60,000元以上指定國際機場接送去回程各1次之免費'),
(675, 1446, 'eatingScore', 'TOSCANA義大利餐廳 ', ' 下午茶二人同行每人享優惠NT$560起'),
(676, 1446, 'eatingScore', '八方燴西餐廳 ', ' 下午茶二人同行每人享優惠NT$475起'),
(677, 1446, 'eatingScore', '漢來海港餐廳台中店 ', ' 下午茶二人同行每人享優惠NT$500起'),
(678, 1446, 'movieScore', '板橋秀泰影城 ', ' 二人同行每人享優惠NT$215起'),
(679, 1446, 'movieScore', '今日秀泰影城 ', ' 二人同行每人享優惠NT$215起'),
(680, 1446, 'movieScore', '欣欣秀泰影城 ', ' 二人同行每人享優惠NT$215起'),
(681, 1446, 'insuranceScore', '新北翰品酒店 ', ' 二人入住享雅緻客房優惠價NT$2,900'),
(682, 1446, 'insuranceScore', '桃園翰品酒店 ', ' 二人入住享雅緻客房優惠價NT$2,600'),
(683, 1446, 'insuranceScore', '新竹芙洛麗大飯店 ', ' 二人入住享自由客房優惠價NT$3,250'),
(684, 1446, 'shoppingScore', 'Marui Imai ', ' 刷卡消費滿日幣50,000元可獲贈價值日幣1,000元的三越伊勢丹集團禮券'),
(685, 1446, 'shoppingScore', 'Premium Outlets ', ' 刷卡消費滿日幣40,000元即可獲贈禮品'),
(686, 1446, 'shoppingScore', 'Kojima ', ' 單日刷卡消費滿日幣5,264元享95折優惠'),
(687, 1446, 'mileageScore', '大陸包車王 ', ' 包車獨享85折優惠'),
(688, 1446, 'mileageScore', '肯驛國際 ', ' 大台北機場接送享優惠價NT$480起 '),
(689, 1446, 'otherScore', 'ALFA健身俱樂部 ', ' 享優惠價NT$299起/人'),
(690, 1447, 'eatingScore', 'TOSCANA義大利餐廳 ', ' 下午茶二人同行每人享優惠NT$560起'),
(691, 1447, 'eatingScore', '八方燴西餐廳 ', ' 下午茶二人同行每人享優惠NT$475起'),
(692, 1447, 'eatingScore', '漢來海港餐廳台中店 ', ' 下午茶二人同行每人享優惠NT$500起'),
(693, 1447, 'movieScore', '板橋秀泰影城 ', ' 二人同行每人享優惠NT$215起'),
(694, 1447, 'movieScore', '今日秀泰影城 ', ' 二人同行每人享優惠NT$215起'),
(695, 1447, 'movieScore', '欣欣秀泰影城 ', ' 二人同行每人享優惠NT$215起'),
(696, 1447, 'insuranceScore', '新北翰品酒店 ', ' 二人入住享雅緻客房優惠價NT$2,900'),
(697, 1447, 'insuranceScore', '桃園翰品酒店 ', ' 二人入住享雅緻客房優惠價NT$2,600'),
(698, 1447, 'insuranceScore', '新竹芙洛麗大飯店 ', ' 二人入住享自由客房優惠價NT$3,250'),
(699, 1447, 'shoppingScore', 'Marui Imai ', ' 刷卡消費滿日幣50,000元可獲贈價值日幣1,000元的三越伊勢丹集團禮券'),
(700, 1447, 'shoppingScore', 'Premium Outlets ', ' 刷卡消費滿日幣40,000元即可獲贈禮品'),
(701, 1447, 'shoppingScore', 'Kojima ', ' 單日刷卡消費滿日幣5,264元享95折優惠'),
(702, 1447, 'mileageScore', '大陸包車王 ', ' 包車獨享85折優惠'),
(703, 1447, 'mileageScore', '肯驛國際 ', ' 大台北機場接送享優惠價NT$480起 '),
(704, 1447, 'otherScore', 'ALFA健身俱樂部 ', ' 享優惠價NT$299起/人'),
(705, 1448, 'eatingScore', 'Kokorogi ', ' 刷卡用餐享10%優惠折扣'),
(706, 1448, 'eatingScore', '上海菜館 ', ' 刷卡用餐享10%優惠折扣'),
(707, 1448, 'eatingScore', 'Gaspard and Lisa Res', ' 刷卡用餐享10%優惠折扣'),
(708, 1448, 'insuranceScore', 'Mt. Kachi Kachi Rope', ' 享來回票價20%之優惠折扣'),
(709, 1448, 'insuranceScore', '北海道新千歲國際機場 ', ' 買機場巴士乘車券可享8折優惠'),
(710, 1448, 'insuranceScore', '東京成田國際機場 ', ' 買機場巴士乘車券可享8折優惠'),
(711, 1448, 'shoppingScore', '丸井百貨 ', ' 享稅前價格5%之折扣優惠'),
(712, 1448, 'shoppingScore', '統一時代台北店 ', ' 每週二當日於館內單筆消費滿888元以上，即可兌換『100元』統一時代百貨台北店'),
(713, 1448, 'shoppingScore', 'GAP(台北統一時代) ', ' 當日累積消費每滿1,000元以上，贈統一時代百貨台北店『100元商品抵用券』乙'),
(714, 1448, 'cashBackScore', '森森購物網 ', ' 享網路購物平台價值新台幣200元之回饋金'),
(715, 1448, 'cashBackScore', '東森購物網 ', ' 享網路購物平台價值新台幣200元之回饋金'),
(716, 1448, 'cashBackScore', 'GoHappy快樂購物網 ', ' 享網路購物平台價值新台幣200元之回饋金'),
(717, 1448, 'parkingScore', '和相租車 ', ' 單筆達新台幣60,000元以上指定國際機場接送去回程各1次之免費'),
(718, 1448, 'parkingScore', '五福停車場 ', ' 一年15天不限次數的免費桃園國際機場週邊停車服務(刷卡購買當次國際線全額機票或'),
(719, 1449, 'eatingScore', 'TOSCANA義大利餐廳 ', ' 下午茶二人同行每人享優惠NT$560起'),
(720, 1449, 'eatingScore', '八方燴西餐廳 ', ' 下午茶二人同行每人享優惠NT$475起'),
(721, 1449, 'eatingScore', '漢來海港餐廳台中店 ', ' 下午茶二人同行每人享優惠NT$500起'),
(722, 1449, 'movieScore', '板橋秀泰影城 ', ' 二人同行每人享優惠NT$215起'),
(723, 1449, 'movieScore', '今日秀泰影城 ', ' 二人同行每人享優惠NT$215起'),
(724, 1449, 'movieScore', '欣欣秀泰影城 ', ' 二人同行每人享優惠NT$215起'),
(725, 1449, 'insuranceScore', '新北翰品酒店 ', ' 二人入住享雅緻客房優惠價NT$2,900'),
(726, 1449, 'insuranceScore', '桃園翰品酒店 ', ' 二人入住享雅緻客房優惠價NT$2,600'),
(727, 1449, 'insuranceScore', '新竹芙洛麗大飯店 ', ' 二人入住享自由客房優惠價NT$3,250'),
(728, 1449, 'shoppingScore', 'Marui Imai ', ' 刷卡消費滿日幣50,000元可獲贈價值日幣1,000元的三越伊勢丹集團禮券'),
(729, 1449, 'shoppingScore', 'Premium Outlets ', ' 刷卡消費滿日幣40,000元即可獲贈禮品'),
(730, 1449, 'shoppingScore', 'Kojima ', ' 單日刷卡消費滿日幣5,264元享95折優惠'),
(731, 1449, 'bonusScore', '台北市立動物園 ', ' 捐款享紅利點數3倍回饋'),
(732, 1449, 'bonusScore', '臺灣黑熊保育協會 ', ' 捐款享紅利點數3倍回饋'),
(733, 1449, 'bonusScore', '中華民國保護動物協會 ', ' 捐款享紅利點數3倍回饋'),
(734, 1449, 'mileageScore', '大陸包車王 ', ' 包車獨享85折優惠'),
(735, 1449, 'mileageScore', '肯驛國際 ', ' 大台北機場接送享優惠價NT$480起 '),
(736, 1449, 'otherScore', 'ALFA健身俱樂部 ', ' 享優惠價NT$299起/人'),
(737, 1450, 'insuranceScore', '六福村主題遊樂園 ', ' 享樂園入園門票買一送一'),
(738, 1450, 'insuranceScore', '義大遊樂世界 ', ' 二張門票享優惠價'),
(739, 1450, 'insuranceScore', '雄獅旅遊 ', ' 雄獅旅遊【日本嚴選】主題行程全館折新台幣2,000元'),
(740, 1450, 'bonusScore', '臺灣黑熊保育協會 ', ' 捐款享紅利點數3倍回饋'),
(741, 1450, 'bonusScore', '中華民國保護動物協會 ', ' 捐款享紅利點數3倍回饋'),
(742, 1450, 'mileageScore', 'TMS全鋒事業 ', ' 台灣地區國際機場接送新台幣588元起'),
(743, 1450, 'mileageScore', '中國東方航空 ', ' 買指定航線、指定艙等之單程或來回機票，即可享有機票最高9折禮遇'),
(744, 1450, 'otherScore', '台中高爾夫球場 ', ' 平日優惠價新台幣2,300元，假日優惠價新台幣2,700元'),
(745, 1450, 'otherScore', '老爺關西高爾夫球場 ', ' 平日優惠價新台幣2,790元，假日優惠價新台幣3,450元'),
(746, 1450, 'otherScore', '高雄高爾夫球場(澄清湖) ', ' 平日優惠價新台幣1,920元，假日優惠價新台幣2,915元'),
(747, 1451, 'eatingScore', 'TOSCANA義大利餐廳 ', ' 下午茶二人同行每人享優惠NT$560起'),
(748, 1451, 'eatingScore', '八方燴西餐廳 ', ' 下午茶二人同行每人享優惠NT$475起'),
(749, 1451, 'eatingScore', '漢來海港餐廳台中店 ', ' 下午茶二人同行每人享優惠NT$500起'),
(750, 1451, 'movieScore', '板橋秀泰影城 ', ' 二人同行每人享優惠NT$215起'),
(751, 1451, 'movieScore', '今日秀泰影城 ', ' 二人同行每人享優惠NT$215起'),
(752, 1451, 'movieScore', '欣欣秀泰影城 ', ' 二人同行每人享優惠NT$215起'),
(753, 1451, 'insuranceScore', '新北翰品酒店 ', ' 二人入住享雅緻客房優惠價NT$2,900'),
(754, 1451, 'insuranceScore', '桃園翰品酒店 ', ' 二人入住享雅緻客房優惠價NT$2,600'),
(755, 1451, 'insuranceScore', '新竹芙洛麗大飯店 ', ' 二人入住享自由客房優惠價NT$3,250'),
(756, 1451, 'shoppingScore', 'Marui Imai ', ' 刷卡消費滿日幣50,000元可獲贈價值日幣1,000元的三越伊勢丹集團禮券'),
(757, 1451, 'shoppingScore', 'Premium Outlets ', ' 刷卡消費滿日幣40,000元即可獲贈禮品'),
(758, 1451, 'shoppingScore', 'Kojima ', ' 單日刷卡消費滿日幣5,264元享95折優惠'),
(759, 1451, 'mileageScore', '大陸包車王 ', ' 包車獨享85折優惠'),
(760, 1451, 'mileageScore', '肯驛國際 ', ' 大台北機場接送享優惠價NT$480起 '),
(761, 1451, 'otherScore', 'ALFA健身俱樂部 ', ' 享優惠價NT$299起/人'),
(762, 1451, 'parkingScore', '五福停車場 ', ' 一年15天不限次數的免費桃園國際機場週邊停車服務(刷卡購買當次國際線全額機票或'),
(763, 1452, 'eatingScore', 'TOSCANA義大利餐廳 ', ' 週一至週五二人同行持卡人享下午茶68折優惠'),
(764, 1452, 'eatingScore', '玫瑰烘焙坊 ', ' 週一至週五二人同行持卡人享下午茶68折優惠'),
(765, 1452, 'movieScore', '板橋秀泰影城 ', ' 持卡人於樂活網刷卡購票可享66折優惠'),
(766, 1452, 'movieScore', '今日秀泰影城 ', ' 持卡人於樂活網刷卡購票可享66折優惠'),
(767, 1452, 'movieScore', '欣欣秀泰影城 ', ' 持卡人於樂活網刷卡購票可享66折優惠'),
(768, 1452, 'insuranceScore', 'Zani Viaggi ', ' 所有購物團享9折優惠'),
(769, 1452, 'insuranceScore', 'Zani Viaggi ', ' 一日遊觀光團享9折優惠'),
(770, 1452, 'insuranceScore', 'Zani Viaggi ', ' 所有米蘭城市觀光團享9折優惠');
INSERT INTO `Discount` (`D_Num`, `C_Num`, `D_Type`, `D_Title`, `D_Content`) VALUES
(771, 1452, 'shoppingScore', 'Marui Imai ', ' 刷卡消費滿日幣50,000元可獲贈價值日幣1,000元的三越伊勢丹集團禮券'),
(772, 1452, 'shoppingScore', 'Premium Outlets ', ' 刷卡消費滿日幣40,000元即可獲贈禮品'),
(773, 1452, 'shoppingScore', 'Kojima ', ' 單日刷卡消費滿日幣5,264元享95折優惠'),
(774, 1452, 'mileageScore', '大陸包車王 ', ' 包車獨享85折優惠'),
(775, 1452, 'parkingScore', '五福停車場 ', ' 一年15天不限次數的免費桃園國際機場週邊停車服務(刷卡購買當次國際線全額機票或'),
(776, 1453, 'movieScore', '板橋秀泰影城 ', ' 持卡人於樂活網刷卡購票可享66折優惠'),
(777, 1453, 'movieScore', '今日秀泰影城 ', ' 持卡人於樂活網刷卡購票可享66折優惠'),
(778, 1453, 'movieScore', '欣欣秀泰影城 ', ' 持卡人於樂活網刷卡購票可享66折優惠'),
(779, 1453, 'insuranceScore', 'Zani Viaggi ', ' 一日遊觀光團享9折優惠'),
(780, 1453, 'insuranceScore', 'Zani Viaggi ', ' 所有米蘭城市觀光團享9折優惠'),
(781, 1453, 'insuranceScore', 'Ghostsigns ', ' 所有導賞團尊享8折優惠'),
(782, 1453, 'shoppingScore', 'Marui Imai ', ' 刷卡消費滿日幣50,000元可獲贈價值日幣1,000元的三越伊勢丹集團禮券'),
(783, 1453, 'shoppingScore', 'Premium Outlets ', ' 刷卡消費滿日幣40,000元即可獲贈禮品'),
(784, 1453, 'shoppingScore', 'Kojima ', ' 單日刷卡消費滿日幣5,264元享95折優惠'),
(785, 1454, 'insuranceScore', '六福村主題遊樂園 ', ' 享樂園入園門票買一送一'),
(786, 1454, 'insuranceScore', '義大遊樂世界 ', ' 二張門票享優惠價'),
(787, 1454, 'insuranceScore', '雄獅旅遊 ', ' 雄獅旅遊【日本嚴選】主題行程全館折新台幣2,000元'),
(788, 1454, 'mileageScore', 'TMS全鋒事業 ', ' 台灣地區國際機場接送新台幣588元起'),
(789, 1454, 'mileageScore', '中國東方航空 ', ' 買指定航線、指定艙等之單程或來回機票，即可享有機票最高9折禮遇'),
(790, 1454, 'otherScore', '台中高爾夫球場 ', ' 平日優惠價新台幣2,300元，假日優惠價新台幣2,700元'),
(791, 1454, 'otherScore', '老爺關西高爾夫球場 ', ' 平日優惠價新台幣2,790元，假日優惠價新台幣3,450元'),
(792, 1454, 'otherScore', '高雄高爾夫球場(澄清湖) ', ' 平日優惠價新台幣1,920元，假日優惠價新台幣2,915元'),
(793, 1454, 'parkingScore', '五福停車場 ', ' 一年15天不限次數的免費桃園國際機場週邊停車服務(刷卡購買當次國際線全額機票或'),
(794, 1455, 'insuranceScore', 'BESPOQE威尼斯漫遊 ', ' 飯店房間升等'),
(795, 1455, 'insuranceScore', '逸寬文旅大安館 ', ' 入住享優惠價每晚新台幣5,000元+10%服務費'),
(796, 1455, 'insuranceScore', '逸寬文旅信義館 ', ' 入住享優惠價每晚新台幣5,000元+11%服務費'),
(797, 1455, 'mileageScore', 'TMS全鋒事業 ', ' 台灣地區國際機場接送新台幣788元起'),
(798, 1455, 'mileageScore', '中國東方航空 ', ' 買指定航線、指定艙等之單程或來回機票，即可享有機票最高9折禮遇'),
(799, 1455, 'otherScore', '澄清醫院柏忕健康管理中心 ', ' 健康腸在專案價新台幣22,500元'),
(800, 1455, 'otherScore', 'ANTI-AGING LIFE CENT', ' 購買任何 TheraSpa 療程皆可享有8折優惠'),
(801, 1455, 'otherScore', '北京嘉裡大酒店 ', ' 健身享年度會員9折優惠'),
(802, 1456, 'insuranceScore', 'HOTELS.COM ', ' 輸入優惠代碼「COF12」享訂房88折'),
(803, 1456, 'insuranceScore', '雅高集團酒店 ', ' 訂酒店住宿，尊享入住兩晚，第三晚免費禮遇'),
(804, 1456, 'insuranceScore', '格雷萬蠟像館 ', ' 享9折優惠'),
(805, 1456, 'otherScore', 'ANTI-AGING LIFE CENT', ' 購買任何 TheraSpa 療程皆可享有8折優惠'),
(806, 1456, 'otherScore', '北京嘉裡大酒店 ', ' 健身享年度會員9折優惠'),
(807, 1456, 'otherScore', '北京醫珍堂診所 ', ' 價格享8折優惠'),
(808, 1457, 'eatingScore', 'Kokorogi ', ' 刷卡用餐享10%優惠折扣'),
(809, 1457, 'eatingScore', '上海菜館 ', ' 刷卡用餐享10%優惠折扣'),
(810, 1457, 'eatingScore', 'Gaspard and Lisa Res', ' 刷卡用餐享10%優惠折扣'),
(811, 1457, 'insuranceScore', 'Mt. Kachi Kachi Rope', ' 享來回票價20%之優惠折扣'),
(812, 1457, 'insuranceScore', '北海道新千歲國際機場 ', ' 買機場巴士乘車券可享8折優惠'),
(813, 1457, 'insuranceScore', '東京成田國際機場 ', ' 買機場巴士乘車券可享8折優惠'),
(814, 1458, 'eatingScore', 'Kokorogi ', ' 刷卡用餐享10%優惠折扣'),
(815, 1458, 'eatingScore', '上海菜館 ', ' 刷卡用餐享10%優惠折扣'),
(816, 1458, 'eatingScore', 'Gaspard and Lisa Res', ' 刷卡用餐享10%優惠折扣'),
(817, 1458, 'insuranceScore', 'Mt. Kachi Kachi Rope', ' 享來回票價20%之優惠折扣'),
(818, 1458, 'insuranceScore', '北海道新千歲國際機場 ', ' 買機場巴士乘車券可享8折優惠'),
(819, 1458, 'insuranceScore', '東京成田國際機場 ', ' 買機場巴士乘車券可享8折優惠'),
(820, 1459, 'insuranceScore', 'BESPOQE威尼斯漫遊 ', ' 飯店房間升等'),
(821, 1459, 'insuranceScore', '逸寬文旅大安館 ', ' 入住享優惠價每晚新台幣5,000元+10%服務費'),
(822, 1459, 'insuranceScore', '逸寬文旅信義館 ', ' 入住享優惠價每晚新台幣5,000元+11%服務費'),
(823, 1459, 'mileageScore', 'TMS全鋒事業 ', ' 台灣地區國際機場接送新台幣788元起'),
(824, 1459, 'mileageScore', '中國東方航空 ', ' 買指定航線、指定艙等之單程或來回機票，即可享有機票最高9折禮遇'),
(825, 1459, 'otherScore', '澄清醫院柏忕健康管理中心 ', ' 健康腸在專案價新台幣22,500元'),
(826, 1459, 'otherScore', 'ANTI-AGING LIFE CENT', ' 購買任何 TheraSpa 療程皆可享有8折優惠'),
(827, 1459, 'otherScore', '北京嘉裡大酒店 ', ' 健身享年度會員9折優惠'),
(828, 1460, 'insuranceScore', 'HOTELS.COM ', ' 輸入優惠代碼「COF12」享訂房88折'),
(829, 1460, 'insuranceScore', '雅高集團酒店 ', ' 訂酒店住宿，尊享入住兩晚，第三晚免費禮遇'),
(830, 1460, 'insuranceScore', '格雷萬蠟像館 ', ' 享9折優惠'),
(831, 1460, 'otherScore', 'ANTI-AGING LIFE CENT', ' 購買任何 TheraSpa 療程皆可享有8折優惠'),
(832, 1460, 'otherScore', '北京嘉裡大酒店 ', ' 健身享年度會員9折優惠'),
(833, 1460, 'otherScore', '北京醫珍堂診所 ', ' 價格享8折優惠'),
(834, 1461, 'insuranceScore', 'HOTELS.COM ', ' 輸入優惠代碼「COF12」享訂房88折'),
(835, 1461, 'insuranceScore', '雅高集團酒店 ', ' 訂酒店住宿，尊享入住兩晚，第三晚免費禮遇'),
(836, 1461, 'insuranceScore', '格雷萬蠟像館 ', ' 享9折優惠'),
(837, 1461, 'otherScore', 'ANTI-AGING LIFE CENT', ' 購買任何 TheraSpa 療程皆可享有8折優惠'),
(838, 1461, 'otherScore', '北京嘉裡大酒店 ', ' 健身享年度會員9折優惠'),
(839, 1461, 'otherScore', '北京醫珍堂診所 ', ' 價格享8折優惠'),
(840, 1462, 'eatingScore', 'TOSCANA義大利餐廳 ', ' 下午茶二人同行每人享優惠NT$560起'),
(841, 1462, 'eatingScore', '八方燴西餐廳 ', ' 下午茶二人同行每人享優惠NT$475起'),
(842, 1462, 'eatingScore', '漢來海港餐廳台中店 ', ' 下午茶二人同行每人享優惠NT$500起'),
(843, 1462, 'movieScore', '板橋秀泰影城 ', ' 二人同行每人享優惠NT$215起'),
(844, 1462, 'movieScore', '今日秀泰影城 ', ' 二人同行每人享優惠NT$215起'),
(845, 1462, 'movieScore', '欣欣秀泰影城 ', ' 二人同行每人享優惠NT$215起'),
(846, 1462, 'insuranceScore', '新北翰品酒店 ', ' 二人入住享雅緻客房優惠價NT$2,900'),
(847, 1462, 'insuranceScore', '桃園翰品酒店 ', ' 二人入住享雅緻客房優惠價NT$2,600'),
(848, 1462, 'insuranceScore', '新竹芙洛麗大飯店 ', ' 二人入住享自由客房優惠價NT$3,250'),
(849, 1462, 'shoppingScore', 'Marui Imai ', ' 刷卡消費滿日幣50,000元可獲贈價值日幣1,000元的三越伊勢丹集團禮券'),
(850, 1462, 'shoppingScore', 'Premium Outlets ', ' 刷卡消費滿日幣40,000元即可獲贈禮品'),
(851, 1462, 'shoppingScore', 'Kojima ', ' 單日刷卡消費滿日幣5,264元享95折優惠'),
(852, 1462, 'smartpayScore', '全聯福利中心 ', ' 每週三以悠遊卡功能至全聯福利中心單筆消費滿100元(含)以上，全聯福利點加碼1'),
(853, 1462, 'mileageScore', '大陸包車王 ', ' 包車獨享85折優惠'),
(854, 1462, 'mileageScore', '肯驛國際 ', ' 大台北機場接送享優惠價NT$480起 '),
(855, 1462, 'otherScore', 'ALFA健身俱樂部 ', ' 享優惠價NT$299起/人'),
(856, 1463, 'insuranceScore', '六福村主題遊樂園 ', ' 享樂園入園門票買一送一'),
(857, 1463, 'insuranceScore', '義大遊樂世界 ', ' 二張門票享優惠價'),
(858, 1463, 'insuranceScore', '雄獅旅遊 ', ' 雄獅旅遊【日本嚴選】主題行程全館折新台幣2,000元'),
(859, 1463, 'smartpayScore', '頂好超市 ', ' 憑UUPON點數折抵消費'),
(860, 1463, 'smartpayScore', 'UUPON點數 ', ' 每週五上午6~9點搭乘捷運、公車、YouBike贈4點 ，消費滿額再加碼贈30'),
(861, 1463, 'smartpayScore', '全聯福利中心 ', ' 每週六、日憑悠遊卡功能單筆消費滿300元，加贈全聯福利點數60點'),
(862, 1463, 'mileageScore', 'TMS全鋒事業 ', ' 台灣地區國際機場接送新台幣588元起'),
(863, 1463, 'mileageScore', '中國東方航空 ', ' 買指定航線、指定艙等之單程或來回機票，即可享有機票最高9折禮遇'),
(864, 1463, 'otherScore', '台中高爾夫球場 ', ' 平日優惠價新台幣2,300元，假日優惠價新台幣2,700元'),
(865, 1463, 'otherScore', '老爺關西高爾夫球場 ', ' 平日優惠價新台幣2,790元，假日優惠價新台幣3,450元'),
(866, 1463, 'otherScore', '高雄高爾夫球場(澄清湖) ', ' 平日優惠價新台幣1,920元，假日優惠價新台幣2,915元'),
(867, 1464, 'eatingScore', 'Kokorogi ', ' 刷卡用餐享10%優惠折扣'),
(868, 1464, 'eatingScore', '上海菜館 ', ' 刷卡用餐享10%優惠折扣'),
(869, 1464, 'eatingScore', 'Gaspard and Lisa Res', ' 刷卡用餐享10%優惠折扣'),
(870, 1464, 'insuranceScore', 'Mt. Kachi Kachi Rope', ' 享來回票價20%之優惠折扣'),
(871, 1464, 'insuranceScore', '北海道新千歲國際機場 ', ' 買機場巴士乘車券可享8折優惠'),
(872, 1464, 'insuranceScore', '東京成田國際機場 ', ' 買機場巴士乘車券可享8折優惠'),
(873, 1464, 'smartpayScore', '全聯福利中心 ', ' 每週六、日憑悠遊卡功能單筆消費滿300元，加贈全聯福利點數60點'),
(874, 1464, 'smartpayScore', '全聯福利中心 ', ' 每週三以悠遊卡功能至全聯福利中心單筆消費滿100元(含)以上，全聯福利點加碼1'),
(875, 1464, 'smartpayScore', 'UUPON點數 ', ' 點數滿額可變儲值金'),
(876, 1465, 'eatingScore', 'TOSCANA義大利餐廳 ', ' 下午茶二人同行每人享優惠NT$560起'),
(877, 1465, 'eatingScore', '八方燴西餐廳 ', ' 下午茶二人同行每人享優惠NT$475起'),
(878, 1465, 'eatingScore', '漢來海港餐廳台中店 ', ' 下午茶二人同行每人享優惠NT$500起'),
(879, 1465, 'movieScore', '板橋秀泰影城 ', ' 二人同行每人享優惠NT$215起'),
(880, 1465, 'movieScore', '今日秀泰影城 ', ' 二人同行每人享優惠NT$215起'),
(881, 1465, 'movieScore', '欣欣秀泰影城 ', ' 二人同行每人享優惠NT$215起'),
(882, 1465, 'insuranceScore', '新北翰品酒店 ', ' 二人入住享雅緻客房優惠價NT$2,900'),
(883, 1465, 'insuranceScore', '桃園翰品酒店 ', ' 二人入住享雅緻客房優惠價NT$2,600'),
(884, 1465, 'insuranceScore', '新竹芙洛麗大飯店 ', ' 二人入住享自由客房優惠價NT$3,250'),
(885, 1465, 'shoppingScore', 'Marui Imai ', ' 刷卡消費滿日幣50,000元可獲贈價值日幣1,000元的三越伊勢丹集團禮券'),
(886, 1465, 'shoppingScore', 'Premium Outlets ', ' 刷卡消費滿日幣40,000元即可獲贈禮品'),
(887, 1465, 'shoppingScore', 'Kojima ', ' 單日刷卡消費滿日幣5,264元享95折優惠'),
(888, 1465, 'bonusScore', 'Yahoo購物 ', ' 生日當月消費加碼10倍紅利點數回饋'),
(889, 1465, 'bonusScore', 'PChome購物 ', ' 生日當月消費加碼10倍紅利點數回饋'),
(890, 1465, 'bonusScore', 'momo購物網 ', ' 生日當月消費加碼10倍紅利點數回饋'),
(891, 1465, 'mileageScore', '大陸包車王 ', ' 包車獨享85折優惠'),
(892, 1465, 'mileageScore', '肯驛國際 ', ' 大台北機場接送享優惠價NT$480起 '),
(893, 1465, 'mileageScore', '肯驛國際 ', ' 享台北至桃園國際機場接送NT$588起'),
(894, 1465, 'otherScore', 'ALFA健身俱樂部 ', ' 享優惠價NT$299起/人'),
(895, 1465, 'parkingScore', 'AVIS安維斯租車 ', ' 憑卡5天前預約，享不挑款租車優惠價NT1,299元起'),
(896, 1466, 'eatingScore', 'TOSCANA義大利餐廳 ', ' 下午茶二人同行每人享優惠NT$560起'),
(897, 1466, 'eatingScore', '八方燴西餐廳 ', ' 下午茶二人同行每人享優惠NT$475起'),
(898, 1466, 'eatingScore', '漢來海港餐廳台中店 ', ' 下午茶二人同行每人享優惠NT$500起'),
(899, 1466, 'movieScore', '板橋秀泰影城 ', ' 二人同行每人享優惠NT$215起'),
(900, 1466, 'movieScore', '今日秀泰影城 ', ' 二人同行每人享優惠NT$215起'),
(901, 1466, 'movieScore', '欣欣秀泰影城 ', ' 二人同行每人享優惠NT$215起'),
(902, 1466, 'insuranceScore', '新北翰品酒店 ', ' 二人入住享雅緻客房優惠價NT$2,900'),
(903, 1466, 'insuranceScore', '桃園翰品酒店 ', ' 二人入住享雅緻客房優惠價NT$2,600'),
(904, 1466, 'insuranceScore', '新竹芙洛麗大飯店 ', ' 二人入住享自由客房優惠價NT$3,250'),
(905, 1466, 'shoppingScore', 'Marui Imai ', ' 刷卡消費滿日幣50,000元可獲贈價值日幣1,000元的三越伊勢丹集團禮券'),
(906, 1466, 'shoppingScore', 'Premium Outlets ', ' 刷卡消費滿日幣40,000元即可獲贈禮品'),
(907, 1466, 'shoppingScore', 'Kojima ', ' 單日刷卡消費滿日幣5,264元享95折優惠'),
(908, 1466, 'bonusScore', '中華航空 ', ' 海外消費最高回饋NT11元累積1哩，自由兌換哩程/積分(公里)'),
(909, 1466, 'bonusScore', '中國東方航空 ', ' 海外消費最高回饋NT11元累積1哩，自由兌換哩程/積分(公里)'),
(910, 1466, 'bonusScore', '中國南方航空 ', ' 海外消費最高回饋NT11元累積1哩，自由兌換哩程/積分(公里)'),
(911, 1466, 'mileageScore', '大陸包車王 ', ' 包車獨享85折優惠'),
(912, 1466, 'mileageScore', '肯驛國際 ', ' 大台北機場接送享優惠價NT$480起 '),
(913, 1466, 'mileageScore', '肯驛國際 ', ' 享台北至桃園國際機場接送NT$380起'),
(914, 1466, 'parkingScore', '機場接送優惠方案 ', ' 享兩岸機場接送服務優惠，還有2次免費接送服務'),
(915, 1467, 'eatingScore', 'B-one自助餐廳 ', ' 享午餐及晚餐二人同行一人免費優惠'),
(916, 1467, 'eatingScore', '台北寒舍艾美酒店 ', ' 享午餐及晚餐二人同行一人免費優惠'),
(917, 1467, 'eatingScore', 'Checkers ', ' 享午餐及晚餐二人同行一人免費優惠'),
(918, 1467, 'insuranceScore', 'Zani Viaggi ', ' 一日遊觀光團享9折優惠'),
(919, 1467, 'insuranceScore', 'Zani Viaggi ', ' 所有米蘭城市觀光團享9折優惠'),
(920, 1467, 'insuranceScore', 'Ghostsigns ', ' 所有導賞團尊享8折優惠'),
(921, 1467, 'bonusScore', '中華航空 ', ' 海外消費最高回饋NT11元累積1哩，自由兌換哩程/積分(公里)'),
(922, 1467, 'bonusScore', '中國東方航空 ', ' 海外消費最高回饋NT11元累積1哩，自由兌換哩程/積分(公里)'),
(923, 1467, 'bonusScore', '中國南方航空 ', ' 海外消費最高回饋NT11元累積1哩，自由兌換哩程/積分(公里)'),
(924, 1467, 'mileageScore', '肯驛國際 ', ' 可享龍騰卡貴賓室優惠價NT$399/人次'),
(925, 1467, 'mileageScore', '行遍天下 ', ' BENZ/LEXUS或同等以上高級進口車接送機一趟享NT$680'),
(926, 1467, 'mileageScore', '中華航空 ', ' 機票購票最高85折起'),
(927, 1468, 'eatingScore', 'TOSCANA義大利餐廳 ', ' 下午茶二人同行每人享優惠NT$560起'),
(928, 1468, 'eatingScore', '八方燴西餐廳 ', ' 下午茶二人同行每人享優惠NT$475起'),
(929, 1468, 'eatingScore', '漢來海港餐廳台中店 ', ' 下午茶二人同行每人享優惠NT$500起'),
(930, 1468, 'movieScore', '板橋秀泰影城 ', ' 二人同行每人享優惠NT$215起'),
(931, 1468, 'movieScore', '今日秀泰影城 ', ' 二人同行每人享優惠NT$215起'),
(932, 1468, 'movieScore', '欣欣秀泰影城 ', ' 二人同行每人享優惠NT$215起'),
(933, 1468, 'insuranceScore', '新北翰品酒店 ', ' 二人入住享雅緻客房優惠價NT$2,900'),
(934, 1468, 'insuranceScore', '桃園翰品酒店 ', ' 二人入住享雅緻客房優惠價NT$2,600'),
(935, 1468, 'insuranceScore', '新竹芙洛麗大飯店 ', ' 二人入住享自由客房優惠價NT$3,250'),
(936, 1468, 'shoppingScore', 'Marui Imai ', ' 刷卡消費滿日幣50,000元可獲贈價值日幣1,000元的三越伊勢丹集團禮券'),
(937, 1468, 'shoppingScore', 'Premium Outlets ', ' 刷卡消費滿日幣40,000元即可獲贈禮品'),
(938, 1468, 'shoppingScore', 'Kojima ', ' 單日刷卡消費滿日幣5,264元享95折優惠'),
(939, 1468, 'bonusScore', '中國東方航空 ', ' 海外消費最高回饋NT11元累積1哩，自由兌換哩程/積分(公里)'),
(940, 1468, 'bonusScore', '中國南方航空 ', ' 海外消費最高回饋NT11元累積1哩，自由兌換哩程/積分(公里)'),
(941, 1468, 'mileageScore', '大陸包車王 ', ' 包車獨享85折優惠'),
(942, 1468, 'mileageScore', '肯驛國際 ', ' 大台北機場接送享優惠價NT$480起 '),
(943, 1468, 'mileageScore', '肯驛國際 ', ' 享台北至桃園國際機場接送NT$588起'),
(944, 1469, 'eatingScore', 'B-one自助餐廳 ', ' 享午餐及晚餐二人同行一人免費優惠'),
(945, 1469, 'eatingScore', '台北寒舍艾美酒店 ', ' 享午餐及晚餐二人同行一人免費優惠'),
(946, 1469, 'eatingScore', 'Checkers ', ' 享午餐及晚餐二人同行一人免費優惠'),
(947, 1469, 'insuranceScore', 'Zani Viaggi ', ' 一日遊觀光團享9折優惠'),
(948, 1469, 'insuranceScore', 'Zani Viaggi ', ' 所有米蘭城市觀光團享9折優惠'),
(949, 1469, 'insuranceScore', 'Ghostsigns ', ' 所有導賞團尊享8折優惠'),
(950, 1469, 'mileageScore', '肯驛國際 ', ' 可享龍騰卡貴賓室優惠價NT$399/人次'),
(951, 1469, 'mileageScore', '行遍天下 ', ' BENZ/LEXUS或同等以上高級進口車接送機一趟享NT$680'),
(952, 1469, 'mileageScore', 'ANA台灣官網 ', ' 購票享折扣優惠'),
(953, 1470, 'eatingScore', 'TOSCANA義大利餐廳 ', ' 下午茶二人同行每人享優惠NT$560起'),
(954, 1470, 'eatingScore', '八方燴西餐廳 ', ' 下午茶二人同行每人享優惠NT$475起'),
(955, 1470, 'eatingScore', '漢來海港餐廳台中店 ', ' 下午茶二人同行每人享優惠NT$500起'),
(956, 1470, 'movieScore', '板橋秀泰影城 ', ' 二人同行每人享優惠NT$215起'),
(957, 1470, 'movieScore', '今日秀泰影城 ', ' 二人同行每人享優惠NT$215起'),
(958, 1470, 'movieScore', '欣欣秀泰影城 ', ' 二人同行每人享優惠NT$215起'),
(959, 1470, 'insuranceScore', '新北翰品酒店 ', ' 二人入住享雅緻客房優惠價NT$2,900'),
(960, 1470, 'insuranceScore', '桃園翰品酒店 ', ' 二人入住享雅緻客房優惠價NT$2,600'),
(961, 1470, 'insuranceScore', '新竹芙洛麗大飯店 ', ' 二人入住享自由客房優惠價NT$3,250'),
(962, 1470, 'shoppingScore', 'Marui Imai ', ' 刷卡消費滿日幣50,000元可獲贈價值日幣1,000元的三越伊勢丹集團禮券'),
(963, 1470, 'shoppingScore', 'Premium Outlets ', ' 刷卡消費滿日幣40,000元即可獲贈禮品'),
(964, 1470, 'shoppingScore', 'Kojima ', ' 單日刷卡消費滿日幣5,264元享95折優惠'),
(965, 1470, 'mileageScore', '大陸包車王 ', ' 包車獨享85折優惠'),
(966, 1470, 'mileageScore', '肯驛國際 ', ' 大台北機場接送享優惠價NT$480起 '),
(967, 1470, 'mileageScore', '肯驛國際 ', ' 享台北至桃園國際機場接送NT$588起'),
(968, 1471, 'eatingScore', '絲路宴 ', ' 晚餐享有「兩人同行一人免費」之優惠'),
(969, 1471, 'eatingScore', 'Le Café咖啡廳 ', ' 晚餐享有「兩人同行一人免費」之優惠'),
(970, 1471, 'eatingScore', '栢麗廳 ', ' 晚餐享有「兩人同行一人免費」之優惠'),
(971, 1471, 'insuranceScore', 'Mt. Kachi Kachi Rope', ' 享來回票價20%之優惠折扣'),
(972, 1471, 'insuranceScore', '北海道新千歲國際機場 ', ' 買機場巴士乘車券可享8折優惠'),
(973, 1471, 'insuranceScore', '東京成田國際機場 ', ' 買機場巴士乘車券可享8折優惠'),
(974, 1471, 'shoppingScore', '丸井百貨 ', ' 享稅前價格5%之折扣優惠'),
(975, 1471, 'shoppingScore', 'ANA SKY SHOP機上購物 ', ' 消費滿1,000日圓享9折再加碼贈ANA哩程，每100日圓加碼贈ANA哩程2哩'),
(976, 1471, 'cashBackScore', '森森購物網 ', ' 享網路購物平台價值新台幣200元之回饋金'),
(977, 1471, 'cashBackScore', '東森購物網 ', ' 享網路購物平台價值新台幣200元之回饋金'),
(978, 1471, 'cashBackScore', 'GoHappy快樂購物網 ', ' 享網路購物平台價值新台幣200元之回饋金'),
(979, 1471, 'mileageScore', 'ANA台灣官網 ', ' 購票享折扣優惠'),
(980, 1471, 'mileageScore', '國際機場貴賓室 ', ' 每卡一年免費使用4次'),
(981, 1471, 'otherScore', '南峰高爾夫俱樂部 ', ' 享平日擊球優惠價2,550元(兩人同行一人免費)'),
(982, 1471, 'otherScore', '信誼高爾夫俱樂部 ', ' 享平日擊球優惠價2,830元(兩人同行一人免費)'),
(983, 1472, 'eatingScore', 'Kokorogi ', ' 刷卡用餐享10%優惠折扣'),
(984, 1472, 'eatingScore', '上海菜館 ', ' 刷卡用餐享10%優惠折扣'),
(985, 1472, 'eatingScore', 'Gaspard and Lisa Res', ' 刷卡用餐享10%優惠折扣'),
(986, 1472, 'insuranceScore', 'Mt. Kachi Kachi Rope', ' 享來回票價20%之優惠折扣'),
(987, 1472, 'insuranceScore', '北海道新千歲國際機場 ', ' 買機場巴士乘車券可享8折優惠'),
(988, 1472, 'insuranceScore', '東京成田國際機場 ', ' 買機場巴士乘車券可享8折優惠'),
(989, 1472, 'shoppingScore', '丸井百貨 ', ' 享稅前價格5%之折扣優惠'),
(990, 1472, 'shoppingScore', 'ANA SKY SHOP機上購物 ', ' 消費滿1,000日圓享9折再加碼贈ANA哩程，每100日圓加碼贈ANA哩程2哩'),
(991, 1472, 'cashBackScore', '森森購物網 ', ' 享網路購物平台價值新台幣200元之回饋金'),
(992, 1472, 'cashBackScore', '東森購物網 ', ' 享網路購物平台價值新台幣200元之回饋金'),
(993, 1472, 'cashBackScore', 'GoHappy快樂購物網 ', ' 享網路購物平台價值新台幣200元之回饋金'),
(994, 1472, 'mileageScore', 'ANA台灣官網 ', ' 購票享折扣優惠'),
(995, 1472, 'mileageScore', '國際機場貴賓室 ', ' 每卡一年免費使用4次'),
(996, 1472, 'parkingScore', '和相租車 ', ' 單筆達新台幣60,000元以上指定國際機場接送去回程各1次之免費'),
(997, 1473, 'eatingScore', 'Kokorogi ', ' 刷卡用餐享10%優惠折扣'),
(998, 1473, 'eatingScore', '上海菜館 ', ' 刷卡用餐享10%優惠折扣'),
(999, 1473, 'eatingScore', 'Gaspard and Lisa Res', ' 刷卡用餐享10%優惠折扣'),
(1000, 1473, 'insuranceScore', 'Mt. Kachi Kachi Rope', ' 享來回票價20%之優惠折扣'),
(1001, 1473, 'insuranceScore', '北海道新千歲國際機場 ', ' 買機場巴士乘車券可享8折優惠'),
(1002, 1473, 'insuranceScore', '東京成田國際機場 ', ' 買機場巴士乘車券可享8折優惠'),
(1003, 1473, 'shoppingScore', '丸井百貨 ', ' 享稅前價格5%之折扣優惠'),
(1004, 1473, 'mileageScore', 'ANA台灣官網 ', ' 購票享折扣優惠'),
(1005, 1473, 'mileageScore', '國際機場貴賓室 ', ' 每次使用NT750元'),
(1006, 1474, 'movieScore', '威秀影城 ', ' APP紅利訂票，免取票再享平假日最低NT169元起優惠價'),
(1007, 1474, 'insuranceScore', '六福村主題遊樂園 ', ' 享樂園入園門票買一送一'),
(1008, 1474, 'insuranceScore', '義大遊樂世界 ', ' 二張門票享優惠價'),
(1009, 1474, 'insuranceScore', '雄獅旅遊 ', ' 雄獅旅遊【日本嚴選】主題行程全館折新台幣2,000元'),
(1010, 1474, 'shoppingScore', 'A.H.C ', ' 購物7折優惠， Premium Hydra Soother Mask/Hydr'),
(1011, 1474, 'bonusScore', '中華電信 ', ' 資費繳付紅利點數4倍回饋'),
(1012, 1474, 'bonusScore', '台灣大哥大 ', ' 資費繳付紅利點數4倍回饋'),
(1013, 1474, 'bonusScore', '亞太電信 ', ' 資費繳付紅利點數4倍回饋'),
(1014, 1474, 'mileageScore', 'TMS全鋒事業 ', ' 台灣地區國際機場接送新台幣588元起'),
(1015, 1474, 'mileageScore', '中國東方航空 ', ' 買指定航線、指定艙等之單程或來回機票，即可享有機票最高9折禮遇'),
(1016, 1474, 'mileageScore', '宜泊資訊科技 ', ' 機場代泊享85折'),
(1017, 1474, 'otherScore', '台中高爾夫球場 ', ' 平日優惠價新台幣2,300元，假日優惠價新台幣2,700元'),
(1018, 1474, 'otherScore', '老爺關西高爾夫球場 ', ' 平日優惠價新台幣2,790元，假日優惠價新台幣3,450元'),
(1019, 1474, 'otherScore', '高雄高爾夫球場(澄清湖) ', ' 平日優惠價新台幣1,920元，假日優惠價新台幣2,915元'),
(1020, 1475, 'eatingScore', 'TOSCANA義大利餐廳 ', ' 下午茶二人同行每人享優惠NT$560起'),
(1021, 1475, 'eatingScore', '八方燴西餐廳 ', ' 下午茶二人同行每人享優惠NT$475起'),
(1022, 1475, 'eatingScore', '漢來海港餐廳台中店 ', ' 下午茶二人同行每人享優惠NT$500起'),
(1023, 1475, 'movieScore', '板橋秀泰影城 ', ' 二人同行每人享優惠NT$215起'),
(1024, 1475, 'movieScore', '今日秀泰影城 ', ' 二人同行每人享優惠NT$215起'),
(1025, 1475, 'movieScore', '欣欣秀泰影城 ', ' 二人同行每人享優惠NT$215起'),
(1026, 1475, 'insuranceScore', '新北翰品酒店 ', ' 二人入住享雅緻客房優惠價NT$2,900'),
(1027, 1475, 'insuranceScore', '桃園翰品酒店 ', ' 二人入住享雅緻客房優惠價NT$2,600'),
(1028, 1475, 'insuranceScore', '新竹芙洛麗大飯店 ', ' 二人入住享自由客房優惠價NT$3,250'),
(1029, 1475, 'shoppingScore', 'Marui Imai ', ' 刷卡消費滿日幣50,000元可獲贈價值日幣1,000元的三越伊勢丹集團禮券'),
(1030, 1475, 'shoppingScore', 'Premium Outlets ', ' 刷卡消費滿日幣40,000元即可獲贈禮品'),
(1031, 1475, 'shoppingScore', 'Kojima ', ' 單日刷卡消費滿日幣5,264元享95折優惠'),
(1032, 1475, 'mileageScore', '大陸包車王 ', ' 包車獨享85折優惠'),
(1033, 1475, 'mileageScore', '肯驛國際 ', ' 大台北機場接送享優惠價NT$480起 '),
(1034, 1475, 'mileageScore', '肯驛國際 ', ' 享台北至桃園國際機場接送NT$588起'),
(1035, 1476, 'eatingScore', 'TOSCANA義大利餐廳 ', ' 週一至週五二人同行持卡人享下午茶68折優惠'),
(1036, 1476, 'eatingScore', '玫瑰烘焙坊 ', ' 週一至週五二人同行持卡人享下午茶68折優惠'),
(1037, 1476, 'movieScore', '板橋秀泰影城 ', ' 持卡人於樂活網刷卡購票可享66折優惠'),
(1038, 1476, 'movieScore', '今日秀泰影城 ', ' 持卡人於樂活網刷卡購票可享66折優惠'),
(1039, 1476, 'movieScore', '欣欣秀泰影城 ', ' 持卡人於樂活網刷卡購票可享66折優惠'),
(1040, 1476, 'insuranceScore', 'Zani Viaggi ', ' 所有購物團享9折優惠'),
(1041, 1476, 'insuranceScore', 'Zani Viaggi ', ' 一日遊觀光團享9折優惠'),
(1042, 1476, 'insuranceScore', 'Zani Viaggi ', ' 所有米蘭城市觀光團享9折優惠'),
(1043, 1476, 'shoppingScore', 'Marui Imai ', ' 刷卡消費滿日幣50,000元可獲贈價值日幣1,000元的三越伊勢丹集團禮券'),
(1044, 1476, 'shoppingScore', 'Premium Outlets ', ' 刷卡消費滿日幣40,000元即可獲贈禮品'),
(1045, 1476, 'shoppingScore', 'Kojima ', ' 單日刷卡消費滿日幣5,264元享95折優惠'),
(1046, 1476, 'mileageScore', '大陸包車王 ', ' 包車獨享85折優惠'),
(1047, 1476, 'mileageScore', '肯驛國際 ', ' 享台北至桃園國際機場接送NT$799起'),
(1048, 1476, 'mileageScore', '阿聯酋航空 ', ' 享商務艙或經濟艙指定艙等機票價格93折(JCB卡不適用)'),
(1049, 1477, 'movieScore', '板橋秀泰影城 ', ' 持卡人於樂活網刷卡購票可享66折優惠'),
(1050, 1477, 'movieScore', '今日秀泰影城 ', ' 持卡人於樂活網刷卡購票可享66折優惠'),
(1051, 1477, 'movieScore', '欣欣秀泰影城 ', ' 持卡人於樂活網刷卡購票可享66折優惠'),
(1052, 1477, 'insuranceScore', 'Zani Viaggi ', ' 一日遊觀光團享9折優惠'),
(1053, 1477, 'insuranceScore', 'Zani Viaggi ', ' 所有米蘭城市觀光團享9折優惠'),
(1054, 1477, 'insuranceScore', 'Ghostsigns ', ' 所有導賞團尊享8折優惠'),
(1055, 1477, 'shoppingScore', 'Marui Imai ', ' 刷卡消費滿日幣50,000元可獲贈價值日幣1,000元的三越伊勢丹集團禮券'),
(1056, 1477, 'shoppingScore', 'Premium Outlets ', ' 刷卡消費滿日幣40,000元即可獲贈禮品'),
(1057, 1477, 'shoppingScore', 'Kojima ', ' 單日刷卡消費滿日幣5,264元享95折優惠'),
(1058, 1477, 'mileageScore', '大陸包車王 ', ' 包車獨享85折優惠'),
(1059, 1478, 'movieScore', '板橋秀泰影城 ', ' 持卡人於樂活網刷卡購票可享66折優惠'),
(1060, 1478, 'movieScore', '今日秀泰影城 ', ' 持卡人於樂活網刷卡購票可享66折優惠'),
(1061, 1478, 'movieScore', '欣欣秀泰影城 ', ' 持卡人於樂活網刷卡購票可享66折優惠'),
(1062, 1478, 'insuranceScore', 'Zani Viaggi ', ' 一日遊觀光團享9折優惠'),
(1063, 1478, 'insuranceScore', 'Zani Viaggi ', ' 所有米蘭城市觀光團享9折優惠'),
(1064, 1478, 'insuranceScore', 'Ghostsigns ', ' 所有導賞團尊享8折優惠'),
(1065, 1478, 'shoppingScore', 'Marui Imai ', ' 刷卡消費滿日幣50,000元可獲贈價值日幣1,000元的三越伊勢丹集團禮券'),
(1066, 1478, 'shoppingScore', 'Premium Outlets ', ' 刷卡消費滿日幣40,000元即可獲贈禮品'),
(1067, 1478, 'shoppingScore', 'Kojima ', ' 單日刷卡消費滿日幣5,264元享95折優惠'),
(1068, 1478, 'mileageScore', '大陸包車王 ', ' 包車獨享85折優惠'),
(1069, 1479, 'insuranceScore', '六福村主題遊樂園 ', ' 享樂園入園門票買一送一'),
(1070, 1479, 'insuranceScore', '義大遊樂世界 ', ' 二張門票享優惠價'),
(1071, 1479, 'insuranceScore', '雄獅旅遊 ', ' 雄獅旅遊【日本嚴選】主題行程全館折新台幣2,000元'),
(1072, 1479, 'shoppingScore', 'A.H.C ', ' 購物7折優惠， Premium Hydra Soother Mask/Hydr'),
(1073, 1479, 'mileageScore', 'TMS全鋒事業 ', ' 台灣地區國際機場接送新台幣588元起'),
(1074, 1479, 'mileageScore', '中國東方航空 ', ' 買指定航線、指定艙等之單程或來回機票，即可享有機票最高9折禮遇'),
(1075, 1479, 'mileageScore', '宜泊資訊科技 ', ' 機場代泊享85折'),
(1076, 1479, 'otherScore', '台中高爾夫球場 ', ' 平日優惠價新台幣2,300元，假日優惠價新台幣2,700元'),
(1077, 1479, 'otherScore', '老爺關西高爾夫球場 ', ' 平日優惠價新台幣2,790元，假日優惠價新台幣3,450元'),
(1078, 1479, 'otherScore', '高雄高爾夫球場(澄清湖) ', ' 平日優惠價新台幣1,920元，假日優惠價新台幣2,915元'),
(1079, 1480, 'insuranceScore', 'BESPOQE威尼斯漫遊 ', ' 飯店房間升等'),
(1080, 1480, 'insuranceScore', '逸寬文旅大安館 ', ' 入住享優惠價每晚新台幣5,000元+10%服務費'),
(1081, 1480, 'insuranceScore', '逸寬文旅信義館 ', ' 入住享優惠價每晚新台幣5,000元+11%服務費'),
(1082, 1480, 'shoppingScore', 'A.H.C ', ' 購物7折優惠， Premium Hydra Soother Mask/Hydr'),
(1083, 1480, 'mileageScore', 'TMS全鋒事業 ', ' 台灣地區國際機場接送新台幣788元起'),
(1084, 1480, 'mileageScore', '中國東方航空 ', ' 買指定航線、指定艙等之單程或來回機票，即可享有機票最高9折禮遇'),
(1085, 1480, 'mileageScore', '宜泊資訊科技 ', ' 機場代泊享85折'),
(1086, 1480, 'otherScore', '澄清醫院柏忕健康管理中心 ', ' 健康腸在專案價新台幣22,500元'),
(1087, 1480, 'otherScore', 'ANTI-AGING LIFE CENT', ' 購買任何 TheraSpa 療程皆可享有8折優惠'),
(1088, 1480, 'otherScore', '北京嘉裡大酒店 ', ' 健身享年度會員9折優惠'),
(1089, 1481, 'insuranceScore', 'HOTELS.COM ', ' 輸入優惠代碼「COF12」享訂房88折'),
(1090, 1481, 'insuranceScore', '雅高集團酒店 ', ' 訂酒店住宿，尊享入住兩晚，第三晚免費禮遇'),
(1091, 1481, 'insuranceScore', '格雷萬蠟像館 ', ' 享9折優惠'),
(1092, 1481, 'shoppingScore', 'A.H.C ', ' 購物7折優惠， Premium Hydra Soother Mask/Hydr'),
(1093, 1481, 'otherScore', 'ANTI-AGING LIFE CENT', ' 購買任何 TheraSpa 療程皆可享有8折優惠'),
(1094, 1481, 'otherScore', '北京嘉裡大酒店 ', ' 健身享年度會員9折優惠'),
(1095, 1481, 'otherScore', '北京醫珍堂診所 ', ' 價格享8折優惠'),
(1096, 1482, 'insuranceScore', 'HOTELS.COM ', ' 輸入優惠代碼「COF12」享訂房88折'),
(1097, 1482, 'insuranceScore', '雅高集團酒店 ', ' 訂酒店住宿，尊享入住兩晚，第三晚免費禮遇'),
(1098, 1482, 'insuranceScore', '格雷萬蠟像館 ', ' 享9折優惠'),
(1099, 1482, 'shoppingScore', 'A.H.C ', ' 購物7折優惠， Premium Hydra Soother Mask/Hydr'),
(1100, 1482, 'otherScore', 'ANTI-AGING LIFE CENT', ' 購買任何 TheraSpa 療程皆可享有8折優惠'),
(1101, 1482, 'otherScore', '北京嘉裡大酒店 ', ' 健身享年度會員9折優惠'),
(1102, 1482, 'otherScore', '北京醫珍堂診所 ', ' 價格享8折優惠'),
(1103, 1483, 'eatingScore', 'Kokorogi ', ' 刷卡用餐享10%優惠折扣'),
(1104, 1483, 'eatingScore', '上海菜館 ', ' 刷卡用餐享10%優惠折扣'),
(1105, 1483, 'eatingScore', 'Gaspard and Lisa Res', ' 刷卡用餐享10%優惠折扣'),
(1106, 1483, 'insuranceScore', 'Mt. Kachi Kachi Rope', ' 享來回票價20%之優惠折扣'),
(1107, 1483, 'insuranceScore', '北海道新千歲國際機場 ', ' 買機場巴士乘車券可享8折優惠'),
(1108, 1483, 'insuranceScore', '東京成田國際機場 ', ' 買機場巴士乘車券可享8折優惠'),
(1109, 1483, 'shoppingScore', '丸井百貨 ', ' 享稅前價格5%之折扣優惠'),
(1110, 1483, 'cashBackScore', '森森購物網 ', ' 享網路購物平台價值新台幣200元之回饋金'),
(1111, 1483, 'cashBackScore', '東森購物網 ', ' 享網路購物平台價值新台幣200元之回饋金'),
(1112, 1483, 'cashBackScore', 'GoHappy快樂購物網 ', ' 享網路購物平台價值新台幣200元之回饋金'),
(1113, 1483, 'parkingScore', '和相租車 ', ' 單筆達新台幣60,000元以上指定國際機場接送去回程各1次之免費'),
(1114, 1484, 'eatingScore', 'Kokorogi ', ' 刷卡用餐享10%優惠折扣'),
(1115, 1484, 'eatingScore', '上海菜館 ', ' 刷卡用餐享10%優惠折扣'),
(1116, 1484, 'eatingScore', 'Gaspard and Lisa Res', ' 刷卡用餐享10%優惠折扣'),
(1117, 1484, 'insuranceScore', 'Mt. Kachi Kachi Rope', ' 享來回票價20%之優惠折扣'),
(1118, 1484, 'insuranceScore', '北海道新千歲國際機場 ', ' 買機場巴士乘車券可享8折優惠'),
(1119, 1484, 'insuranceScore', '東京成田國際機場 ', ' 買機場巴士乘車券可享8折優惠'),
(1120, 1484, 'shoppingScore', '丸井百貨 ', ' 享稅前價格5%之折扣優惠'),
(1121, 1485, 'eatingScore', 'Kokorogi ', ' 刷卡用餐享10%優惠折扣'),
(1122, 1485, 'eatingScore', '上海菜館 ', ' 刷卡用餐享10%優惠折扣'),
(1123, 1485, 'eatingScore', 'Gaspard and Lisa Res', ' 刷卡用餐享10%優惠折扣'),
(1124, 1485, 'insuranceScore', 'Mt. Kachi Kachi Rope', ' 享來回票價20%之優惠折扣'),
(1125, 1485, 'insuranceScore', '北海道新千歲國際機場 ', ' 買機場巴士乘車券可享8折優惠'),
(1126, 1485, 'insuranceScore', '東京成田國際機場 ', ' 買機場巴士乘車券可享8折優惠'),
(1127, 1485, 'shoppingScore', '丸井百貨 ', ' 享稅前價格5%之折扣優惠'),
(1128, 1486, 'eatingScore', 'TOSCANA義大利餐廳 ', ' 下午茶二人同行每人享優惠NT$560起'),
(1129, 1486, 'eatingScore', '八方燴西餐廳 ', ' 下午茶二人同行每人享優惠NT$475起'),
(1130, 1486, 'eatingScore', '漢來海港餐廳台中店 ', ' 下午茶二人同行每人享優惠NT$500起'),
(1131, 1486, 'movieScore', '板橋秀泰影城 ', ' 二人同行每人享優惠NT$215起'),
(1132, 1486, 'movieScore', '今日秀泰影城 ', ' 二人同行每人享優惠NT$215起'),
(1133, 1486, 'movieScore', '欣欣秀泰影城 ', ' 二人同行每人享優惠NT$215起'),
(1134, 1486, 'insuranceScore', '新北翰品酒店 ', ' 二人入住享雅緻客房優惠價NT$2,900'),
(1135, 1486, 'insuranceScore', '桃園翰品酒店 ', ' 二人入住享雅緻客房優惠價NT$2,600'),
(1136, 1486, 'insuranceScore', '新竹芙洛麗大飯店 ', ' 二人入住享自由客房優惠價NT$3,250'),
(1137, 1486, 'shoppingScore', 'Marui Imai ', ' 刷卡消費滿日幣50,000元可獲贈價值日幣1,000元的三越伊勢丹集團禮券'),
(1138, 1486, 'shoppingScore', 'Premium Outlets ', ' 刷卡消費滿日幣40,000元即可獲贈禮品'),
(1139, 1486, 'shoppingScore', 'Kojima ', ' 單日刷卡消費滿日幣5,264元享95折優惠'),
(1140, 1486, 'mileageScore', '大陸包車王 ', ' 包車獨享85折優惠'),
(1141, 1486, 'mileageScore', '肯驛國際 ', ' 大台北機場接送享優惠價NT$480起 '),
(1142, 1486, 'mileageScore', '肯驛國際 ', ' 享台北至桃園國際機場接送NT$588起'),
(1143, 1487, 'insuranceScore', 'Zani Viaggi ', ' 一日遊觀光團享9折優惠'),
(1144, 1487, 'insuranceScore', 'Zani Viaggi ', ' 所有米蘭城市觀光團享9折優惠'),
(1145, 1487, 'insuranceScore', 'Ghostsigns ', ' 所有導賞團尊享8折優惠'),
(1146, 1487, 'mileageScore', '肯驛國際 ', ' 可享龍騰卡貴賓室優惠價NT$399/人次'),
(1147, 1490, 'eatingScore', 'TOSCANA義大利餐廳 ', ' 下午茶二人同行每人享優惠NT$560起'),
(1148, 1490, 'eatingScore', '八方燴西餐廳 ', ' 下午茶二人同行每人享優惠NT$475起'),
(1149, 1490, 'eatingScore', '漢來海港餐廳台中店 ', ' 下午茶二人同行每人享優惠NT$500起'),
(1150, 1490, 'movieScore', '板橋秀泰影城 ', ' 二人同行每人享優惠NT$215起'),
(1151, 1490, 'movieScore', '今日秀泰影城 ', ' 二人同行每人享優惠NT$215起'),
(1152, 1490, 'movieScore', '欣欣秀泰影城 ', ' 二人同行每人享優惠NT$215起'),
(1153, 1490, 'insuranceScore', '新北翰品酒店 ', ' 二人入住享雅緻客房優惠價NT$2,900'),
(1154, 1490, 'insuranceScore', '桃園翰品酒店 ', ' 二人入住享雅緻客房優惠價NT$2,600'),
(1155, 1490, 'insuranceScore', '新竹芙洛麗大飯店 ', ' 二人入住享自由客房優惠價NT$3,250'),
(1156, 1490, 'shoppingScore', 'Marui Imai ', ' 刷卡消費滿日幣50,000元可獲贈價值日幣1,000元的三越伊勢丹集團禮券'),
(1157, 1490, 'shoppingScore', 'Premium Outlets ', ' 刷卡消費滿日幣40,000元即可獲贈禮品'),
(1158, 1490, 'shoppingScore', 'Kojima ', ' 單日刷卡消費滿日幣5,264元享95折優惠'),
(1159, 1490, 'mileageScore', '大陸包車王 ', ' 包車獨享85折優惠'),
(1160, 1490, 'mileageScore', '肯驛國際 ', ' 大台北機場接送享優惠價NT$480起 '),
(1161, 1490, 'mileageScore', '肯驛國際 ', ' 享台北至桃園國際機場接送NT$380起'),
(1162, 1490, 'parkingScore', '道路救援服務 ', ' 年度享3次、每次最高100公里免費道路救援(上月帳單或前三個月帳單平均新增金額'),
(1163, 1491, 'insuranceScore', 'Agoda ', ' 白金卡(含)以上永豐卡友訂房享93折，金/普卡95折'),
(1164, 1491, 'insuranceScore', 'Booking.com ', ' 於Booking.com永豐卡友專屬網站預訂飯店刷卡入住享訂房金額7%刷卡金回'),
(1165, 1491, 'insuranceScore', 'Expedia ', ' 於Expedia永豐卡友專屬網站輸入優惠代碼享全球精選飯店91折優惠'),
(1166, 1491, 'shoppingScore', 'HOLA ', ' 刷卡單筆消費滿額，最高享30.8%回饋'),
(1167, 1491, 'shoppingScore', 'HOLA Petite ', ' 刷卡單筆消費滿額，最高享30.8%回饋'),
(1168, 1491, 'mileageScore', '台灣虎航 ', ' 單筆刷卡6,000元送100元旅遊金/單筆刷卡12,000元送200元旅遊金依'),
(1169, 1491, 'mileageScore', '樂桃航空 ', ' 單筆刷卡6,000元送100元旅遊金/單筆刷卡12,000元送200元旅遊金依'),
(1170, 1491, 'mileageScore', '捷星航空 ', ' 單筆刷卡6,000元送100元旅遊金/單筆刷卡12,000元送200元旅遊金依'),
(1171, 1491, 'otherScore', 'World Gym ', ' 刷卡享15天免費運動會籍/憑卡入會者享免會費之優惠加送精美贈品'),
(1172, 1491, 'otherScore', '健身工廠 ', ' 享首次免費14日體驗/加入指定會籍加贈獨家毛巾一份'),
(1173, 1491, 'otherScore', '統一健身俱樂部 ', ' 首次體驗者即可享免費10日+1堂私人教練課程體驗'),
(1174, 1492, 'eatingScore', 'TOSCANA義大利餐廳 ', ' 下午茶二人同行每人享優惠NT$560起'),
(1175, 1492, 'eatingScore', '八方燴西餐廳 ', ' 下午茶二人同行每人享優惠NT$475起'),
(1176, 1492, 'eatingScore', '漢來海港餐廳台中店 ', ' 下午茶二人同行每人享優惠NT$500起'),
(1177, 1492, 'movieScore', '板橋秀泰影城 ', ' 二人同行每人享優惠NT$215起'),
(1178, 1492, 'movieScore', '今日秀泰影城 ', ' 二人同行每人享優惠NT$215起'),
(1179, 1492, 'movieScore', '欣欣秀泰影城 ', ' 二人同行每人享優惠NT$215起'),
(1180, 1492, 'insuranceScore', '新北翰品酒店 ', ' 二人入住享雅緻客房優惠價NT$2,900'),
(1181, 1492, 'insuranceScore', '桃園翰品酒店 ', ' 二人入住享雅緻客房優惠價NT$2,600'),
(1182, 1492, 'insuranceScore', '新竹芙洛麗大飯店 ', ' 二人入住享自由客房優惠價NT$3,250'),
(1183, 1492, 'shoppingScore', 'Marui Imai ', ' 刷卡消費滿日幣50,000元可獲贈價值日幣1,000元的三越伊勢丹集團禮券'),
(1184, 1492, 'shoppingScore', 'Premium Outlets ', ' 刷卡消費滿日幣40,000元即可獲贈禮品'),
(1185, 1492, 'shoppingScore', 'Kojima ', ' 單日刷卡消費滿日幣5,264元享95折優惠'),
(1186, 1492, 'mileageScore', '大陸包車王 ', ' 包車獨享85折優惠'),
(1187, 1492, 'mileageScore', '肯驛國際 ', ' 大台北機場接送享優惠價NT$480起 '),
(1188, 1492, 'mileageScore', '肯驛國際 ', ' 享台北至桃園國際機場接送NT$588起'),
(1189, 1492, 'otherScore', 'ALFA健身俱樂部 ', ' 享優惠價NT$299起/人'),
(1190, 1492, 'otherScore', '馥蘭朵烏來渡假酒店 ', ' 於馥蘭朵刷卡消費極享湯宴專案再給予現場價9折優惠'),
(1191, 1492, 'otherScore', 'World Gym ', ' 刷卡享15天免費運動會籍/憑卡入會者享免會費之優惠加送精美贈品'),
(1192, 1492, 'parkingScore', '格上租車 ', ' 平日享定價租一天送一天、假日享定價七折優惠'),
(1193, 1493, 'insuranceScore', '六福村主題遊樂園 ', ' 享樂園入園門票買一送一'),
(1194, 1493, 'insuranceScore', '義大遊樂世界 ', ' 二張門票享優惠價'),
(1195, 1493, 'insuranceScore', '雄獅旅遊 ', ' 雄獅旅遊【日本嚴選】主題行程全館折新台幣2,000元'),
(1196, 1493, 'mileageScore', 'TMS全鋒事業 ', ' 台灣地區國際機場接送新台幣588元起'),
(1197, 1493, 'mileageScore', '中國東方航空 ', ' 買指定航線、指定艙等之單程或來回機票，即可享有機票最高9折禮遇'),
(1198, 1493, 'mileageScore', '宜泊資訊科技 ', ' 機場代泊享85折'),
(1199, 1493, 'otherScore', '台中高爾夫球場 ', ' 平日優惠價新台幣2,300元，假日優惠價新台幣2,700元'),
(1200, 1493, 'otherScore', '老爺關西高爾夫球場 ', ' 平日優惠價新台幣2,790元，假日優惠價新台幣3,450元'),
(1201, 1493, 'otherScore', '高雄高爾夫球場(澄清湖) ', ' 平日優惠價新台幣1,920元，假日優惠價新台幣2,915元'),
(1202, 1494, 'eatingScore', 'TOSCANA義大利餐廳 ', ' 下午茶二人同行每人享優惠NT$560起'),
(1203, 1494, 'eatingScore', '八方燴西餐廳 ', ' 下午茶二人同行每人享優惠NT$475起'),
(1204, 1494, 'eatingScore', '漢來海港餐廳台中店 ', ' 下午茶二人同行每人享優惠NT$500起'),
(1205, 1494, 'movieScore', '板橋秀泰影城 ', ' 二人同行每人享優惠NT$215起'),
(1206, 1494, 'movieScore', '今日秀泰影城 ', ' 二人同行每人享優惠NT$215起'),
(1207, 1494, 'movieScore', '欣欣秀泰影城 ', ' 二人同行每人享優惠NT$215起'),
(1208, 1494, 'insuranceScore', '新北翰品酒店 ', ' 二人入住享雅緻客房優惠價NT$2,900'),
(1209, 1494, 'insuranceScore', '桃園翰品酒店 ', ' 二人入住享雅緻客房優惠價NT$2,600'),
(1210, 1494, 'insuranceScore', '新竹芙洛麗大飯店 ', ' 二人入住享自由客房優惠價NT$3,250'),
(1211, 1494, 'shoppingScore', 'Marui Imai ', ' 刷卡消費滿日幣50,000元可獲贈價值日幣1,000元的三越伊勢丹集團禮券'),
(1212, 1494, 'shoppingScore', 'Premium Outlets ', ' 刷卡消費滿日幣40,000元即可獲贈禮品'),
(1213, 1494, 'shoppingScore', 'Kojima ', ' 單日刷卡消費滿日幣5,264元享95折優惠'),
(1214, 1494, 'cashBackScore', '博客來 ', ' 單筆刷滿2,000元，送刷卡金200元'),
(1215, 1494, 'cashBackScore', '樂桃航空 ', ' 單筆刷滿2,000元，送刷卡金200元'),
(1216, 1494, 'cashBackScore', 'AGODA ', ' 單筆刷滿2,000元，送刷卡金200元'),
(1217, 1494, 'mileageScore', '大陸包車王 ', ' 包車獨享85折優惠'),
(1218, 1494, 'mileageScore', '肯驛國際 ', ' 大台北機場接送享優惠價NT$480起 '),
(1219, 1494, 'mileageScore', '肯驛國際 ', ' 享台北至桃園國際機場接送NT$588起'),
(1220, 1494, 'otherScore', 'ALFA健身俱樂部 ', ' 享優惠價NT$299起/人'),
(1221, 1494, 'otherScore', '馥蘭朵烏來渡假酒店 ', ' 於馥蘭朵刷卡消費極享湯宴專案再給予現場價9折優惠'),
(1222, 1494, 'otherScore', 'World Gym ', ' 刷卡享15天免費運動會籍/憑卡入會者享免會費之優惠加送精美贈品'),
(1223, 1495, 'insuranceScore', '六福村主題遊樂園 ', ' 享樂園入園門票買一送一'),
(1224, 1495, 'insuranceScore', '義大遊樂世界 ', ' 二張門票享優惠價'),
(1225, 1495, 'insuranceScore', '雄獅旅遊 ', ' 雄獅旅遊【日本嚴選】主題行程全館折新台幣2,000元'),
(1226, 1495, 'cashBackScore', '博客來 ', ' 單筆刷滿2,000元，送刷卡金200元'),
(1227, 1495, 'cashBackScore', '樂桃航空 ', ' 單筆刷滿2,000元，送刷卡金200元'),
(1228, 1495, 'cashBackScore', 'AGODA ', ' 單筆刷滿2,000元，送刷卡金200元'),
(1229, 1495, 'mileageScore', 'TMS全鋒事業 ', ' 台灣地區國際機場接送新台幣588元起'),
(1230, 1495, 'mileageScore', '中國東方航空 ', ' 買指定航線、指定艙等之單程或來回機票，即可享有機票最高9折禮遇'),
(1231, 1495, 'mileageScore', '宜泊資訊科技 ', ' 機場代泊享85折'),
(1232, 1495, 'otherScore', '台中高爾夫球場 ', ' 平日優惠價新台幣2,300元，假日優惠價新台幣2,700元'),
(1233, 1495, 'otherScore', '老爺關西高爾夫球場 ', ' 平日優惠價新台幣2,790元，假日優惠價新台幣3,450元'),
(1234, 1495, 'otherScore', '高雄高爾夫球場(澄清湖) ', ' 平日優惠價新台幣1,920元，假日優惠價新台幣2,915元'),
(1235, 1496, 'eatingScore', 'Kokorogi ', ' 刷卡用餐享10%優惠折扣'),
(1236, 1496, 'eatingScore', '上海菜館 ', ' 刷卡用餐享10%優惠折扣'),
(1237, 1496, 'eatingScore', 'Gaspard and Lisa Res', ' 刷卡用餐享10%優惠折扣'),
(1238, 1496, 'insuranceScore', 'Mt. Kachi Kachi Rope', ' 享來回票價20%之優惠折扣'),
(1239, 1496, 'insuranceScore', '北海道新千歲國際機場 ', ' 買機場巴士乘車券可享8折優惠'),
(1240, 1496, 'insuranceScore', '東京成田國際機場 ', ' 買機場巴士乘車券可享8折優惠'),
(1241, 1496, 'cashBackScore', '森森購物網 ', ' 享網路購物平台價值新台幣200元之回饋金'),
(1242, 1496, 'cashBackScore', '東森購物網 ', ' 享網路購物平台價值新台幣200元之回饋金'),
(1243, 1496, 'cashBackScore', 'GoHappy快樂購物網 ', ' 享網路購物平台價值新台幣200元之回饋金'),
(1244, 1496, 'mileageScore', '台灣虎航 ', ' 單筆刷卡6,000元送100元旅遊金/單筆刷卡12,000元送200元旅遊金依'),
(1245, 1496, 'mileageScore', '樂桃航空 ', ' 單筆刷卡6,000元送100元旅遊金/單筆刷卡12,000元送200元旅遊金依'),
(1246, 1496, 'mileageScore', '捷星航空 ', ' 單筆刷卡6,000元送100元旅遊金/單筆刷卡12,000元送200元旅遊金依'),
(1247, 1496, 'otherScore', '馥蘭朵烏來渡假酒店 ', ' 於馥蘭朵刷卡消費極享湯宴專案再給予現場價9折優惠'),
(1248, 1496, 'otherScore', 'World Gym ', ' 刷卡享15天免費運動會籍/憑卡入會者享免會費之優惠加送精美贈品'),
(1249, 1496, 'otherScore', '健身工廠 ', ' 享首次免費14日體驗/加入指定會籍加贈獨家毛巾一份'),
(1250, 1497, 'eatingScore', 'TOSCANA義大利餐廳 ', ' 下午茶二人同行每人享優惠NT$560起'),
(1251, 1497, 'eatingScore', '八方燴西餐廳 ', ' 下午茶二人同行每人享優惠NT$475起'),
(1252, 1497, 'eatingScore', '漢來海港餐廳台中店 ', ' 下午茶二人同行每人享優惠NT$500起'),
(1253, 1497, 'movieScore', '板橋秀泰影城 ', ' 二人同行每人享優惠NT$215起'),
(1254, 1497, 'movieScore', '今日秀泰影城 ', ' 二人同行每人享優惠NT$215起'),
(1255, 1497, 'movieScore', '欣欣秀泰影城 ', ' 二人同行每人享優惠NT$215起'),
(1256, 1497, 'insuranceScore', '新北翰品酒店 ', ' 二人入住享雅緻客房優惠價NT$2,900'),
(1257, 1497, 'insuranceScore', '桃園翰品酒店 ', ' 二人入住享雅緻客房優惠價NT$2,600'),
(1258, 1497, 'insuranceScore', '新竹芙洛麗大飯店 ', ' 二人入住享自由客房優惠價NT$3,250'),
(1259, 1497, 'shoppingScore', 'Marui Imai ', ' 刷卡消費滿日幣50,000元可獲贈價值日幣1,000元的三越伊勢丹集團禮券'),
(1260, 1497, 'shoppingScore', 'Premium Outlets ', ' 刷卡消費滿日幣40,000元即可獲贈禮品'),
(1261, 1497, 'shoppingScore', 'Kojima ', ' 單日刷卡消費滿日幣5,264元享95折優惠'),
(1262, 1497, 'smartpayScore', '全聯福利中心 ', ' 持國泰世華一卡通聯名卡/Debit卡並以一卡通功能扣款，農曆初一/十五(含前2'),
(1263, 1497, 'smartpayScore', '喜滿客影城 ', ' 持國泰世華一卡通聯名卡/Debit卡並以一卡通功能扣款，購票優惠每張200元'),
(1264, 1497, 'smartpayScore', '大魯閣草衙道 ', ' 持國泰世華一卡通聯名卡/Debit卡並以一卡通功能扣款，館內指定餐飲店櫃享8折'),
(1265, 1497, 'mileageScore', '大陸包車王 ', ' 包車獨享85折優惠'),
(1266, 1497, 'mileageScore', '肯驛國際 ', ' 大台北機場接送享優惠價NT$480起 '),
(1267, 1497, 'mileageScore', '肯驛國際 ', ' 享台北至桃園國際機場接送NT$588起'),
(1268, 1497, 'otherScore', 'ALFA健身俱樂部 ', ' 享優惠價NT$299起/人'),
(1269, 1497, 'otherScore', '林莉工作坊 ', ' 全家福攝影，刷卡獨享優惠價NT$4,888起'),
(1270, 1497, 'otherScore', '林莉工作坊 ', ' 拍攝自主婚紗，刷卡獨享優惠價NT$36,800'),
(1271, 1498, 'insuranceScore', '六福村主題遊樂園 ', ' 享樂園入園門票買一送一'),
(1272, 1498, 'insuranceScore', '義大遊樂世界 ', ' 二張門票享優惠價'),
(1273, 1498, 'insuranceScore', '雄獅旅遊 ', ' 雄獅旅遊【日本嚴選】主題行程全館折新台幣2,000元'),
(1274, 1498, 'smartpayScore', '全聯福利中心 ', ' 持國泰世華一卡通聯名卡/Debit卡並以一卡通功能扣款，農曆初一/十五(含前2'),
(1275, 1498, 'smartpayScore', '喜滿客影城 ', ' 持國泰世華一卡通聯名卡/Debit卡並以一卡通功能扣款，購票優惠每張200元'),
(1276, 1498, 'smartpayScore', '大魯閣草衙道 ', ' 持國泰世華一卡通聯名卡/Debit卡並以一卡通功能扣款，館內指定餐飲店櫃享8折'),
(1277, 1498, 'mileageScore', 'TMS全鋒事業 ', ' 台灣地區國際機場接送新台幣588元起'),
(1278, 1498, 'mileageScore', '中國東方航空 ', ' 買指定航線、指定艙等之單程或來回機票，即可享有機票最高9折禮遇'),
(1279, 1498, 'mileageScore', '宜泊資訊科技 ', ' 機場代泊享85折'),
(1280, 1498, 'otherScore', '台中高爾夫球場 ', ' 平日優惠價新台幣2,300元，假日優惠價新台幣2,700元'),
(1281, 1498, 'otherScore', '老爺關西高爾夫球場 ', ' 平日優惠價新台幣2,790元，假日優惠價新台幣3,450元'),
(1282, 1498, 'otherScore', '高雄高爾夫球場(澄清湖) ', ' 平日優惠價新台幣1,920元，假日優惠價新台幣2,915元'),
(1283, 1499, 'eatingScore', '安東廳 ', ' 享不分平假日午晚餐75折優惠'),
(1284, 1499, 'eatingScore', '辰園 ', ' 享不分平假日午晚餐75折優惠'),
(1285, 1499, 'eatingScore', 'SUKHOTHAI ', ' 享不分平假日午晚餐75折優惠'),
(1286, 1499, 'insuranceScore', 'HOTEL COZZI和逸 ', ' 不分平、假日，可享指定房型住宿優惠價NT$3,600(不含早餐)'),
(1287, 1499, 'insuranceScore', '台北亞都麗緻大飯店 ', ' 卓越客房不分平、假日，可享住宿優惠價NT$3,600(含兩客早餐)'),
(1288, 1499, 'insuranceScore', '台中亞緻大飯店 ', ' 標準客房不分平、假日，可享住宿優惠價NT$3,600(含兩客早餐)'),
(1289, 1499, 'mileageScore', '長榮航空機場貴賓室 ', ' 不限次數免費使用'),
(1290, 1499, 'mileageScore', '龍騰全球機場貴賓室 ', ' 不限次數免費使用'),
(1291, 1500, 'eatingScore', 'TOSCANA義大利餐廳 ', ' 下午茶二人同行每人享優惠NT$560起'),
(1292, 1500, 'eatingScore', '八方燴西餐廳 ', ' 下午茶二人同行每人享優惠NT$475起'),
(1293, 1500, 'eatingScore', '漢來海港餐廳台中店 ', ' 下午茶二人同行每人享優惠NT$500起'),
(1294, 1500, 'movieScore', '板橋秀泰影城 ', ' 二人同行每人享優惠NT$215起'),
(1295, 1500, 'movieScore', '今日秀泰影城 ', ' 二人同行每人享優惠NT$215起'),
(1296, 1500, 'movieScore', '欣欣秀泰影城 ', ' 二人同行每人享優惠NT$215起'),
(1297, 1500, 'insuranceScore', '新北翰品酒店 ', ' 二人入住享雅緻客房優惠價NT$2,900'),
(1298, 1500, 'insuranceScore', '桃園翰品酒店 ', ' 二人入住享雅緻客房優惠價NT$2,600'),
(1299, 1500, 'insuranceScore', '新竹芙洛麗大飯店 ', ' 二人入住享自由客房優惠價NT$3,250'),
(1300, 1500, 'shoppingScore', 'Marui Imai ', ' 刷卡消費滿日幣50,000元可獲贈價值日幣1,000元的三越伊勢丹集團禮券'),
(1301, 1500, 'shoppingScore', 'Premium Outlets ', ' 刷卡消費滿日幣40,000元即可獲贈禮品'),
(1302, 1500, 'shoppingScore', 'Kojima ', ' 單日刷卡消費滿日幣5,264元享95折優惠'),
(1303, 1500, 'smartpayScore', '全聯福利中心 ', ' 持國泰世華一卡通聯名卡/Debit卡並以一卡通功能扣款，農曆初一/十五(含前2'),
(1304, 1500, 'smartpayScore', '喜滿客影城 ', ' 持國泰世華一卡通聯名卡/Debit卡並以一卡通功能扣款，購票優惠每張200元'),
(1305, 1500, 'smartpayScore', '大魯閣草衙道 ', ' 持國泰世華一卡通聯名卡/Debit卡並以一卡通功能扣款，館內指定餐飲店櫃享8折'),
(1306, 1500, 'mileageScore', '大陸包車王 ', ' 包車獨享85折優惠'),
(1307, 1500, 'mileageScore', '肯驛國際 ', ' 大台北機場接送享優惠價NT$480起 '),
(1308, 1500, 'mileageScore', '肯驛國際 ', ' 享台北至桃園國際機場接送NT$380起'),
(1309, 1500, 'otherScore', 'ALFA健身俱樂部 ', ' 享優惠價NT$299起/人'),
(1310, 1500, 'otherScore', '林莉工作坊 ', ' 全家福攝影，刷卡獨享優惠價NT$4,888起'),
(1311, 1500, 'otherScore', '林莉工作坊 ', ' 拍攝自主婚紗，刷卡獨享優惠價NT$36,800'),
(1312, 1501, 'insuranceScore', '台南晶英酒店 ', ' 享年度住房專案優惠價，且同日入住2間或連續入住2晚，皆享房型升等'),
(1313, 1501, 'insuranceScore', '墾丁夏都沙灘酒店 ', ' 享住房優惠NT$4,099起，全館餐飲消費享9折'),
(1314, 1502, 'eatingScore', 'TOSCANA義大利餐廳 ', ' 下午茶二人同行每人享優惠NT$560起'),
(1315, 1502, 'eatingScore', '八方燴西餐廳 ', ' 下午茶二人同行每人享優惠NT$475起'),
(1316, 1502, 'eatingScore', '漢來海港餐廳台中店 ', ' 下午茶二人同行每人享優惠NT$500起'),
(1317, 1502, 'movieScore', '板橋秀泰影城 ', ' 二人同行每人享優惠NT$215起'),
(1318, 1502, 'movieScore', '今日秀泰影城 ', ' 二人同行每人享優惠NT$215起'),
(1319, 1502, 'movieScore', '欣欣秀泰影城 ', ' 二人同行每人享優惠NT$215起'),
(1320, 1502, 'insuranceScore', '新北翰品酒店 ', ' 二人入住享雅緻客房優惠價NT$2,900'),
(1321, 1502, 'insuranceScore', '桃園翰品酒店 ', ' 二人入住享雅緻客房優惠價NT$2,600'),
(1322, 1502, 'insuranceScore', '新竹芙洛麗大飯店 ', ' 二人入住享自由客房優惠價NT$3,250'),
(1323, 1502, 'shoppingScore', 'Marui Imai ', ' 刷卡消費滿日幣50,000元可獲贈價值日幣1,000元的三越伊勢丹集團禮券'),
(1324, 1502, 'shoppingScore', 'Premium Outlets ', ' 刷卡消費滿日幣40,000元即可獲贈禮品'),
(1325, 1502, 'shoppingScore', 'Kojima ', ' 單日刷卡消費滿日幣5,264元享95折優惠'),
(1326, 1502, 'smartpayScore', '全聯福利中心 ', ' 持國泰世華一卡通聯名卡/Debit卡並以一卡通功能扣款，農曆初一/十五(含前2'),
(1327, 1502, 'smartpayScore', '喜滿客影城 ', ' 持國泰世華一卡通聯名卡/Debit卡並以一卡通功能扣款，購票優惠每張200元'),
(1328, 1502, 'smartpayScore', '大魯閣草衙道 ', ' 持國泰世華一卡通聯名卡/Debit卡並以一卡通功能扣款，館內指定餐飲店櫃享8折'),
(1329, 1502, 'mileageScore', '大陸包車王 ', ' 包車獨享85折優惠'),
(1330, 1502, 'mileageScore', '肯驛國際 ', ' 大台北機場接送享優惠價NT$480起 '),
(1331, 1502, 'mileageScore', '肯驛國際 ', ' 享台北至桃園國際機場接送NT$588起'),
(1332, 1502, 'otherScore', 'ALFA健身俱樂部 ', ' 享優惠價NT$299起/人'),
(1333, 1502, 'otherScore', '林莉工作坊 ', ' 全家福攝影，刷卡獨享優惠價NT$4,888起'),
(1334, 1502, 'otherScore', '林莉工作坊 ', ' 拍攝自主婚紗，刷卡獨享優惠價NT$36,800'),
(1335, 1503, 'eatingScore', '台北國賓大飯店 ', ' 享平日下午茶75折'),
(1336, 1503, 'eatingScore', '雨林餐廳 ', ' 享平日午餐75折'),
(1337, 1503, 'eatingScore', '艾可柏菲自助料理 ', ' 享平日午餐75折'),
(1338, 1503, 'insuranceScore', '台北美麗信花園酒店 ', ' 購買指定房型可享優惠價'),
(1339, 1503, 'insuranceScore', '台中金典酒店 ', ' 購買指定房型可享優惠價'),
(1340, 1503, 'insuranceScore', '理想大地渡假飯店 ', ' 平日西班牙主題房型專案優惠價新台幣6,900 元'),
(1341, 1503, 'smartpayScore', '全聯福利中心 ', ' 持國泰世華一卡通聯名卡/Debit卡並以一卡通功能扣款，農曆初一/十五(含前2'),
(1342, 1503, 'smartpayScore', '喜滿客影城 ', ' 持國泰世華一卡通聯名卡/Debit卡並以一卡通功能扣款，購票優惠每張200元'),
(1343, 1503, 'smartpayScore', '大魯閣草衙道 ', ' 持國泰世華一卡通聯名卡/Debit卡並以一卡通功能扣款，館內指定餐飲店櫃享8折'),
(1344, 1503, 'mileageScore', 'TMS全鋒事業 ', ' 大陸機場單趟接送優惠價新台幣800元'),
(1345, 1503, 'mileageScore', 'TMS全鋒事業 ', ' 台灣地區國際機場接送新台幣388元起'),
(1346, 1503, 'mileageScore', 'U.FIRST  ', ' 機場禮遇通關定價7折優惠'),
(1347, 1503, 'otherScore', '台中高爾夫球場 ', ' 平日優惠價新台幣2,100元，假日優惠價新台幣2,700元'),
(1348, 1503, 'otherScore', '老爺關西高爾夫球場 ', ' 平日優惠價新台幣2,370元，假日優惠價新台幣3,295元'),
(1349, 1503, 'otherScore', '高雄高爾夫球場(澄清湖) ', ' 平日優惠價新台幣1,920元，假日優惠價新台幣2,915元'),
(1350, 1504, 'eatingScore', '艾可柏菲自助料理 ', ' 享平日午餐75折'),
(1351, 1504, 'eatingScore', '雅閣 ', ' 刷卡享不分平假日午晚餐享85折優惠'),
(1352, 1504, 'eatingScore', 'Café Un Deux Trois ', ' 刷卡享不分平假日午晚餐、下午茶享85折優惠'),
(1353, 1504, 'insuranceScore', '六福村主題遊樂園 ', ' 享樂園入園門票買一送一'),
(1354, 1504, 'insuranceScore', '義大遊樂世界 ', ' 二張門票享優惠價'),
(1355, 1504, 'insuranceScore', '雄獅旅遊 ', ' 雄獅旅遊【日本嚴選】主題行程全館折新台幣2,000元'),
(1356, 1504, 'smartpayScore', '全聯福利中心 ', ' 持國泰世華一卡通聯名卡/Debit卡並以一卡通功能扣款，農曆初一/十五(含前2'),
(1357, 1504, 'smartpayScore', '喜滿客影城 ', ' 持國泰世華一卡通聯名卡/Debit卡並以一卡通功能扣款，購票優惠每張200元'),
(1358, 1504, 'smartpayScore', '大魯閣草衙道 ', ' 持國泰世華一卡通聯名卡/Debit卡並以一卡通功能扣款，館內指定餐飲店櫃享8折'),
(1359, 1504, 'mileageScore', 'TMS全鋒事業 ', ' 台灣地區國際機場接送新台幣588元起'),
(1360, 1504, 'mileageScore', '中國東方航空 ', ' 買指定航線、指定艙等之單程或來回機票，即可享有機票最高9折禮遇'),
(1361, 1504, 'mileageScore', '宜泊資訊科技 ', ' 機場代泊享85折'),
(1362, 1504, 'otherScore', '台中高爾夫球場 ', ' 平日優惠價新台幣2,300元，假日優惠價新台幣2,700元'),
(1363, 1504, 'otherScore', '老爺關西高爾夫球場 ', ' 平日優惠價新台幣2,790元，假日優惠價新台幣3,450元'),
(1364, 1504, 'otherScore', '高雄高爾夫球場(澄清湖) ', ' 平日優惠價新台幣1,920元，假日優惠價新台幣2,915元'),
(1365, 1505, 'insuranceScore', 'BESPOQE威尼斯漫遊 ', ' 飯店房間升等'),
(1366, 1505, 'insuranceScore', '逸寬文旅大安館 ', ' 入住享優惠價每晚新台幣5,000元+10%服務費'),
(1367, 1505, 'insuranceScore', '逸寬文旅信義館 ', ' 入住享優惠價每晚新台幣5,000元+11%服務費'),
(1368, 1505, 'smartpayScore', '全聯福利中心 ', ' 持國泰世華一卡通聯名卡/Debit卡並以一卡通功能扣款，農曆初一/十五(含前2'),
(1369, 1505, 'smartpayScore', '喜滿客影城 ', ' 持國泰世華一卡通聯名卡/Debit卡並以一卡通功能扣款，購票優惠每張200元'),
(1370, 1505, 'smartpayScore', '大魯閣草衙道 ', ' 持國泰世華一卡通聯名卡/Debit卡並以一卡通功能扣款，館內指定餐飲店櫃享8折'),
(1371, 1505, 'mileageScore', 'TMS全鋒事業 ', ' 台灣地區國際機場接送新台幣788元起'),
(1372, 1505, 'mileageScore', '中國東方航空 ', ' 買指定航線、指定艙等之單程或來回機票，即可享有機票最高9折禮遇'),
(1373, 1505, 'mileageScore', '宜泊資訊科技 ', ' 機場代泊享85折'),
(1374, 1505, 'otherScore', '澄清醫院柏忕健康管理中心 ', ' 健康腸在專案價新台幣22,500元'),
(1375, 1505, 'otherScore', 'ANTI-AGING LIFE CENT', ' 購買任何 TheraSpa 療程皆可享有8折優惠'),
(1376, 1505, 'otherScore', '北京嘉裡大酒店 ', ' 健身享年度會員9折優惠'),
(1377, 1506, 'eatingScore', 'TOSCANA義大利餐廳 ', ' 週一至週五二人同行持卡人享下午茶68折優惠'),
(1378, 1506, 'eatingScore', '玫瑰烘焙坊 ', ' 週一至週五二人同行持卡人享下午茶68折優惠'),
(1379, 1506, 'movieScore', '板橋秀泰影城 ', ' 持卡人於樂活網刷卡購票可享66折優惠'),
(1380, 1506, 'movieScore', '今日秀泰影城 ', ' 持卡人於樂活網刷卡購票可享66折優惠'),
(1381, 1506, 'movieScore', '欣欣秀泰影城 ', ' 持卡人於樂活網刷卡購票可享66折優惠'),
(1382, 1506, 'insuranceScore', 'Zani Viaggi ', ' 所有購物團享9折優惠'),
(1383, 1506, 'insuranceScore', 'Zani Viaggi ', ' 一日遊觀光團享9折優惠'),
(1384, 1506, 'insuranceScore', 'Zani Viaggi ', ' 所有米蘭城市觀光團享9折優惠'),
(1385, 1506, 'shoppingScore', 'Marui Imai ', ' 刷卡消費滿日幣50,000元可獲贈價值日幣1,000元的三越伊勢丹集團禮券'),
(1386, 1506, 'shoppingScore', 'Premium Outlets ', ' 刷卡消費滿日幣40,000元即可獲贈禮品'),
(1387, 1506, 'shoppingScore', 'Kojima ', ' 單日刷卡消費滿日幣5,264元享95折優惠'),
(1388, 1506, 'smartpayScore', '全聯福利中心 ', ' 持國泰世華一卡通聯名卡/Debit卡並以一卡通功能扣款，農曆初一/十五(含前2'),
(1389, 1506, 'smartpayScore', '喜滿客影城 ', ' 持國泰世華一卡通聯名卡/Debit卡並以一卡通功能扣款，購票優惠每張200元'),
(1390, 1506, 'smartpayScore', '大魯閣草衙道 ', ' 持國泰世華一卡通聯名卡/Debit卡並以一卡通功能扣款，館內指定餐飲店櫃享8折'),
(1391, 1506, 'mileageScore', '大陸包車王 ', ' 包車獨享85折優惠'),
(1392, 1506, 'mileageScore', '肯驛國際 ', ' 享台北至桃園國際機場接送NT$799起'),
(1393, 1506, 'mileageScore', '馬印航空 ', ' 刷卡消費指定航點機票，享超值優惠票價NT$6,000起(未稅)'),
(1394, 1506, 'otherScore', '林莉工作坊 ', ' 全家福攝影，刷卡獨享優惠價NT$4,888起'),
(1395, 1506, 'otherScore', '林莉工作坊 ', ' 拍攝自主婚紗，刷卡獨享優惠價NT$36,800'),
(1396, 1506, 'otherScore', '林莉工作坊 ', ' 海外婚紗攝影，刷卡獨享優惠價 3,600歐元'),
(1397, 1507, 'movieScore', '板橋秀泰影城 ', ' 持卡人於樂活網刷卡購票可享66折優惠'),
(1398, 1507, 'movieScore', '今日秀泰影城 ', ' 持卡人於樂活網刷卡購票可享66折優惠'),
(1399, 1507, 'movieScore', '欣欣秀泰影城 ', ' 持卡人於樂活網刷卡購票可享66折優惠'),
(1400, 1507, 'insuranceScore', 'Zani Viaggi ', ' 一日遊觀光團享9折優惠'),
(1401, 1507, 'insuranceScore', 'Zani Viaggi ', ' 所有米蘭城市觀光團享9折優惠'),
(1402, 1507, 'insuranceScore', 'Ghostsigns ', ' 所有導賞團尊享8折優惠'),
(1403, 1507, 'shoppingScore', 'Marui Imai ', ' 刷卡消費滿日幣50,000元可獲贈價值日幣1,000元的三越伊勢丹集團禮券'),
(1404, 1507, 'shoppingScore', 'Premium Outlets ', ' 刷卡消費滿日幣40,000元即可獲贈禮品'),
(1405, 1507, 'shoppingScore', 'Kojima ', ' 單日刷卡消費滿日幣5,264元享95折優惠'),
(1406, 1507, 'smartpayScore', '全聯福利中心 ', ' 持國泰世華一卡通聯名卡/Debit卡並以一卡通功能扣款，農曆初一/十五(含前2'),
(1407, 1507, 'smartpayScore', '喜滿客影城 ', ' 持國泰世華一卡通聯名卡/Debit卡並以一卡通功能扣款，購票優惠每張200元'),
(1408, 1507, 'smartpayScore', '大魯閣草衙道 ', ' 持國泰世華一卡通聯名卡/Debit卡並以一卡通功能扣款，館內指定餐飲店櫃享8折'),
(1409, 1507, 'mileageScore', '大陸包車王 ', ' 包車獨享85折優惠'),
(1410, 1507, 'mileageScore', '馬印航空 ', ' 刷卡消費指定航點機票，享超值優惠票價NT$6,000起(未稅)'),
(1411, 1507, 'mileageScore', '越捷航空 ', ' 刷卡消費指定航點機票，享超值優惠票價NT$6,000起(未稅)'),
(1412, 1507, 'otherScore', '林莉工作坊 ', ' 全家福攝影，刷卡獨享優惠價NT$4,888起'),
(1413, 1507, 'otherScore', '林莉工作坊 ', ' 拍攝自主婚紗，刷卡獨享優惠價NT$36,800'),
(1414, 1507, 'otherScore', '林莉工作坊 ', ' 海外婚紗攝影，刷卡獨享優惠價 3,600歐元'),
(1415, 1508, 'movieScore', '國賓影城 ', ' 簽單滿額，享週一～週四6折，週五～週日及國定假日63折起優惠；網路訂票享免付手'),
(1416, 1508, 'movieScore', '台中新光影城 ', ' 簽單滿額，享週一～週四6折，週五～週日及國定假日63折起優惠'),
(1417, 1508, 'movieScore', '凱擘影城 ', ' 簽單滿額，享週一～週四6折，週五～週日及國定假日63折起優惠'),
(1418, 1508, 'insuranceScore', 'BESPOQE威尼斯漫遊 ', ' 飯店房間升等'),
(1419, 1508, 'insuranceScore', '逸寬文旅大安館 ', ' 入住享優惠價每晚新台幣5,000元+10%服務費'),
(1420, 1508, 'insuranceScore', '逸寬文旅信義館 ', ' 入住享優惠價每晚新台幣5,000元+11%服務費'),
(1421, 1508, 'smartpayScore', '全聯福利中心 ', ' 持國泰世華一卡通聯名卡/Debit卡並以一卡通功能扣款，農曆初一/十五(含前2'),
(1422, 1508, 'smartpayScore', '喜滿客影城 ', ' 持國泰世華一卡通聯名卡/Debit卡並以一卡通功能扣款，購票優惠每張200元'),
(1423, 1508, 'smartpayScore', '大魯閣草衙道 ', ' 持國泰世華一卡通聯名卡/Debit卡並以一卡通功能扣款，館內指定餐飲店櫃享8折'),
(1424, 1508, 'mileageScore', 'TMS全鋒事業 ', ' 台灣地區國際機場接送新台幣788元起'),
(1425, 1508, 'mileageScore', '中國東方航空 ', ' 買指定航線、指定艙等之單程或來回機票，即可享有機票最高9折禮遇'),
(1426, 1508, 'mileageScore', '宜泊資訊科技 ', ' 機場代泊享85折'),
(1427, 1508, 'otherScore', '澄清醫院柏忕健康管理中心 ', ' 健康腸在專案價新台幣22,500元'),
(1428, 1508, 'otherScore', 'ANTI-AGING LIFE CENT', ' 購買任何 TheraSpa 療程皆可享有8折優惠'),
(1429, 1508, 'otherScore', '北京嘉裡大酒店 ', ' 健身享年度會員9折優惠'),
(1430, 1509, 'insuranceScore', 'HOTELS.COM ', ' 輸入優惠代碼「COF12」享訂房88折'),
(1431, 1509, 'insuranceScore', '雅高集團酒店 ', ' 訂酒店住宿，尊享入住兩晚，第三晚免費禮遇'),
(1432, 1509, 'insuranceScore', '格雷萬蠟像館 ', ' 享9折優惠'),
(1433, 1509, 'smartpayScore', '全聯福利中心 ', ' 持國泰世華一卡通聯名卡/Debit卡並以一卡通功能扣款，農曆初一/十五(含前2'),
(1434, 1509, 'smartpayScore', '喜滿客影城 ', ' 持國泰世華一卡通聯名卡/Debit卡並以一卡通功能扣款，購票優惠每張200元'),
(1435, 1509, 'smartpayScore', '大魯閣草衙道 ', ' 持國泰世華一卡通聯名卡/Debit卡並以一卡通功能扣款，館內指定餐飲店櫃享8折'),
(1436, 1509, 'mileageScore', '馬印航空 ', ' 刷卡消費指定航點機票，享超值優惠票價NT$6,000起(未稅)'),
(1437, 1509, 'mileageScore', '越捷航空 ', ' 刷卡消費指定航點機票，享超值優惠票價NT$6,000起(未稅)'),
(1438, 1509, 'otherScore', 'ANTI-AGING LIFE CENT', ' 購買任何 TheraSpa 療程皆可享有8折優惠'),
(1439, 1509, 'otherScore', '北京嘉裡大酒店 ', ' 健身享年度會員9折優惠'),
(1440, 1509, 'otherScore', '北京醫珍堂診所 ', ' 價格享8折優惠'),
(1441, 1510, 'eatingScore', '艾可柏菲自助料理 ', ' 享平日午餐75折'),
(1442, 1510, 'eatingScore', '絹絲谷 ', ' 享9折優惠，贈柴燒黑糖一包再享免費低溫宅配服務'),
(1443, 1510, 'insuranceScore', '六福村主題遊樂園 ', ' 享樂園入園門票買一送一'),
(1444, 1510, 'insuranceScore', '義大遊樂世界 ', ' 二張門票享優惠價'),
(1445, 1510, 'insuranceScore', '雄獅旅遊 ', ' 雄獅旅遊【日本嚴選】主題行程全館折新台幣2,000元'),
(1446, 1510, 'cashBackScore', '長庚生物科技 ', ' 消費滿200享1%加油金回饋，另可以加油金折抵消費'),
(1447, 1510, 'cashBackScore', '台塑購物網 ', ' 消費滿200享1%加油金回饋'),
(1448, 1510, 'smartpayScore', '全聯福利中心 ', ' 持國泰世華一卡通聯名卡/Debit卡並以一卡通功能扣款，農曆初一/十五(含前2'),
(1449, 1510, 'smartpayScore', '喜滿客影城 ', ' 持國泰世華一卡通聯名卡/Debit卡並以一卡通功能扣款，購票優惠每張200元'),
(1450, 1510, 'smartpayScore', '大魯閣草衙道 ', ' 持國泰世華一卡通聯名卡/Debit卡並以一卡通功能扣款，館內指定餐飲店櫃享8折'),
(1451, 1510, 'mileageScore', 'TMS全鋒事業 ', ' 大陸機場單趟接送優惠價新台幣800元'),
(1452, 1510, 'mileageScore', 'TMS全鋒事業 ', ' 台灣地區國際機場接送新台幣388元起'),
(1453, 1510, 'mileageScore', 'U.FIRST  ', ' 機場禮遇通關定價7折優惠'),
(1454, 1510, 'otherScore', '台中高爾夫球場 ', ' 平日優惠價新台幣2,300元，假日優惠價新台幣2,700元'),
(1455, 1510, 'otherScore', '老爺關西高爾夫球場 ', ' 平日優惠價新台幣2,790元，假日優惠價新台幣3,450元'),
(1456, 1510, 'otherScore', '高雄高爾夫球場(澄清湖) ', ' 平日優惠價新台幣1,920元，假日優惠價新台幣2,915元'),
(1457, 1510, 'parkingScore', 'AVIS安維斯租車 ', ' 尊榮車款(Avis Prestige)短租自駕5折優惠'),
(1458, 1510, 'parkingScore', '台亞加油站 ', ' 享「降價+加油金折抵」最高每公升降NT$2.2，另享0.3%加油金回饋'),
(1459, 1510, 'parkingScore', '福懋加油站 ', ' 享「降價+加油金折抵」最高每公升降NT$2.2，另享0.3%加油金回饋'),
(1460, 1511, 'insuranceScore', 'BESPOQE威尼斯漫遊 ', ' 飯店房間升等'),
(1461, 1511, 'insuranceScore', '逸寬文旅大安館 ', ' 入住享優惠價每晚新台幣5,000元+10%服務費'),
(1462, 1511, 'insuranceScore', '逸寬文旅信義館 ', ' 入住享優惠價每晚新台幣5,000元+11%服務費'),
(1463, 1511, 'shoppingScore', 'A.H.C ', ' 購物7折優惠， Premium Hydra Soother Mask/Hydr'),
(1464, 1511, 'cashBackScore', '長庚生物科技 ', ' 消費滿200享1%加油金回饋，另可以加油金折抵消費'),
(1465, 1511, 'cashBackScore', '台塑購物網 ', ' 消費滿200享1%加油金回饋'),
(1466, 1511, 'smartpayScore', '全聯福利中心 ', ' 持國泰世華一卡通聯名卡/Debit卡並以一卡通功能扣款，農曆初一/十五(含前2'),
(1467, 1511, 'smartpayScore', '喜滿客影城 ', ' 持國泰世華一卡通聯名卡/Debit卡並以一卡通功能扣款，購票優惠每張200元'),
(1468, 1511, 'smartpayScore', '大魯閣草衙道 ', ' 持國泰世華一卡通聯名卡/Debit卡並以一卡通功能扣款，館內指定餐飲店櫃享8折'),
(1469, 1511, 'mileageScore', 'TMS全鋒事業 ', ' 台灣地區國際機場接送新台幣788元起'),
(1470, 1511, 'mileageScore', '中國東方航空 ', ' 買指定航線、指定艙等之單程或來回機票，即可享有機票最高9折禮遇'),
(1471, 1511, 'mileageScore', '宜泊資訊科技 ', ' 機場代泊享85折'),
(1472, 1511, 'otherScore', '澄清醫院柏忕健康管理中心 ', ' 健康腸在專案價新台幣22,500元'),
(1473, 1511, 'otherScore', 'ANTI-AGING LIFE CENT', ' 購買任何 TheraSpa 療程皆可享有8折優惠'),
(1474, 1511, 'otherScore', '北京嘉裡大酒店 ', ' 健身享年度會員9折優惠'),
(1475, 1511, 'parkingScore', '福懋加油站 ', ' 享「降價+加油金折抵」最高每公升降NT$2.2，另享0.3%加油金回饋'),
(1476, 1512, 'eatingScore', 'TOSCANA義大利餐廳 ', ' 下午茶二人同行每人享優惠NT$560起'),
(1477, 1512, 'eatingScore', '八方燴西餐廳 ', ' 下午茶二人同行每人享優惠NT$475起'),
(1478, 1512, 'eatingScore', '漢來海港餐廳台中店 ', ' 下午茶二人同行每人享優惠NT$500起'),
(1479, 1512, 'movieScore', '板橋秀泰影城 ', ' 二人同行每人享優惠NT$215起'),
(1480, 1512, 'movieScore', '今日秀泰影城 ', ' 二人同行每人享優惠NT$215起'),
(1481, 1512, 'movieScore', '欣欣秀泰影城 ', ' 二人同行每人享優惠NT$215起'),
(1482, 1512, 'insuranceScore', '新北翰品酒店 ', ' 二人入住享雅緻客房優惠價NT$2,900'),
(1483, 1512, 'insuranceScore', '桃園翰品酒店 ', ' 二人入住享雅緻客房優惠價NT$2,600'),
(1484, 1512, 'insuranceScore', '新竹芙洛麗大飯店 ', ' 二人入住享自由客房優惠價NT$3,250'),
(1485, 1512, 'shoppingScore', 'Marui Imai ', ' 刷卡消費滿日幣50,000元可獲贈價值日幣1,000元的三越伊勢丹集團禮券'),
(1486, 1512, 'shoppingScore', 'Premium Outlets ', ' 刷卡消費滿日幣40,000元即可獲贈禮品'),
(1487, 1512, 'shoppingScore', 'Kojima ', ' 單日刷卡消費滿日幣5,264元享95折優惠'),
(1488, 1512, 'smartpayScore', '全聯福利中心 ', ' 持國泰世華一卡通聯名卡/Debit卡並以一卡通功能扣款，農曆初一/十五(含前2'),
(1489, 1512, 'smartpayScore', '喜滿客影城 ', ' 持國泰世華一卡通聯名卡/Debit卡並以一卡通功能扣款，購票優惠每張200元'),
(1490, 1512, 'smartpayScore', '大魯閣草衙道 ', ' 持國泰世華一卡通聯名卡/Debit卡並以一卡通功能扣款，館內指定餐飲店櫃享8折'),
(1491, 1512, 'mileageScore', '大陸包車王 ', ' 包車獨享85折優惠'),
(1492, 1512, 'mileageScore', '肯驛國際 ', ' 大台北機場接送享優惠價NT$480起 '),
(1493, 1512, 'mileageScore', '肯驛國際 ', ' 享台北至桃園國際機場接送NT$380起'),
(1494, 1512, 'otherScore', 'ALFA健身俱樂部 ', ' 享優惠價NT$299起/人'),
(1495, 1512, 'otherScore', '林莉工作坊 ', ' 全家福攝影，刷卡獨享優惠價NT$4,888起'),
(1496, 1512, 'otherScore', '林莉工作坊 ', ' 拍攝自主婚紗，刷卡獨享優惠價NT$36,800'),
(1497, 1513, 'eatingScore', 'TOSCANA義大利餐廳 ', ' 下午茶二人同行每人享優惠NT$560起'),
(1498, 1513, 'eatingScore', '八方燴西餐廳 ', ' 下午茶二人同行每人享優惠NT$475起'),
(1499, 1513, 'eatingScore', '漢來海港餐廳台中店 ', ' 下午茶二人同行每人享優惠NT$500起'),
(1500, 1513, 'movieScore', '板橋秀泰影城 ', ' 二人同行每人享優惠NT$215起'),
(1501, 1513, 'movieScore', '今日秀泰影城 ', ' 二人同行每人享優惠NT$215起'),
(1502, 1513, 'movieScore', '欣欣秀泰影城 ', ' 二人同行每人享優惠NT$215起'),
(1503, 1513, 'insuranceScore', '新北翰品酒店 ', ' 二人入住享雅緻客房優惠價NT$2,900'),
(1504, 1513, 'insuranceScore', '桃園翰品酒店 ', ' 二人入住享雅緻客房優惠價NT$2,600'),
(1505, 1513, 'insuranceScore', '新竹芙洛麗大飯店 ', ' 二人入住享自由客房優惠價NT$3,250'),
(1506, 1513, 'shoppingScore', 'Marui Imai ', ' 刷卡消費滿日幣50,000元可獲贈價值日幣1,000元的三越伊勢丹集團禮券'),
(1507, 1513, 'shoppingScore', 'Premium Outlets ', ' 刷卡消費滿日幣40,000元即可獲贈禮品'),
(1508, 1513, 'shoppingScore', 'Kojima ', ' 單日刷卡消費滿日幣5,264元享95折優惠'),
(1509, 1513, 'smartpayScore', '全聯福利中心 ', ' 持國泰世華一卡通聯名卡/Debit卡並以一卡通功能扣款，農曆初一/十五(含前2'),
(1510, 1513, 'smartpayScore', '喜滿客影城 ', ' 持國泰世華一卡通聯名卡/Debit卡並以一卡通功能扣款，購票優惠每張200元'),
(1511, 1513, 'smartpayScore', '大魯閣草衙道 ', ' 持國泰世華一卡通聯名卡/Debit卡並以一卡通功能扣款，館內指定餐飲店櫃享8折'),
(1512, 1513, 'mileageScore', '大陸包車王 ', ' 包車獨享85折優惠'),
(1513, 1513, 'mileageScore', '肯驛國際 ', ' 大台北機場接送享優惠價NT$480起 '),
(1514, 1513, 'mileageScore', '肯驛國際 ', ' 享台北至桃園國際機場接送NT$588起'),
(1515, 1513, 'otherScore', 'ALFA健身俱樂部 ', ' 享優惠價NT$299起/人'),
(1516, 1513, 'otherScore', '林莉工作坊 ', ' 全家福攝影，刷卡獨享優惠價NT$4,888起'),
(1517, 1513, 'otherScore', '林莉工作坊 ', ' 拍攝自主婚紗，刷卡獨享優惠價NT$36,800'),
(1518, 1514, 'eatingScore', 'TOSCANA義大利餐廳 ', ' 週一至週五二人同行持卡人享下午茶68折優惠'),
(1519, 1514, 'eatingScore', '玫瑰烘焙坊 ', ' 週一至週五二人同行持卡人享下午茶68折優惠'),
(1520, 1514, 'movieScore', '板橋秀泰影城 ', ' 持卡人於樂活網刷卡購票可享66折優惠'),
(1521, 1514, 'movieScore', '今日秀泰影城 ', ' 持卡人於樂活網刷卡購票可享66折優惠'),
(1522, 1514, 'movieScore', '欣欣秀泰影城 ', ' 持卡人於樂活網刷卡購票可享66折優惠'),
(1523, 1514, 'insuranceScore', 'Zani Viaggi ', ' 所有購物團享9折優惠'),
(1524, 1514, 'insuranceScore', 'Zani Viaggi ', ' 一日遊觀光團享9折優惠'),
(1525, 1514, 'insuranceScore', 'Zani Viaggi ', ' 所有米蘭城市觀光團享9折優惠'),
(1526, 1514, 'shoppingScore', 'Marui Imai ', ' 刷卡消費滿日幣50,000元可獲贈價值日幣1,000元的三越伊勢丹集團禮券');
INSERT INTO `Discount` (`D_Num`, `C_Num`, `D_Type`, `D_Title`, `D_Content`) VALUES
(1527, 1514, 'shoppingScore', 'Premium Outlets ', ' 刷卡消費滿日幣40,000元即可獲贈禮品'),
(1528, 1514, 'shoppingScore', 'Kojima ', ' 單日刷卡消費滿日幣5,264元享95折優惠'),
(1529, 1514, 'smartpayScore', '全聯福利中心 ', ' 持國泰世華一卡通聯名卡/Debit卡並以一卡通功能扣款，農曆初一/十五(含前2'),
(1530, 1514, 'smartpayScore', '喜滿客影城 ', ' 持國泰世華一卡通聯名卡/Debit卡並以一卡通功能扣款，購票優惠每張200元'),
(1531, 1514, 'smartpayScore', '大魯閣草衙道 ', ' 持國泰世華一卡通聯名卡/Debit卡並以一卡通功能扣款，館內指定餐飲店櫃享8折'),
(1532, 1514, 'mileageScore', '大陸包車王 ', ' 包車獨享85折優惠'),
(1533, 1514, 'mileageScore', '肯驛國際 ', ' 享台北至桃園國際機場接送NT$799起'),
(1534, 1514, 'mileageScore', '馬印航空 ', ' 刷卡消費指定航點機票，享超值優惠票價NT$6,000起(未稅)'),
(1535, 1514, 'otherScore', '林莉工作坊 ', ' 全家福攝影，刷卡獨享優惠價NT$4,888起'),
(1536, 1514, 'otherScore', '林莉工作坊 ', ' 拍攝自主婚紗，刷卡獨享優惠價NT$36,800'),
(1537, 1514, 'otherScore', '林莉工作坊 ', ' 海外婚紗攝影，刷卡獨享優惠價 3,600歐元'),
(1538, 1515, 'insuranceScore', '六福村主題遊樂園 ', ' 享樂園入園門票買一送一'),
(1539, 1515, 'insuranceScore', '義大遊樂世界 ', ' 二張門票享優惠價'),
(1540, 1515, 'insuranceScore', '雄獅旅遊 ', ' 雄獅旅遊【日本嚴選】主題行程全館折新台幣2,000元'),
(1541, 1515, 'smartpayScore', '全聯福利中心 ', ' 持國泰世華一卡通聯名卡/Debit卡並以一卡通功能扣款，農曆初一/十五(含前2'),
(1542, 1515, 'smartpayScore', '喜滿客影城 ', ' 持國泰世華一卡通聯名卡/Debit卡並以一卡通功能扣款，購票優惠每張200元'),
(1543, 1515, 'smartpayScore', '大魯閣草衙道 ', ' 持國泰世華一卡通聯名卡/Debit卡並以一卡通功能扣款，館內指定餐飲店櫃享8折'),
(1544, 1515, 'mileageScore', 'TMS全鋒事業 ', ' 台灣地區國際機場接送新台幣588元起'),
(1545, 1515, 'mileageScore', '中國東方航空 ', ' 買指定航線、指定艙等之單程或來回機票，即可享有機票最高9折禮遇'),
(1546, 1515, 'mileageScore', '宜泊資訊科技 ', ' 機場代泊享85折'),
(1547, 1515, 'otherScore', '台中高爾夫球場 ', ' 平日優惠價新台幣2,300元，假日優惠價新台幣2,700元'),
(1548, 1515, 'otherScore', '老爺關西高爾夫球場 ', ' 平日優惠價新台幣2,790元，假日優惠價新台幣3,450元'),
(1549, 1515, 'otherScore', '高雄高爾夫球場(澄清湖) ', ' 平日優惠價新台幣1,920元，假日優惠價新台幣2,915元'),
(1550, 1516, 'insuranceScore', 'BESPOQE威尼斯漫遊 ', ' 飯店房間升等'),
(1551, 1516, 'insuranceScore', '逸寬文旅大安館 ', ' 入住享優惠價每晚新台幣5,000元+10%服務費'),
(1552, 1516, 'insuranceScore', '逸寬文旅信義館 ', ' 入住享優惠價每晚新台幣5,000元+11%服務費'),
(1553, 1516, 'smartpayScore', '全聯福利中心 ', ' 持國泰世華一卡通聯名卡/Debit卡並以一卡通功能扣款，農曆初一/十五(含前2'),
(1554, 1516, 'smartpayScore', '喜滿客影城 ', ' 持國泰世華一卡通聯名卡/Debit卡並以一卡通功能扣款，購票優惠每張200元'),
(1555, 1516, 'smartpayScore', '大魯閣草衙道 ', ' 持國泰世華一卡通聯名卡/Debit卡並以一卡通功能扣款，館內指定餐飲店櫃享8折'),
(1556, 1516, 'mileageScore', 'TMS全鋒事業 ', ' 台灣地區國際機場接送新台幣788元起'),
(1557, 1516, 'mileageScore', '中國東方航空 ', ' 買指定航線、指定艙等之單程或來回機票，即可享有機票最高9折禮遇'),
(1558, 1516, 'mileageScore', '宜泊資訊科技 ', ' 機場代泊享85折'),
(1559, 1516, 'otherScore', '澄清醫院柏忕健康管理中心 ', ' 健康腸在專案價新台幣22,500元'),
(1560, 1516, 'otherScore', 'ANTI-AGING LIFE CENT', ' 購買任何 TheraSpa 療程皆可享有8折優惠'),
(1561, 1516, 'otherScore', '北京嘉裡大酒店 ', ' 健身享年度會員9折優惠'),
(1562, 1517, 'eatingScore', 'TOSCANA義大利餐廳 ', ' 下午茶二人同行每人享優惠NT$560起'),
(1563, 1517, 'eatingScore', '八方燴西餐廳 ', ' 下午茶二人同行每人享優惠NT$475起'),
(1564, 1517, 'eatingScore', '漢來海港餐廳台中店 ', ' 下午茶二人同行每人享優惠NT$500起'),
(1565, 1517, 'movieScore', '板橋秀泰影城 ', ' 二人同行每人享優惠NT$215起'),
(1566, 1517, 'movieScore', '今日秀泰影城 ', ' 二人同行每人享優惠NT$215起'),
(1567, 1517, 'movieScore', '欣欣秀泰影城 ', ' 二人同行每人享優惠NT$215起'),
(1568, 1517, 'insuranceScore', '新北翰品酒店 ', ' 二人入住享雅緻客房優惠價NT$2,900'),
(1569, 1517, 'insuranceScore', '桃園翰品酒店 ', ' 二人入住享雅緻客房優惠價NT$2,600'),
(1570, 1517, 'insuranceScore', '新竹芙洛麗大飯店 ', ' 二人入住享自由客房優惠價NT$3,250'),
(1571, 1517, 'shoppingScore', 'Marui Imai ', ' 刷卡消費滿日幣50,000元可獲贈價值日幣1,000元的三越伊勢丹集團禮券'),
(1572, 1517, 'shoppingScore', 'Premium Outlets ', ' 刷卡消費滿日幣40,000元即可獲贈禮品'),
(1573, 1517, 'shoppingScore', 'Kojima ', ' 單日刷卡消費滿日幣5,264元享95折優惠'),
(1574, 1517, 'cashBackScore', '森森購物 ', ' 刷卡消費不限金額享2%刷卡金回饋'),
(1575, 1517, 'cashBackScore', 'momo購物網 ', ' 刷卡消費不限金額享2%刷卡金回饋'),
(1576, 1517, 'cashBackScore', 'Yahoo奇摩購物中心 ', ' 刷卡消費不限金額享2%刷卡金回饋'),
(1577, 1517, 'mileageScore', '大陸包車王 ', ' 包車獨享85折優惠'),
(1578, 1517, 'mileageScore', '肯驛國際 ', ' 大台北機場接送享優惠價NT$480起 '),
(1579, 1518, 'eatingScore', 'TOSCANA義大利餐廳 ', ' 下午茶二人同行每人享優惠NT$560起'),
(1580, 1518, 'eatingScore', '八方燴西餐廳 ', ' 下午茶二人同行每人享優惠NT$475起'),
(1581, 1518, 'eatingScore', '漢來海港餐廳台中店 ', ' 下午茶二人同行每人享優惠NT$500起'),
(1582, 1518, 'movieScore', '板橋秀泰影城 ', ' 二人同行每人享優惠NT$215起'),
(1583, 1518, 'movieScore', '今日秀泰影城 ', ' 二人同行每人享優惠NT$215起'),
(1584, 1518, 'movieScore', '欣欣秀泰影城 ', ' 二人同行每人享優惠NT$215起'),
(1585, 1518, 'insuranceScore', '新北翰品酒店 ', ' 二人入住享雅緻客房優惠價NT$2,900'),
(1586, 1518, 'insuranceScore', '桃園翰品酒店 ', ' 二人入住享雅緻客房優惠價NT$2,600'),
(1587, 1518, 'insuranceScore', '新竹芙洛麗大飯店 ', ' 二人入住享自由客房優惠價NT$3,250'),
(1588, 1518, 'shoppingScore', 'Marui Imai ', ' 刷卡消費滿日幣50,000元可獲贈價值日幣1,000元的三越伊勢丹集團禮券'),
(1589, 1518, 'shoppingScore', 'Premium Outlets ', ' 刷卡消費滿日幣40,000元即可獲贈禮品'),
(1590, 1518, 'shoppingScore', 'Kojima ', ' 單日刷卡消費滿日幣5,264元享95折優惠'),
(1591, 1518, 'cashBackScore', '森森購物 ', ' 刷卡消費不限金額享2%刷卡金回饋'),
(1592, 1518, 'cashBackScore', 'momo購物網 ', ' 刷卡消費不限金額享2%刷卡金回饋'),
(1593, 1518, 'cashBackScore', 'Yahoo奇摩購物中心 ', ' 刷卡消費不限金額享2%刷卡金回饋'),
(1594, 1518, 'mileageScore', '大陸包車王 ', ' 包車獨享85折優惠'),
(1595, 1518, 'mileageScore', '肯驛國際 ', ' 大台北機場接送享優惠價NT$480起 '),
(1596, 1519, 'eatingScore', 'Kokorogi ', ' 刷卡用餐享10%優惠折扣'),
(1597, 1519, 'eatingScore', '上海菜館 ', ' 刷卡用餐享10%優惠折扣'),
(1598, 1519, 'eatingScore', 'Gaspard and Lisa Res', ' 刷卡用餐享10%優惠折扣'),
(1599, 1519, 'insuranceScore', 'Mt. Kachi Kachi Rope', ' 享來回票價20%之優惠折扣'),
(1600, 1519, 'insuranceScore', '北海道新千歲國際機場 ', ' 買機場巴士乘車券可享8折優惠'),
(1601, 1519, 'insuranceScore', '東京成田國際機場 ', ' 買機場巴士乘車券可享8折優惠'),
(1602, 1519, 'cashBackScore', '森森購物網 ', ' 享網路購物平台價值新台幣200元之回饋金'),
(1603, 1519, 'cashBackScore', '東森購物網 ', ' 享網路購物平台價值新台幣200元之回饋金'),
(1604, 1519, 'cashBackScore', 'GoHappy快樂購物網 ', ' 享網路購物平台價值新台幣200元之回饋金'),
(1605, 1519, 'smartpayScore', '7-ELEVEN ', ' 消費City Café任一品項，OPENPOINT加贈500點'),
(1606, 1519, 'smartpayScore', '7-ELEVEN ', ' 消費同系列飲品任2瓶，OPENPINT加贈500點'),
(1607, 1519, 'parkingScore', '和相租車 ', ' 單筆達新台幣60,000元以上指定國際機場接送去回程各1次之免費'),
(1608, 1519, 'parkingScore', '山隆加油站 ', ' 平日自助加油汽油每公升降1.5元，人工加油汽油每公升降1.1元；週三自助加油汽'),
(1609, 1519, 'parkingScore', '嘟嘟房停車場 ', ' 每月新增消費金額NT$6,000以上，每日每次2小時停車免費'),
(1610, 1520, 'eatingScore', 'TOSCANA義大利餐廳 ', ' 下午茶二人同行每人享優惠NT$560起'),
(1611, 1520, 'eatingScore', '八方燴西餐廳 ', ' 下午茶二人同行每人享優惠NT$475起'),
(1612, 1520, 'eatingScore', '漢來海港餐廳台中店 ', ' 下午茶二人同行每人享優惠NT$500起'),
(1613, 1520, 'movieScore', '板橋秀泰影城 ', ' 二人同行每人享優惠NT$215起'),
(1614, 1520, 'movieScore', '今日秀泰影城 ', ' 二人同行每人享優惠NT$215起'),
(1615, 1520, 'movieScore', '欣欣秀泰影城 ', ' 二人同行每人享優惠NT$215起'),
(1616, 1520, 'insuranceScore', '新北翰品酒店 ', ' 二人入住享雅緻客房優惠價NT$2,900'),
(1617, 1520, 'insuranceScore', '桃園翰品酒店 ', ' 二人入住享雅緻客房優惠價NT$2,600'),
(1618, 1520, 'insuranceScore', '新竹芙洛麗大飯店 ', ' 二人入住享自由客房優惠價NT$3,250'),
(1619, 1520, 'shoppingScore', 'Marui Imai ', ' 刷卡消費滿日幣50,000元可獲贈價值日幣1,000元的三越伊勢丹集團禮券'),
(1620, 1520, 'shoppingScore', 'Premium Outlets ', ' 刷卡消費滿日幣40,000元即可獲贈禮品'),
(1621, 1520, 'shoppingScore', 'Kojima ', ' 單日刷卡消費滿日幣5,264元享95折優惠'),
(1622, 1520, 'mileageScore', '大陸包車王 ', ' 包車獨享85折優惠'),
(1623, 1520, 'mileageScore', '肯驛國際 ', ' 大台北機場接送享優惠價NT$480起 '),
(1624, 1521, 'eatingScore', 'TOSCANA義大利餐廳 ', ' 下午茶二人同行每人享優惠NT$560起'),
(1625, 1521, 'eatingScore', '八方燴西餐廳 ', ' 下午茶二人同行每人享優惠NT$475起'),
(1626, 1521, 'eatingScore', '漢來海港餐廳台中店 ', ' 下午茶二人同行每人享優惠NT$500起'),
(1627, 1521, 'movieScore', '板橋秀泰影城 ', ' 二人同行每人享優惠NT$215起'),
(1628, 1521, 'movieScore', '今日秀泰影城 ', ' 二人同行每人享優惠NT$215起'),
(1629, 1521, 'movieScore', '欣欣秀泰影城 ', ' 二人同行每人享優惠NT$215起'),
(1630, 1521, 'insuranceScore', '新北翰品酒店 ', ' 二人入住享雅緻客房優惠價NT$2,900'),
(1631, 1521, 'insuranceScore', '桃園翰品酒店 ', ' 二人入住享雅緻客房優惠價NT$2,600'),
(1632, 1521, 'insuranceScore', '新竹芙洛麗大飯店 ', ' 二人入住享自由客房優惠價NT$3,250'),
(1633, 1521, 'shoppingScore', 'Marui Imai ', ' 刷卡消費滿日幣50,000元可獲贈價值日幣1,000元的三越伊勢丹集團禮券'),
(1634, 1521, 'shoppingScore', 'Premium Outlets ', ' 刷卡消費滿日幣40,000元即可獲贈禮品'),
(1635, 1521, 'shoppingScore', 'Kojima ', ' 單日刷卡消費滿日幣5,264元享95折優惠'),
(1636, 1521, 'mileageScore', '大陸包車王 ', ' 包車獨享85折優惠'),
(1637, 1521, 'mileageScore', '肯驛國際 ', ' 大台北機場接送享優惠價NT$480起 '),
(1638, 1521, 'otherScore', 'ALFA健身俱樂部 ', ' 享優惠價NT$299起/人'),
(1639, 1521, 'otherScore', '房屋稅 ', ' 刷卡付費免手續費'),
(1640, 1521, 'parkingScore', '汽車燃料稅使用費 ', ' 刷卡付費免手續費'),
(1641, 1522, 'insuranceScore', '六福村主題遊樂園 ', ' 享樂園入園門票買一送一'),
(1642, 1522, 'insuranceScore', '義大遊樂世界 ', ' 二張門票享優惠價'),
(1643, 1522, 'insuranceScore', '雄獅旅遊 ', ' 雄獅旅遊【日本嚴選】主題行程全館折新台幣2,000元'),
(1644, 1522, 'mileageScore', 'TMS全鋒事業 ', ' 台灣地區國際機場接送新台幣588元起'),
(1645, 1522, 'mileageScore', '中國東方航空 ', ' 買指定航線、指定艙等之單程或來回機票，即可享有機票最高9折禮遇'),
(1646, 1522, 'otherScore', '台中高爾夫球場 ', ' 平日優惠價新台幣2,300元，假日優惠價新台幣2,700元'),
(1647, 1522, 'otherScore', '老爺關西高爾夫球場 ', ' 平日優惠價新台幣2,790元，假日優惠價新台幣3,450元'),
(1648, 1522, 'otherScore', '高雄高爾夫球場(澄清湖) ', ' 平日優惠價新台幣1,920元，假日優惠價新台幣2,915元'),
(1649, 1522, 'parkingScore', '汽車燃料稅使用費 ', ' 刷卡付費免手續費'),
(1650, 1523, 'eatingScore', 'Kokorogi ', ' 刷卡用餐享10%優惠折扣'),
(1651, 1523, 'eatingScore', '上海菜館 ', ' 刷卡用餐享10%優惠折扣'),
(1652, 1523, 'eatingScore', 'Gaspard and Lisa Res', ' 刷卡用餐享10%優惠折扣'),
(1653, 1523, 'insuranceScore', 'Mt. Kachi Kachi Rope', ' 享來回票價20%之優惠折扣'),
(1654, 1523, 'insuranceScore', '北海道新千歲國際機場 ', ' 買機場巴士乘車券可享8折優惠'),
(1655, 1523, 'insuranceScore', '東京成田國際機場 ', ' 買機場巴士乘車券可享8折優惠'),
(1656, 1523, 'cashBackScore', '森森購物網 ', ' 享網路購物平台價值新台幣200元之回饋金'),
(1657, 1523, 'cashBackScore', '東森購物網 ', ' 享網路購物平台價值新台幣200元之回饋金'),
(1658, 1523, 'cashBackScore', 'GoHappy快樂購物網 ', ' 享網路購物平台價值新台幣200元之回饋金'),
(1659, 1523, 'otherScore', '房屋稅 ', ' 刷卡付費免手續費'),
(1660, 1523, 'parkingScore', '和相租車 ', ' 單筆達新台幣60,000元以上指定國際機場接送去回程各1次之免費'),
(1661, 1523, 'parkingScore', '汽車燃料稅使用費 ', ' 刷卡付費免手續費'),
(1662, 1524, 'eatingScore', 'Kokorogi ', ' 刷卡用餐享10%優惠折扣'),
(1663, 1524, 'eatingScore', '上海菜館 ', ' 刷卡用餐享10%優惠折扣'),
(1664, 1524, 'eatingScore', 'Gaspard and Lisa Res', ' 刷卡用餐享10%優惠折扣'),
(1665, 1524, 'insuranceScore', 'Mt. Kachi Kachi Rope', ' 享來回票價20%之優惠折扣'),
(1666, 1524, 'insuranceScore', '北海道新千歲國際機場 ', ' 買機場巴士乘車券可享8折優惠'),
(1667, 1524, 'insuranceScore', '東京成田國際機場 ', ' 買機場巴士乘車券可享8折優惠'),
(1668, 1524, 'cashBackScore', '森森購物網 ', ' 享網路購物平台價值新台幣200元之回饋金'),
(1669, 1524, 'cashBackScore', '東森購物網 ', ' 享網路購物平台價值新台幣200元之回饋金'),
(1670, 1524, 'cashBackScore', 'GoHappy快樂購物網 ', ' 享網路購物平台價值新台幣200元之回饋金'),
(1671, 1525, 'eatingScore', 'TOSCANA義大利餐廳 ', ' 下午茶二人同行每人享優惠NT$560起'),
(1672, 1525, 'eatingScore', '八方燴西餐廳 ', ' 下午茶二人同行每人享優惠NT$475起'),
(1673, 1525, 'eatingScore', '漢來海港餐廳台中店 ', ' 下午茶二人同行每人享優惠NT$500起'),
(1674, 1525, 'movieScore', '板橋秀泰影城 ', ' 二人同行每人享優惠NT$215起'),
(1675, 1525, 'movieScore', '今日秀泰影城 ', ' 二人同行每人享優惠NT$215起'),
(1676, 1525, 'movieScore', '欣欣秀泰影城 ', ' 二人同行每人享優惠NT$215起'),
(1677, 1525, 'insuranceScore', '新北翰品酒店 ', ' 二人入住享雅緻客房優惠價NT$2,900'),
(1678, 1525, 'insuranceScore', '桃園翰品酒店 ', ' 二人入住享雅緻客房優惠價NT$2,600'),
(1679, 1525, 'insuranceScore', '新竹芙洛麗大飯店 ', ' 二人入住享自由客房優惠價NT$3,250'),
(1680, 1525, 'shoppingScore', 'Marui Imai ', ' 刷卡消費滿日幣50,000元可獲贈價值日幣1,000元的三越伊勢丹集團禮券'),
(1681, 1525, 'shoppingScore', 'Premium Outlets ', ' 刷卡消費滿日幣40,000元即可獲贈禮品'),
(1682, 1525, 'shoppingScore', 'Kojima ', ' 單日刷卡消費滿日幣5,264元享95折優惠'),
(1683, 1525, 'mileageScore', '大陸包車王 ', ' 包車獨享85折優惠'),
(1684, 1525, 'mileageScore', '肯驛國際 ', ' 大台北機場接送享優惠價NT$480起 '),
(1685, 1526, 'eatingScore', 'Kokorogi ', ' 刷卡用餐享10%優惠折扣'),
(1686, 1526, 'eatingScore', '上海菜館 ', ' 刷卡用餐享10%優惠折扣'),
(1687, 1526, 'eatingScore', 'Gaspard and Lisa Res', ' 刷卡用餐享10%優惠折扣'),
(1688, 1526, 'movieScore', '喜滿客影城 ', ' 兩人同行全票價6折起優惠，憑一張當月同卡號NT$599以上簽單，天天享兩人同行'),
(1689, 1526, 'insuranceScore', 'Mt. Kachi Kachi Rope', ' 享來回票價20%之優惠折扣'),
(1690, 1526, 'insuranceScore', '北海道新千歲國際機場 ', ' 買機場巴士乘車券可享8折優惠'),
(1691, 1526, 'insuranceScore', '東京成田國際機場 ', ' 買機場巴士乘車券可享8折優惠'),
(1692, 1527, 'eatingScore', 'Kokorogi ', ' 刷卡用餐享10%優惠折扣'),
(1693, 1527, 'eatingScore', '上海菜館 ', ' 刷卡用餐享10%優惠折扣'),
(1694, 1527, 'eatingScore', 'Gaspard and Lisa Res', ' 刷卡用餐享10%優惠折扣'),
(1695, 1527, 'insuranceScore', 'Mt. Kachi Kachi Rope', ' 享來回票價20%之優惠折扣'),
(1696, 1527, 'insuranceScore', '北海道新千歲國際機場 ', ' 買機場巴士乘車券可享8折優惠'),
(1697, 1527, 'insuranceScore', '東京成田國際機場 ', ' 買機場巴士乘車券可享8折優惠'),
(1698, 1527, 'cashBackScore', '耐途耐汽車維修保養中心 ', ' 當期帳單累積消費滿NT1,000以上可獲得1.2%回饋'),
(1699, 1527, 'cashBackScore', '新焦點麗車坊汽車百貨 ', ' 當期帳單累積消費滿NT1,000以上可獲得1.2%回饋'),
(1700, 1527, 'cashBackScore', '黃帽汽車百貨維修保養館 ', ' 當期帳單累積消費滿NT1,000以上可獲得1.2%回饋'),
(1701, 1528, 'eatingScore', 'TOSCANA義大利餐廳 ', ' 下午茶二人同行每人享優惠NT$560起'),
(1702, 1528, 'eatingScore', '八方燴西餐廳 ', ' 下午茶二人同行每人享優惠NT$475起'),
(1703, 1528, 'eatingScore', '漢來海港餐廳台中店 ', ' 下午茶二人同行每人享優惠NT$500起'),
(1704, 1528, 'movieScore', '板橋秀泰影城 ', ' 二人同行每人享優惠NT$215起'),
(1705, 1528, 'movieScore', '今日秀泰影城 ', ' 二人同行每人享優惠NT$215起'),
(1706, 1528, 'movieScore', '欣欣秀泰影城 ', ' 二人同行每人享優惠NT$215起'),
(1707, 1528, 'insuranceScore', '新北翰品酒店 ', ' 二人入住享雅緻客房優惠價NT$2,900'),
(1708, 1528, 'insuranceScore', '桃園翰品酒店 ', ' 二人入住享雅緻客房優惠價NT$2,600'),
(1709, 1528, 'insuranceScore', '新竹芙洛麗大飯店 ', ' 二人入住享自由客房優惠價NT$3,250'),
(1710, 1528, 'publicScore', '高雄捷運 ', ' 持卡搭乘享每月累計搭乘金額5%回饋'),
(1711, 1528, 'shoppingScore', 'Marui Imai ', ' 刷卡消費滿日幣50,000元可獲贈價值日幣1,000元的三越伊勢丹集團禮券'),
(1712, 1528, 'shoppingScore', 'Premium Outlets ', ' 刷卡消費滿日幣40,000元即可獲贈禮品'),
(1713, 1528, 'shoppingScore', 'Kojima ', ' 單日刷卡消費滿日幣5,264元享95折優惠'),
(1714, 1528, 'mileageScore', '大陸包車王 ', ' 包車獨享85折優惠'),
(1715, 1528, 'mileageScore', '肯驛國際 ', ' 大台北機場接送享優惠價NT$480起 '),
(1716, 1529, 'eatingScore', 'TOSCANA義大利餐廳 ', ' 下午茶二人同行每人享優惠NT$560起'),
(1717, 1529, 'eatingScore', '八方燴西餐廳 ', ' 下午茶二人同行每人享優惠NT$475起'),
(1718, 1529, 'eatingScore', '漢來海港餐廳台中店 ', ' 下午茶二人同行每人享優惠NT$500起'),
(1719, 1529, 'movieScore', '板橋秀泰影城 ', ' 二人同行每人享優惠NT$215起'),
(1720, 1529, 'movieScore', '今日秀泰影城 ', ' 二人同行每人享優惠NT$215起'),
(1721, 1529, 'movieScore', '欣欣秀泰影城 ', ' 二人同行每人享優惠NT$215起'),
(1722, 1529, 'insuranceScore', '新北翰品酒店 ', ' 二人入住享雅緻客房優惠價NT$2,900'),
(1723, 1529, 'insuranceScore', '桃園翰品酒店 ', ' 二人入住享雅緻客房優惠價NT$2,600'),
(1724, 1529, 'insuranceScore', '新竹芙洛麗大飯店 ', ' 二人入住享自由客房優惠價NT$3,250'),
(1725, 1529, 'publicScore', '高雄捷運 ', ' 持卡搭乘享每月累計搭乘金額5%回饋'),
(1726, 1529, 'shoppingScore', 'Marui Imai ', ' 刷卡消費滿日幣50,000元可獲贈價值日幣1,000元的三越伊勢丹集團禮券'),
(1727, 1529, 'shoppingScore', 'Premium Outlets ', ' 刷卡消費滿日幣40,000元即可獲贈禮品'),
(1728, 1529, 'shoppingScore', 'Kojima ', ' 單日刷卡消費滿日幣5,264元享95折優惠'),
(1729, 1529, 'mileageScore', '大陸包車王 ', ' 包車獨享85折優惠'),
(1730, 1529, 'mileageScore', '肯驛國際 ', ' 大台北機場接送享優惠價NT$480起 '),
(1731, 1530, 'eatingScore', '台北國賓大飯店 ', ' 享平日下午茶75折'),
(1732, 1530, 'eatingScore', '雨林餐廳 ', ' 享平日午餐75折'),
(1733, 1530, 'eatingScore', '艾可柏菲自助料理 ', ' 享平日午餐75折'),
(1734, 1530, 'insuranceScore', '台北美麗信花園酒店 ', ' 購買指定房型可享優惠價'),
(1735, 1530, 'insuranceScore', '台中金典酒店 ', ' 購買指定房型可享優惠價'),
(1736, 1530, 'insuranceScore', '理想大地渡假飯店 ', ' 平日西班牙主題房型專案優惠價新台幣6,900 元'),
(1737, 1530, 'smartpayScore', '高雄捷運 ', ' 新增2筆NT$711以上之國內一般消費，當月搭乘金額享10倍回饋'),
(1738, 1530, 'mileageScore', 'TMS全鋒事業 ', ' 大陸機場單趟接送優惠價新台幣800元'),
(1739, 1530, 'mileageScore', 'TMS全鋒事業 ', ' 台灣地區國際機場接送新台幣388元起'),
(1740, 1530, 'mileageScore', 'U.FIRST  ', ' 機場禮遇通關定價7折優惠'),
(1741, 1530, 'otherScore', '台中高爾夫球場 ', ' 平日優惠價新台幣2,100元，假日優惠價新台幣2,700元'),
(1742, 1530, 'otherScore', '老爺關西高爾夫球場 ', ' 平日優惠價新台幣2,370元，假日優惠價新台幣3,295元'),
(1743, 1530, 'otherScore', '高雄高爾夫球場(澄清湖) ', ' 平日優惠價新台幣1,920元，假日優惠價新台幣2,915元'),
(1744, 1531, 'eatingScore', '艾可柏菲自助料理 ', ' 享平日午餐75折'),
(1745, 1531, 'eatingScore', '星巴克 ', ' 新增2筆NT$711以上之國內一般消費，刷卡消費享OPENPOINT點數10倍'),
(1746, 1531, 'eatingScore', 'COLD STONE ', ' 新增2筆NT$711以上之國內一般消費，刷卡消費享OPENPOINT點數10倍'),
(1747, 1531, 'insuranceScore', '六福村主題遊樂園 ', ' 享樂園入園門票買一送一'),
(1748, 1531, 'insuranceScore', '義大遊樂世界 ', ' 二張門票享優惠價'),
(1749, 1531, 'insuranceScore', '雄獅旅遊 ', ' 雄獅旅遊【日本嚴選】主題行程全館折新台幣2,000元'),
(1750, 1531, 'shoppingScore', 'A.H.C ', ' 購物7折優惠， Premium Hydra Soother Mask/Hydr'),
(1751, 1531, 'shoppingScore', '高雄夢時代購物中心 ', ' 新增2筆NT$711以上之國內一般消費，刷卡消費享OPENPOINT點數10倍'),
(1752, 1531, 'bonusScore', '博客來 ', ' 新增2筆NT$711以上之國內一般消費，刷卡消費享OPENPOINT點數10倍'),
(1753, 1531, 'bonusScore', '安源資訊 ', ' 新增2筆NT$711以上之國內一般消費，刷卡消費享OPENPOINT點數10倍'),
(1754, 1531, 'bonusScore', '統一渡假村 ', ' 新增2筆NT$711以上之國內一般消費，刷卡消費享OPENPOINT點數10倍'),
(1755, 1531, 'mileageScore', 'TMS全鋒事業 ', ' 台灣地區國際機場接送新台幣588元起'),
(1756, 1531, 'mileageScore', '中國東方航空 ', ' 買指定航線、指定艙等之單程或來回機票，即可享有機票最高9折禮遇'),
(1757, 1531, 'otherScore', '台中高爾夫球場 ', ' 平日優惠價新台幣2,300元，假日優惠價新台幣2,700元'),
(1758, 1531, 'otherScore', '老爺關西高爾夫球場 ', ' 平日優惠價新台幣2,790元，假日優惠價新台幣3,450元'),
(1759, 1531, 'otherScore', '高雄高爾夫球場(澄清湖) ', ' 平日優惠價新台幣1,920元，假日優惠價新台幣2,915元'),
(1760, 1532, 'eatingScore', 'TOSCANA義大利餐廳 ', ' 下午茶二人同行每人享優惠NT$560起'),
(1761, 1532, 'eatingScore', '八方燴西餐廳 ', ' 下午茶二人同行每人享優惠NT$475起'),
(1762, 1532, 'eatingScore', '漢來海港餐廳台中店 ', ' 下午茶二人同行每人享優惠NT$500起'),
(1763, 1532, 'movieScore', '板橋秀泰影城 ', ' 二人同行每人享優惠NT$215起'),
(1764, 1532, 'movieScore', '今日秀泰影城 ', ' 二人同行每人享優惠NT$215起'),
(1765, 1532, 'movieScore', '欣欣秀泰影城 ', ' 二人同行每人享優惠NT$215起'),
(1766, 1532, 'insuranceScore', '新北翰品酒店 ', ' 二人入住享雅緻客房優惠價NT$2,900'),
(1767, 1532, 'insuranceScore', '桃園翰品酒店 ', ' 二人入住享雅緻客房優惠價NT$2,600'),
(1768, 1532, 'insuranceScore', '新竹芙洛麗大飯店 ', ' 二人入住享自由客房優惠價NT$3,250'),
(1769, 1532, 'shoppingScore', 'Marui Imai ', ' 刷卡消費滿日幣50,000元可獲贈價值日幣1,000元的三越伊勢丹集團禮券'),
(1770, 1532, 'shoppingScore', 'Premium Outlets ', ' 刷卡消費滿日幣40,000元即可獲贈禮品'),
(1771, 1532, 'shoppingScore', 'Kojima ', ' 單日刷卡消費滿日幣5,264元享95折優惠'),
(1772, 1532, 'mileageScore', '大陸包車王 ', ' 包車獨享85折優惠'),
(1773, 1532, 'mileageScore', '肯驛國際 ', ' 大台北機場接送享優惠價NT$480起 '),
(1774, 1533, 'eatingScore', 'B-one自助餐廳 ', ' 享午餐及晚餐二人同行一人免費優惠'),
(1775, 1533, 'eatingScore', '台北寒舍艾美酒店 ', ' 享午餐及晚餐二人同行一人免費優惠'),
(1776, 1533, 'eatingScore', 'Checkers ', ' 享午餐及晚餐二人同行一人免費優惠'),
(1777, 1533, 'insuranceScore', 'Zani Viaggi ', ' 一日遊觀光團享9折優惠'),
(1778, 1533, 'insuranceScore', 'Zani Viaggi ', ' 所有米蘭城市觀光團享9折優惠'),
(1779, 1533, 'insuranceScore', 'Ghostsigns ', ' 所有導賞團尊享8折優惠'),
(1780, 1533, 'mileageScore', '肯驛國際 ', ' 可享龍騰卡貴賓室優惠價NT$399/人次'),
(1781, 1534, 'eatingScore', '台北國賓大飯店 ', ' 享平日下午茶75折'),
(1782, 1534, 'eatingScore', '雨林餐廳 ', ' 享平日午餐75折'),
(1783, 1534, 'eatingScore', '艾可柏菲自助料理 ', ' 享平日午餐75折'),
(1784, 1534, 'insuranceScore', '台北美麗信花園酒店 ', ' 購買指定房型可享優惠價'),
(1785, 1534, 'insuranceScore', '台中金典酒店 ', ' 購買指定房型可享優惠價'),
(1786, 1534, 'insuranceScore', '理想大地渡假飯店 ', ' 平日西班牙主題房型專案優惠價新台幣6,900 元'),
(1787, 1534, 'mileageScore', 'TMS全鋒事業 ', ' 大陸機場單趟接送優惠價新台幣800元'),
(1788, 1534, 'mileageScore', 'TMS全鋒事業 ', ' 台灣地區國際機場接送新台幣388元起'),
(1789, 1534, 'mileageScore', 'U.FIRST  ', ' 機場禮遇通關定價7折優惠'),
(1790, 1534, 'otherScore', '台中高爾夫球場 ', ' 平日優惠價新台幣2,100元，假日優惠價新台幣2,700元'),
(1791, 1534, 'otherScore', '老爺關西高爾夫球場 ', ' 平日優惠價新台幣2,370元，假日優惠價新台幣3,295元'),
(1792, 1534, 'otherScore', '高雄高爾夫球場(澄清湖) ', ' 平日優惠價新台幣1,920元，假日優惠價新台幣2,915元'),
(1793, 1535, 'eatingScore', '絲路宴 ', ' 晚餐享有「兩人同行一人免費」之優惠'),
(1794, 1535, 'eatingScore', 'Le Café咖啡廳 ', ' 晚餐享有「兩人同行一人免費」之優惠'),
(1795, 1535, 'eatingScore', '栢麗廳 ', ' 晚餐享有「兩人同行一人免費」之優惠'),
(1796, 1535, 'insuranceScore', 'Mt. Kachi Kachi Rope', ' 享來回票價20%之優惠折扣'),
(1797, 1535, 'insuranceScore', '北海道新千歲國際機場 ', ' 買機場巴士乘車券可享8折優惠'),
(1798, 1535, 'insuranceScore', '東京成田國際機場 ', ' 買機場巴士乘車券可享8折優惠'),
(1799, 1535, 'cashBackScore', '森森購物網 ', ' 享網路購物平台價值新台幣200元之回饋金'),
(1800, 1535, 'cashBackScore', '東森購物網 ', ' 享網路購物平台價值新台幣200元之回饋金'),
(1801, 1535, 'cashBackScore', 'GoHappy快樂購物網 ', ' 享網路購物平台價值新台幣200元之回饋金'),
(1802, 1535, 'otherScore', '南峰高爾夫俱樂部 ', ' 享平日擊球優惠價2,550元(兩人同行一人免費)'),
(1803, 1535, 'otherScore', '信誼高爾夫俱樂部 ', ' 享平日擊球優惠價2,830元(兩人同行一人免費)'),
(1804, 1536, 'insuranceScore', '六福村主題遊樂園 ', ' 享樂園入園門票買一送一'),
(1805, 1536, 'insuranceScore', '義大遊樂世界 ', ' 二張門票享優惠價'),
(1806, 1536, 'insuranceScore', '雄獅旅遊 ', ' 雄獅旅遊【日本嚴選】主題行程全館折新台幣2,000元'),
(1807, 1536, 'bonusScore', '和欣客運 ', ' 消費享紅利點數3倍送'),
(1808, 1536, 'bonusScore', '阿囉哈客運 ', ' 消費享紅利點數3倍送'),
(1809, 1536, 'bonusScore', '葛瑪蘭汽車客運 ', ' 消費享紅利點數3倍送'),
(1810, 1536, 'mileageScore', 'TMS全鋒事業 ', ' 台灣地區國際機場接送新台幣588元起'),
(1811, 1536, 'mileageScore', '中國東方航空 ', ' 買指定航線、指定艙等之單程或來回機票，即可享有機票最高9折禮遇'),
(1812, 1536, 'otherScore', '台中高爾夫球場 ', ' 平日優惠價新台幣2,300元，假日優惠價新台幣2,700元'),
(1813, 1536, 'otherScore', '老爺關西高爾夫球場 ', ' 平日優惠價新台幣2,790元，假日優惠價新台幣3,450元'),
(1814, 1536, 'otherScore', '高雄高爾夫球場(澄清湖) ', ' 平日優惠價新台幣1,920元，假日優惠價新台幣2,915元'),
(1815, 1537, 'eatingScore', 'Kokorogi ', ' 刷卡用餐享10%優惠折扣'),
(1816, 1537, 'eatingScore', '上海菜館 ', ' 刷卡用餐享10%優惠折扣'),
(1817, 1537, 'eatingScore', 'Gaspard and Lisa Res', ' 刷卡用餐享10%優惠折扣'),
(1818, 1537, 'insuranceScore', 'Mt. Kachi Kachi Rope', ' 享來回票價20%之優惠折扣'),
(1819, 1537, 'insuranceScore', '北海道新千歲國際機場 ', ' 買機場巴士乘車券可享8折優惠'),
(1820, 1537, 'insuranceScore', '東京成田國際機場 ', ' 買機場巴士乘車券可享8折優惠'),
(1821, 1537, 'cashBackScore', '森森購物網 ', ' 享網路購物平台價值新台幣200元之回饋金'),
(1822, 1537, 'cashBackScore', '東森購物網 ', ' 享網路購物平台價值新台幣200元之回饋金'),
(1823, 1537, 'cashBackScore', 'GoHappy快樂購物網 ', ' 享網路購物平台價值新台幣200元之回饋金'),
(1824, 1537, 'bonusScore', '和欣客運 ', ' 消費享紅利點數3倍送'),
(1825, 1537, 'bonusScore', '阿囉哈客運 ', ' 消費享紅利點數3倍送'),
(1826, 1537, 'bonusScore', '葛瑪蘭汽車客運 ', ' 消費享紅利點數3倍送'),
(1827, 1538, 'eatingScore', 'Kokorogi ', ' 刷卡用餐享10%優惠折扣'),
(1828, 1538, 'eatingScore', '上海菜館 ', ' 刷卡用餐享10%優惠折扣'),
(1829, 1538, 'eatingScore', 'Gaspard and Lisa Res', ' 刷卡用餐享10%優惠折扣'),
(1830, 1538, 'insuranceScore', 'Mt. Kachi Kachi Rope', ' 享來回票價20%之優惠折扣'),
(1831, 1538, 'insuranceScore', '北海道新千歲國際機場 ', ' 買機場巴士乘車券可享8折優惠'),
(1832, 1538, 'insuranceScore', '東京成田國際機場 ', ' 買機場巴士乘車券可享8折優惠'),
(1833, 1538, 'shoppingScore', '丸井百貨 ', ' 享稅前價格5%之折扣優惠'),
(1834, 1538, 'shoppingScore', '統一時代百貨台北店 ', ' 刷卡消費，享一銀紅利點數3倍送'),
(1835, 1538, 'shoppingScore', '高雄夢時代購物中心 ', ' 刷卡消費，享一銀紅利點數3倍送'),
(1836, 1538, 'cashBackScore', '森森購物網 ', ' 享網路購物平台價值新台幣200元之回饋金'),
(1837, 1538, 'cashBackScore', '東森購物網 ', ' 享網路購物平台價值新台幣200元之回饋金'),
(1838, 1538, 'cashBackScore', 'GoHappy快樂購物網 ', ' 享網路購物平台價值新台幣200元之回饋金'),
(1839, 1538, 'bonusScore', '博客來 ', ' 刷卡消費，享一銀紅利點數3倍送'),
(1840, 1538, 'bonusScore', '統一健身俱樂部 ', ' 刷卡消費，享一銀紅利點數3倍送'),
(1841, 1538, 'bonusScore', '統一渡假村 ', ' 刷卡消費，享一銀紅利點數3倍送'),
(1842, 1538, 'smartpayScore', '台北捷運 ', ' 以icash消費享OPENPOINT點數1倍送；每週累計任二次，加贈OPENP'),
(1843, 1538, 'smartpayScore', '雙北公車 ', ' 以icash消費享OPENPOINT點數1倍送；每週累計任二次，加贈OPENP'),
(1844, 1538, 'smartpayScore', '台鐵 ', ' 以icash消費享OPENPOINT點數1倍送；每週累計任二次，加贈OPENP'),
(1845, 1538, 'otherScore', '大帑殿自助吧KTV ', ' 消費享95折優惠'),
(1846, 1539, 'movieScore', '板橋秀泰影城 ', ' 持卡人於樂活網刷卡購票可享66折優惠'),
(1847, 1539, 'movieScore', '今日秀泰影城 ', ' 持卡人於樂活網刷卡購票可享66折優惠'),
(1848, 1539, 'movieScore', '欣欣秀泰影城 ', ' 持卡人於樂活網刷卡購票可享66折優惠'),
(1849, 1539, 'insuranceScore', 'Zani Viaggi ', ' 一日遊觀光團享9折優惠'),
(1850, 1539, 'insuranceScore', 'Zani Viaggi ', ' 所有米蘭城市觀光團享9折優惠'),
(1851, 1539, 'insuranceScore', 'Ghostsigns ', ' 所有導賞團尊享8折優惠'),
(1852, 1539, 'shoppingScore', 'Marui Imai ', ' 刷卡消費滿日幣50,000元可獲贈價值日幣1,000元的三越伊勢丹集團禮券'),
(1853, 1539, 'shoppingScore', 'Premium Outlets ', ' 刷卡消費滿日幣40,000元即可獲贈禮品'),
(1854, 1539, 'shoppingScore', 'Kojima ', ' 單日刷卡消費滿日幣5,264元享95折優惠'),
(1855, 1539, 'otherScore', '大帑殿自助吧KTV ', ' 消費享95折優惠'),
(1856, 1539, 'otherScore', 'GNC健安喜 ', ' 享免費加入會員，並可享會員相關優惠'),
(1857, 1540, 'movieScore', '板橋秀泰影城 ', ' 持卡人於樂活網刷卡購票可享66折優惠'),
(1858, 1540, 'movieScore', '今日秀泰影城 ', ' 持卡人於樂活網刷卡購票可享66折優惠'),
(1859, 1540, 'movieScore', '欣欣秀泰影城 ', ' 持卡人於樂活網刷卡購票可享66折優惠'),
(1860, 1540, 'insuranceScore', 'Zani Viaggi ', ' 一日遊觀光團享9折優惠'),
(1861, 1540, 'insuranceScore', 'Zani Viaggi ', ' 所有米蘭城市觀光團享9折優惠'),
(1862, 1540, 'insuranceScore', 'Ghostsigns ', ' 所有導賞團尊享8折優惠'),
(1863, 1540, 'shoppingScore', 'Marui Imai ', ' 刷卡消費滿日幣50,000元可獲贈價值日幣1,000元的三越伊勢丹集團禮券'),
(1864, 1540, 'shoppingScore', 'Premium Outlets ', ' 刷卡消費滿日幣40,000元即可獲贈禮品'),
(1865, 1540, 'shoppingScore', 'Kojima ', ' 單日刷卡消費滿日幣5,264元享95折優惠'),
(1866, 1540, 'otherScore', '大帑殿自助吧KTV ', ' 消費享95折優惠'),
(1867, 1540, 'otherScore', 'GNC健安喜 ', ' 享免費加入會員，並可享會員相關優惠'),
(1868, 1541, 'eatingScore', 'B-one自助餐廳 ', ' 享午餐及晚餐二人同行一人免費優惠'),
(1869, 1541, 'eatingScore', '台北寒舍艾美酒店 ', ' 享午餐及晚餐二人同行一人免費優惠'),
(1870, 1541, 'eatingScore', 'Checkers ', ' 享午餐及晚餐二人同行一人免費優惠'),
(1871, 1541, 'movieScore', '板橋秀泰影城 ', ' 享影城二人同行同享五折優惠'),
(1872, 1541, 'movieScore', '今日秀泰影城 ', ' 享影城二人同行同享五折優惠'),
(1873, 1541, 'movieScore', '欣欣秀泰影城 ', ' 享影城二人同行同享五折優惠'),
(1874, 1541, 'insuranceScore', 'Zani Viaggi ', ' 一日遊觀光團享9折優惠'),
(1875, 1541, 'insuranceScore', 'Zani Viaggi ', ' 所有米蘭城市觀光團享9折優惠'),
(1876, 1541, 'insuranceScore', 'Ghostsigns ', ' 所有導賞團尊享8折優惠'),
(1877, 1541, 'mileageScore', '肯驛國際 ', ' 可享龍騰卡貴賓室優惠價NT$399/人次'),
(1878, 1541, 'mileageScore', '行遍天下 ', ' BENZ/LEXUS或同等以上高級進口車接送機一趟享NT$680'),
(1879, 1541, 'mileageScore', '行遍天下 ', ' 刷卡購買全額機票或國外團費金額8成以上，且付款成功者，可以享有當次一趟接或送機'),
(1880, 1542, 'eatingScore', 'TOSCANA義大利餐廳 ', ' 下午茶二人同行每人享優惠NT$560起'),
(1881, 1542, 'eatingScore', '八方燴西餐廳 ', ' 下午茶二人同行每人享優惠NT$475起'),
(1882, 1542, 'eatingScore', '漢來海港餐廳台中店 ', ' 下午茶二人同行每人享優惠NT$500起'),
(1883, 1542, 'movieScore', '板橋秀泰影城 ', ' 二人同行每人享優惠NT$215起'),
(1884, 1542, 'movieScore', '今日秀泰影城 ', ' 二人同行每人享優惠NT$215起'),
(1885, 1542, 'movieScore', '欣欣秀泰影城 ', ' 二人同行每人享優惠NT$215起'),
(1886, 1542, 'insuranceScore', '新北翰品酒店 ', ' 二人入住享雅緻客房優惠價NT$2,900'),
(1887, 1542, 'insuranceScore', '桃園翰品酒店 ', ' 二人入住享雅緻客房優惠價NT$2,600'),
(1888, 1542, 'insuranceScore', '新竹芙洛麗大飯店 ', ' 二人入住享自由客房優惠價NT$3,250'),
(1889, 1542, 'shoppingScore', 'Marui Imai ', ' 刷卡消費滿日幣50,000元可獲贈價值日幣1,000元的三越伊勢丹集團禮券'),
(1890, 1542, 'shoppingScore', 'Premium Outlets ', ' 刷卡消費滿日幣40,000元即可獲贈禮品'),
(1891, 1542, 'shoppingScore', 'Kojima ', ' 單日刷卡消費滿日幣5,264元享95折優惠'),
(1892, 1542, 'cashBackScore', 'PayEasy ', ' 一般消費0.5%回饋，指定數位通路2.5%回饋，回饋無上限'),
(1893, 1542, 'cashBackScore', '17 Life ', ' 一般消費0.5%回饋，指定數位通路2.5%回饋，回饋無上限'),
(1894, 1542, 'cashBackScore', 'GOMAJI ', ' 一般消費0.5%回饋，指定數位通路2.5%回饋，回饋無上限'),
(1895, 1542, 'mileageScore', '大陸包車王 ', ' 包車獨享85折優惠'),
(1896, 1542, 'mileageScore', '肯驛國際 ', ' 大台北機場接送享優惠價NT$480起 '),
(1897, 1542, 'mileageScore', '肯驛國際 ', ' 享台北至桃園國際機場接送NT$588起'),
(1898, 1542, 'otherScore', 'ALFA健身俱樂部 ', ' 享優惠價NT$299起/人'),
(1899, 1542, 'otherScore', '台北圓山聯誼會 ', ' 台新卡友加入台北圓山聯誼會會員享入會禮'),
(1900, 1543, 'eatingScore', '艾可柏菲自助料理 ', ' 享平日午餐75折'),
(1901, 1543, 'eatingScore', '連鎖咖啡店 ', ' 自由選A~E方案，指定類別消費1~7,999元享0.6%回饋金，8,000~2'),
(1902, 1543, 'insuranceScore', '六福村主題遊樂園 ', ' 享樂園入園門票買一送一'),
(1903, 1543, 'insuranceScore', '義大遊樂世界 ', ' 二張門票享優惠價'),
(1904, 1543, 'insuranceScore', '雄獅旅遊 ', ' 雄獅旅遊【日本嚴選】主題行程全館折新台幣2,000元'),
(1905, 1543, 'shoppingScore', 'A.H.C ', ' 購物7折優惠， Premium Hydra Soother Mask/Hydr'),
(1906, 1543, 'shoppingScore', '百貨公司 ', ' 自由選A~E方案，指定類別消費1~7,999元享0.6%回饋金，8,000~2'),
(1907, 1543, 'shoppingScore', '量販/超市 ', ' 自由選A~E方案，指定類別消費1~7,999元享0.6%回饋金，8,000~2'),
(1908, 1543, 'mileageScore', 'TMS全鋒事業 ', ' 台灣地區國際機場接送新台幣588元起'),
(1909, 1543, 'mileageScore', '中國東方航空 ', ' 買指定航線、指定艙等之單程或來回機票，即可享有機票最高9折禮遇'),
(1910, 1543, 'mileageScore', '宜泊資訊科技 ', ' 機場代泊享85折'),
(1911, 1543, 'otherScore', '台中高爾夫球場 ', ' 平日優惠價新台幣2,300元，假日優惠價新台幣2,700元'),
(1912, 1543, 'otherScore', '老爺關西高爾夫球場 ', ' 平日優惠價新台幣2,790元，假日優惠價新台幣3,450元'),
(1913, 1543, 'otherScore', '高雄高爾夫球場(澄清湖) ', ' 平日優惠價新台幣1,920元，假日優惠價新台幣2,915元'),
(1914, 1543, 'parkingScore', '加油/汽車保修 ', ' 自由選A~E方案，指定類別消費1~7,999元享0.6%回饋金，8,000~2'),
(1915, 1543, 'parkingScore', '嘟嘟房停車場 ', ' 新增消費金額5,000~7,999元，享1小時免費，新增消費金額8,000元，'),
(1916, 1543, 'parkingScore', '台灣聯通停車場 ', ' 新增消費金額5,000~7,999元，享1小時免費，新增消費金額8,000元，'),
(1917, 1544, 'eatingScore', 'TOSCANA義大利餐廳 ', ' 下午茶二人同行每人享優惠NT$560起'),
(1918, 1544, 'eatingScore', '八方燴西餐廳 ', ' 下午茶二人同行每人享優惠NT$475起'),
(1919, 1544, 'eatingScore', '漢來海港餐廳台中店 ', ' 下午茶二人同行每人享優惠NT$500起'),
(1920, 1544, 'movieScore', '板橋秀泰影城 ', ' 二人同行每人享優惠NT$215起'),
(1921, 1544, 'movieScore', '今日秀泰影城 ', ' 二人同行每人享優惠NT$215起'),
(1922, 1544, 'movieScore', '欣欣秀泰影城 ', ' 二人同行每人享優惠NT$215起'),
(1923, 1544, 'insuranceScore', '新北翰品酒店 ', ' 二人入住享雅緻客房優惠價NT$2,900'),
(1924, 1544, 'insuranceScore', '桃園翰品酒店 ', ' 二人入住享雅緻客房優惠價NT$2,600'),
(1925, 1544, 'insuranceScore', '新竹芙洛麗大飯店 ', ' 二人入住享自由客房優惠價NT$3,250'),
(1926, 1544, 'shoppingScore', 'Marui Imai ', ' 刷卡消費滿日幣50,000元可獲贈價值日幣1,000元的三越伊勢丹集團禮券'),
(1927, 1544, 'shoppingScore', 'Premium Outlets ', ' 刷卡消費滿日幣40,000元即可獲贈禮品'),
(1928, 1544, 'shoppingScore', 'Kojima ', ' 單日刷卡消費滿日幣5,264元享95折優惠'),
(1929, 1544, 'cashBackScore', '紅利/現金回饋方案 ', ' 自由組合，現金回饋或紅利點數二選一，指定類別消費1~7,999元享0.6%回饋'),
(1930, 1544, 'mileageScore', '大陸包車王 ', ' 包車獨享85折優惠'),
(1931, 1544, 'mileageScore', '肯驛國際 ', ' 大台北機場接送享優惠價NT$480起 '),
(1932, 1544, 'mileageScore', '肯驛國際 ', ' 享台北至桃園國際機場接送NT$588起'),
(1933, 1544, 'otherScore', 'ALFA健身俱樂部 ', ' 享優惠價NT$299起/人'),
(1934, 1544, 'otherScore', '台北圓山聯誼會 ', ' 台新卡友加入台北圓山聯誼會會員享入會禮'),
(1935, 1544, 'otherScore', 'EB SPA玩美會所 ', ' 刷卡消費滿額贈好禮'),
(1936, 1544, 'parkingScore', '加油/汽車保修 ', ' 自由選A~E方案，指定類別消費1~7,999元享0.6%回饋金，8,000~2'),
(1937, 1544, 'parkingScore', '嘟嘟房停車場 ', ' 新增消費金額5,000~7,999元，享1小時免費，新增消費金額8,000元，'),
(1938, 1544, 'parkingScore', '台灣聯通停車場 ', ' 新增消費金額5,000~7,999元，享1小時免費，新增消費金額8,000元，'),
(1939, 1545, 'insuranceScore', 'BESPOQE威尼斯漫遊 ', ' 飯店房間升等'),
(1940, 1545, 'insuranceScore', '逸寬文旅大安館 ', ' 入住享優惠價每晚新台幣5,000元+10%服務費'),
(1941, 1545, 'insuranceScore', '逸寬文旅信義館 ', ' 入住享優惠價每晚新台幣5,000元+11%服務費'),
(1942, 1545, 'mileageScore', 'TMS全鋒事業 ', ' 台灣地區國際機場接送新台幣788元起'),
(1943, 1545, 'mileageScore', '中國東方航空 ', ' 買指定航線、指定艙等之單程或來回機票，即可享有機票最高9折禮遇'),
(1944, 1545, 'mileageScore', '宜泊資訊科技 ', ' 機場代泊享85折'),
(1945, 1545, 'otherScore', '澄清醫院柏忕健康管理中心 ', ' 健康腸在專案價新台幣22,500元'),
(1946, 1545, 'otherScore', 'ANTI-AGING LIFE CENT', ' 購買任何 TheraSpa 療程皆可享有8折優惠'),
(1947, 1545, 'otherScore', '北京嘉裡大酒店 ', ' 健身享年度會員9折優惠'),
(1948, 1546, 'insuranceScore', 'HOTELS.COM ', ' 輸入優惠代碼「COF12」享訂房88折'),
(1949, 1546, 'insuranceScore', '雅高集團酒店 ', ' 訂酒店住宿，尊享入住兩晚，第三晚免費禮遇'),
(1950, 1546, 'insuranceScore', '格雷萬蠟像館 ', ' 享9折優惠'),
(1951, 1546, 'mileageScore', '台灣虎航 ', ' 刷卡消費全航線天天購票9折優惠'),
(1952, 1546, 'otherScore', 'ANTI-AGING LIFE CENT', ' 購買任何 TheraSpa 療程皆可享有8折優惠'),
(1953, 1546, 'otherScore', '北京嘉裡大酒店 ', ' 健身享年度會員9折優惠'),
(1954, 1546, 'otherScore', '北京醫珍堂診所 ', ' 價格享8折優惠'),
(1955, 1547, 'movieScore', '板橋秀泰影城 ', ' 持卡人於樂活網刷卡購票可享66折優惠'),
(1956, 1547, 'movieScore', '今日秀泰影城 ', ' 持卡人於樂活網刷卡購票可享66折優惠'),
(1957, 1547, 'movieScore', '欣欣秀泰影城 ', ' 持卡人於樂活網刷卡購票可享66折優惠'),
(1958, 1547, 'insuranceScore', 'Zani Viaggi ', ' 一日遊觀光團享9折優惠'),
(1959, 1547, 'insuranceScore', 'Zani Viaggi ', ' 所有米蘭城市觀光團享9折優惠'),
(1960, 1547, 'insuranceScore', 'Ghostsigns ', ' 所有導賞團尊享8折優惠'),
(1961, 1547, 'shoppingScore', 'Marui Imai ', ' 刷卡消費滿日幣50,000元可獲贈價值日幣1,000元的三越伊勢丹集團禮券'),
(1962, 1547, 'shoppingScore', 'Premium Outlets ', ' 刷卡消費滿日幣40,000元即可獲贈禮品'),
(1963, 1547, 'shoppingScore', 'Kojima ', ' 單日刷卡消費滿日幣5,264元享95折優惠'),
(1964, 1547, 'mileageScore', '大陸包車王 ', ' 包車獨享85折優惠'),
(1965, 1547, 'mileageScore', '台灣虎航 ', ' 刷卡消費全航線天天購票9折優惠'),
(1966, 1547, 'otherScore', '台北圓山聯誼會 ', ' 台新卡友加入台北圓山聯誼會會員享入會禮'),
(1967, 1548, 'eatingScore', 'TOSCANA義大利餐廳 ', ' 下午茶二人同行每人享優惠NT$560起'),
(1968, 1548, 'eatingScore', '八方燴西餐廳 ', ' 下午茶二人同行每人享優惠NT$475起'),
(1969, 1548, 'eatingScore', '漢來海港餐廳台中店 ', ' 下午茶二人同行每人享優惠NT$500起'),
(1970, 1548, 'movieScore', '板橋秀泰影城 ', ' 二人同行每人享優惠NT$215起'),
(1971, 1548, 'movieScore', '今日秀泰影城 ', ' 二人同行每人享優惠NT$215起'),
(1972, 1548, 'movieScore', '欣欣秀泰影城 ', ' 二人同行每人享優惠NT$215起'),
(1973, 1548, 'insuranceScore', '新北翰品酒店 ', ' 二人入住享雅緻客房優惠價NT$2,900'),
(1974, 1548, 'insuranceScore', '桃園翰品酒店 ', ' 二人入住享雅緻客房優惠價NT$2,600'),
(1975, 1548, 'insuranceScore', '新竹芙洛麗大飯店 ', ' 二人入住享自由客房優惠價NT$3,250'),
(1976, 1548, 'shoppingScore', 'Marui Imai ', ' 刷卡消費滿日幣50,000元可獲贈價值日幣1,000元的三越伊勢丹集團禮券'),
(1977, 1548, 'shoppingScore', 'Premium Outlets ', ' 刷卡消費滿日幣40,000元即可獲贈禮品'),
(1978, 1548, 'shoppingScore', 'Kojima ', ' 單日刷卡消費滿日幣5,264元享95折優惠'),
(1979, 1548, 'mileageScore', '大陸包車王 ', ' 包車獨享85折優惠'),
(1980, 1548, 'mileageScore', '肯驛國際 ', ' 大台北機場接送享優惠價NT$480起 '),
(1981, 1548, 'mileageScore', '肯驛國際 ', ' 享台北至桃園國際機場接送NT$588起'),
(1982, 1548, 'otherScore', 'ALFA健身俱樂部 ', ' 享優惠價NT$299起/人'),
(1983, 1548, 'otherScore', '台北圓山聯誼會 ', ' 台新卡友加入台北圓山聯誼會會員享入會禮'),
(1984, 1548, 'otherScore', 'EB SPA玩美會所 ', ' 刷卡消費滿額贈好禮'),
(1985, 1548, 'parkingScore', '嘟嘟房停車場 ', ' 新增消費滿8,000元，享每人每日至高2小時免費停車優惠'),
(1986, 1548, 'parkingScore', '台灣聯通停車場 ', ' 新增消費滿8,000元，享每人每日至高2小時免費停車優惠'),
(1987, 1548, 'parkingScore', '24TPS停車場 ', ' 新增消費滿8,000元，享每人每日至高2小時免費停車優惠'),
(1988, 1549, 'eatingScore', 'TOSCANA義大利餐廳 ', ' 下午茶二人同行每人享優惠NT$560起'),
(1989, 1549, 'eatingScore', '八方燴西餐廳 ', ' 下午茶二人同行每人享優惠NT$475起'),
(1990, 1549, 'eatingScore', '漢來海港餐廳台中店 ', ' 下午茶二人同行每人享優惠NT$500起'),
(1991, 1549, 'movieScore', '板橋秀泰影城 ', ' 二人同行每人享優惠NT$215起'),
(1992, 1549, 'movieScore', '今日秀泰影城 ', ' 二人同行每人享優惠NT$215起'),
(1993, 1549, 'movieScore', '欣欣秀泰影城 ', ' 二人同行每人享優惠NT$215起'),
(1994, 1549, 'insuranceScore', '新北翰品酒店 ', ' 二人入住享雅緻客房優惠價NT$2,900'),
(1995, 1549, 'insuranceScore', '桃園翰品酒店 ', ' 二人入住享雅緻客房優惠價NT$2,600'),
(1996, 1549, 'insuranceScore', '新竹芙洛麗大飯店 ', ' 二人入住享自由客房優惠價NT$3,250'),
(1997, 1549, 'shoppingScore', 'Marui Imai ', ' 刷卡消費滿日幣50,000元可獲贈價值日幣1,000元的三越伊勢丹集團禮券'),
(1998, 1549, 'shoppingScore', 'Premium Outlets ', ' 刷卡消費滿日幣40,000元即可獲贈禮品'),
(1999, 1549, 'shoppingScore', 'Kojima ', ' 單日刷卡消費滿日幣5,264元享95折優惠'),
(2000, 1549, 'mileageScore', '大陸包車王 ', ' 包車獨享85折優惠'),
(2001, 1549, 'mileageScore', '肯驛國際 ', ' 大台北機場接送享優惠價NT$480起 '),
(2002, 1549, 'mileageScore', '肯驛國際 ', ' 享台北至桃園國際機場接送NT$588起'),
(2003, 1549, 'otherScore', 'ALFA健身俱樂部 ', ' 享優惠價NT$299起/人'),
(2004, 1549, 'otherScore', '台北圓山聯誼會 ', ' 台新卡友加入台北圓山聯誼會會員享入會禮'),
(2005, 1549, 'otherScore', 'EB SPA玩美會所 ', ' 刷卡消費滿額贈好禮'),
(2006, 1549, 'parkingScore', '嘟嘟房停車場 ', ' 新增消費滿8,000元，享每人每日至高2小時免費停車優惠'),
(2007, 1549, 'parkingScore', '台灣聯通停車場 ', ' 新增消費滿8,000元，享每人每日至高2小時免費停車優惠'),
(2008, 1549, 'parkingScore', '24TPS停車場 ', ' 新增消費滿8,000元，享每人每日至高2小時免費停車優惠'),
(2009, 1550, 'eatingScore', 'TOSCANA義大利餐廳 ', ' 下午茶二人同行每人享優惠NT$560起'),
(2010, 1550, 'eatingScore', '八方燴西餐廳 ', ' 下午茶二人同行每人享優惠NT$475起'),
(2011, 1550, 'eatingScore', '漢來海港餐廳台中店 ', ' 下午茶二人同行每人享優惠NT$500起'),
(2012, 1550, 'movieScore', '板橋秀泰影城 ', ' 二人同行每人享優惠NT$215起'),
(2013, 1550, 'movieScore', '今日秀泰影城 ', ' 二人同行每人享優惠NT$215起'),
(2014, 1550, 'movieScore', '欣欣秀泰影城 ', ' 二人同行每人享優惠NT$215起'),
(2015, 1550, 'insuranceScore', '新北翰品酒店 ', ' 二人入住享雅緻客房優惠價NT$2,900'),
(2016, 1550, 'insuranceScore', '桃園翰品酒店 ', ' 二人入住享雅緻客房優惠價NT$2,600'),
(2017, 1550, 'insuranceScore', '新竹芙洛麗大飯店 ', ' 二人入住享自由客房優惠價NT$3,250'),
(2018, 1550, 'shoppingScore', 'Marui Imai ', ' 刷卡消費滿日幣50,000元可獲贈價值日幣1,000元的三越伊勢丹集團禮券'),
(2019, 1550, 'shoppingScore', 'Premium Outlets ', ' 刷卡消費滿日幣40,000元即可獲贈禮品'),
(2020, 1550, 'shoppingScore', 'Kojima ', ' 單日刷卡消費滿日幣5,264元享95折優惠'),
(2021, 1550, 'mileageScore', '大陸包車王 ', ' 包車獨享85折優惠'),
(2022, 1550, 'mileageScore', '肯驛國際 ', ' 大台北機場接送享優惠價NT$480起 '),
(2023, 1550, 'mileageScore', '肯驛國際 ', ' 享台北至桃園國際機場接送NT$588起'),
(2024, 1550, 'otherScore', 'ALFA健身俱樂部 ', ' 享優惠價NT$299起/人'),
(2025, 1550, 'otherScore', '台北圓山聯誼會 ', ' 台新卡友加入台北圓山聯誼會會員享入會禮'),
(2026, 1550, 'otherScore', 'EB SPA玩美會所 ', ' 刷卡消費滿額贈好禮'),
(2027, 1550, 'parkingScore', '嘟嘟房停車場 ', ' 新增消費滿8,000元，享每人每日至高2小時免費停車優惠'),
(2028, 1550, 'parkingScore', '台灣聯通停車場 ', ' 新增消費滿8,000元，享每人每日至高2小時免費停車優惠'),
(2029, 1550, 'parkingScore', '24TPS停車場 ', ' 新增消費滿8,000元，享每人每日至高2小時免費停車優惠'),
(2030, 1551, 'eatingScore', 'TOSCANA義大利餐廳 ', ' 下午茶二人同行每人享優惠NT$560起'),
(2031, 1551, 'eatingScore', '八方燴西餐廳 ', ' 下午茶二人同行每人享優惠NT$475起'),
(2032, 1551, 'eatingScore', '漢來海港餐廳台中店 ', ' 下午茶二人同行每人享優惠NT$500起'),
(2033, 1551, 'movieScore', '板橋秀泰影城 ', ' 二人同行每人享優惠NT$215起'),
(2034, 1551, 'movieScore', '今日秀泰影城 ', ' 二人同行每人享優惠NT$215起'),
(2035, 1551, 'movieScore', '欣欣秀泰影城 ', ' 二人同行每人享優惠NT$215起'),
(2036, 1551, 'insuranceScore', '新北翰品酒店 ', ' 二人入住享雅緻客房優惠價NT$2,900'),
(2037, 1551, 'insuranceScore', '桃園翰品酒店 ', ' 二人入住享雅緻客房優惠價NT$2,600'),
(2038, 1551, 'insuranceScore', '新竹芙洛麗大飯店 ', ' 二人入住享自由客房優惠價NT$3,250'),
(2039, 1551, 'shoppingScore', 'Marui Imai ', ' 刷卡消費滿日幣50,000元可獲贈價值日幣1,000元的三越伊勢丹集團禮券'),
(2040, 1551, 'shoppingScore', 'Premium Outlets ', ' 刷卡消費滿日幣40,000元即可獲贈禮品'),
(2041, 1551, 'shoppingScore', 'Kojima ', ' 單日刷卡消費滿日幣5,264元享95折優惠'),
(2042, 1551, 'cashBackScore', '現金回饋方案 ', ' 國外刷卡消費享2.2%消費回饋，加總上限NT$20,000'),
(2043, 1551, 'mileageScore', '大陸包車王 ', ' 包車獨享85折優惠'),
(2044, 1551, 'mileageScore', '肯驛國際 ', ' 大台北機場接送享優惠價NT$480起 '),
(2045, 1551, 'mileageScore', '肯驛國際 ', ' 享台北至桃園國際機場接送NT$380起'),
(2046, 1551, 'otherScore', 'ALFA健身俱樂部 ', ' 享優惠價NT$299起/人'),
(2047, 1551, 'otherScore', '台北圓山聯誼會 ', ' 台新卡友加入台北圓山聯誼會會員享入會禮'),
(2048, 1551, 'otherScore', 'EB SPA玩美會所 ', ' 刷卡消費滿額贈好禮'),
(2049, 1552, 'eatingScore', 'TOSCANA義大利餐廳 ', ' 下午茶二人同行每人享優惠NT$560起'),
(2050, 1552, 'eatingScore', '八方燴西餐廳 ', ' 下午茶二人同行每人享優惠NT$475起'),
(2051, 1552, 'eatingScore', '漢來海港餐廳台中店 ', ' 下午茶二人同行每人享優惠NT$500起'),
(2052, 1552, 'movieScore', '板橋秀泰影城 ', ' 二人同行每人享優惠NT$215起'),
(2053, 1552, 'movieScore', '今日秀泰影城 ', ' 二人同行每人享優惠NT$215起'),
(2054, 1552, 'movieScore', '欣欣秀泰影城 ', ' 二人同行每人享優惠NT$215起'),
(2055, 1552, 'insuranceScore', '新北翰品酒店 ', ' 二人入住享雅緻客房優惠價NT$2,900'),
(2056, 1552, 'insuranceScore', '桃園翰品酒店 ', ' 二人入住享雅緻客房優惠價NT$2,600'),
(2057, 1552, 'insuranceScore', '新竹芙洛麗大飯店 ', ' 二人入住享自由客房優惠價NT$3,250'),
(2058, 1552, 'shoppingScore', 'Marui Imai ', ' 刷卡消費滿日幣50,000元可獲贈價值日幣1,000元的三越伊勢丹集團禮券'),
(2059, 1552, 'shoppingScore', 'Premium Outlets ', ' 刷卡消費滿日幣40,000元即可獲贈禮品'),
(2060, 1552, 'shoppingScore', 'Kojima ', ' 單日刷卡消費滿日幣5,264元享95折優惠'),
(2061, 1552, 'mileageScore', '大陸包車王 ', ' 包車獨享85折優惠'),
(2062, 1552, 'mileageScore', '肯驛國際 ', ' 大台北機場接送享優惠價NT$480起 '),
(2063, 1552, 'mileageScore', '肯驛國際 ', ' 享台北至桃園國際機場接送NT$588起'),
(2064, 1552, 'otherScore', 'ALFA健身俱樂部 ', ' 享優惠價NT$299起/人'),
(2065, 1552, 'otherScore', '台北圓山聯誼會 ', ' 台新卡友加入台北圓山聯誼會會員享入會禮'),
(2066, 1552, 'otherScore', 'EB SPA玩美會所 ', ' 刷卡消費滿額贈好禮'),
(2067, 1552, 'parkingScore', '新光三越 ', ' 刷卡滿1,000元，享2小時免費停車優惠，合併原停車優惠，每卡每日最高4小時'),
(2068, 1552, 'parkingScore', '嘟嘟房停車場 ', ' 紅利500點折抵1小時市區停車每卡每日最高享免費停車3小時'),
(2069, 1552, 'parkingScore', '福慧網停車場 ', ' 紅利500點折抵1小時市區停車每卡每日最高享免費停車3小時'),
(2070, 1553, 'eatingScore', 'TOSCANA義大利餐廳 ', ' 週一至週五二人同行持卡人享下午茶68折優惠'),
(2071, 1553, 'eatingScore', '玫瑰烘焙坊 ', ' 週一至週五二人同行持卡人享下午茶68折優惠'),
(2072, 1553, 'movieScore', '板橋秀泰影城 ', ' 持卡人於樂活網刷卡購票可享66折優惠'),
(2073, 1553, 'movieScore', '今日秀泰影城 ', ' 持卡人於樂活網刷卡購票可享66折優惠'),
(2074, 1553, 'movieScore', '欣欣秀泰影城 ', ' 持卡人於樂活網刷卡購票可享66折優惠'),
(2075, 1553, 'insuranceScore', 'Zani Viaggi ', ' 所有購物團享9折優惠'),
(2076, 1553, 'insuranceScore', 'Zani Viaggi ', ' 一日遊觀光團享9折優惠'),
(2077, 1553, 'insuranceScore', 'Zani Viaggi ', ' 所有米蘭城市觀光團享9折優惠'),
(2078, 1553, 'shoppingScore', 'Marui Imai ', ' 刷卡消費滿日幣50,000元可獲贈價值日幣1,000元的三越伊勢丹集團禮券'),
(2079, 1553, 'shoppingScore', 'Premium Outlets ', ' 刷卡消費滿日幣40,000元即可獲贈禮品'),
(2080, 1553, 'shoppingScore', 'Kojima ', ' 單日刷卡消費滿日幣5,264元享95折優惠'),
(2081, 1553, 'bonusScore', '新光三越 ', ' 週末持卡於全臺新光三越消費，不限金額享紅利點數3倍，每月加碼回饋上限2萬點/平'),
(2082, 1553, 'mileageScore', '大陸包車王 ', ' 包車獨享85折優惠'),
(2083, 1553, 'mileageScore', '肯驛國際 ', ' 享台北至桃園國際機場接送NT$799起'),
(2084, 1553, 'mileageScore', '台灣虎航 ', ' 刷卡消費全航線天天購票9折優惠'),
(2085, 1553, 'otherScore', '台北圓山聯誼會 ', ' 台新卡友加入台北圓山聯誼會會員享入會禮'),
(2086, 1553, 'otherScore', 'EB SPA玩美會所 ', ' 刷卡消費滿額贈好禮'),
(2087, 1553, 'parkingScore', '新光三越 ', ' 刷卡滿1,000元，享2小時免費停車優惠，合併原停車優惠，每卡每日最高4小時'),
(2088, 1553, 'parkingScore', '嘟嘟房停車場 ', ' 紅利500點折抵1小時市區停車每卡每日最高享免費停車3小時'),
(2089, 1553, 'parkingScore', '福慧網停車場 ', ' 紅利500點折抵1小時市區停車每卡每日最高享免費停車3小時'),
(2090, 1554, 'eatingScore', '艾可柏菲自助料理 ', ' 享平日午餐75折'),
(2091, 1554, 'insuranceScore', '六福村主題遊樂園 ', ' 享樂園入園門票買一送一'),
(2092, 1554, 'insuranceScore', '義大遊樂世界 ', ' 二張門票享優惠價'),
(2093, 1554, 'insuranceScore', '雄獅旅遊 ', ' 雄獅旅遊【日本嚴選】主題行程全館折新台幣2,000元'),
(2094, 1554, 'mileageScore', 'TMS全鋒事業 ', ' 台灣地區國際機場接送新台幣588元起'),
(2095, 1554, 'mileageScore', '中國東方航空 ', ' 買指定航線、指定艙等之單程或來回機票，即可享有機票最高9折禮遇'),
(2096, 1554, 'mileageScore', '宜泊資訊科技 ', ' 機場代泊享85折'),
(2097, 1554, 'otherScore', '台中高爾夫球場 ', ' 平日優惠價新台幣2,300元，假日優惠價新台幣2,700元'),
(2098, 1554, 'otherScore', '老爺關西高爾夫球場 ', ' 平日優惠價新台幣2,790元，假日優惠價新台幣3,450元'),
(2099, 1554, 'otherScore', '高雄高爾夫球場(澄清湖) ', ' 平日優惠價新台幣1,920元，假日優惠價新台幣2,915元'),
(2100, 1554, 'parkingScore', '新光三越 ', ' 刷卡滿1,000元，享2小時免費停車優惠，合併原停車優惠，每卡每日最高4小時'),
(2101, 1554, 'parkingScore', '嘟嘟房停車場 ', ' 紅利500點折抵1小時市區停車每卡每日最高享免費停車3小時'),
(2102, 1554, 'parkingScore', '福慧網停車場 ', ' 紅利500點折抵1小時市區停車每卡每日最高享免費停車3小時'),
(2103, 1555, 'eatingScore', 'Kokorogi ', ' 刷卡用餐享10%優惠折扣'),
(2104, 1555, 'eatingScore', '上海菜館 ', ' 刷卡用餐享10%優惠折扣'),
(2105, 1555, 'eatingScore', 'Gaspard and Lisa Res', ' 刷卡用餐享10%優惠折扣'),
(2106, 1555, 'insuranceScore', 'Mt. Kachi Kachi Rope', ' 享來回票價20%之優惠折扣'),
(2107, 1555, 'insuranceScore', '北海道新千歲國際機場 ', ' 買機場巴士乘車券可享8折優惠'),
(2108, 1555, 'insuranceScore', '東京成田國際機場 ', ' 買機場巴士乘車券可享8折優惠'),
(2109, 1555, 'cashBackScore', '森森購物網 ', ' 享網路購物平台價值新台幣200元之回饋金'),
(2110, 1555, 'cashBackScore', '東森購物網 ', ' 享網路購物平台價值新台幣200元之回饋金'),
(2111, 1555, 'cashBackScore', 'GoHappy快樂購物網 ', ' 享網路購物平台價值新台幣200元之回饋金'),
(2112, 1556, 'eatingScore', 'TOSCANA義大利餐廳 ', ' 下午茶二人同行每人享優惠NT$560起'),
(2113, 1556, 'eatingScore', '八方燴西餐廳 ', ' 下午茶二人同行每人享優惠NT$475起'),
(2114, 1556, 'eatingScore', '漢來海港餐廳台中店 ', ' 下午茶二人同行每人享優惠NT$500起'),
(2115, 1556, 'movieScore', '板橋秀泰影城 ', ' 二人同行每人享優惠NT$215起'),
(2116, 1556, 'movieScore', '今日秀泰影城 ', ' 二人同行每人享優惠NT$215起'),
(2117, 1556, 'movieScore', '欣欣秀泰影城 ', ' 二人同行每人享優惠NT$215起'),
(2118, 1556, 'insuranceScore', '新北翰品酒店 ', ' 二人入住享雅緻客房優惠價NT$2,900'),
(2119, 1556, 'insuranceScore', '桃園翰品酒店 ', ' 二人入住享雅緻客房優惠價NT$2,600'),
(2120, 1556, 'insuranceScore', '新竹芙洛麗大飯店 ', ' 二人入住享自由客房優惠價NT$3,250'),
(2121, 1556, 'shoppingScore', 'Marui Imai ', ' 刷卡消費滿日幣50,000元可獲贈價值日幣1,000元的三越伊勢丹集團禮券'),
(2122, 1556, 'shoppingScore', 'Premium Outlets ', ' 刷卡消費滿日幣40,000元即可獲贈禮品'),
(2123, 1556, 'shoppingScore', 'Kojima ', ' 單日刷卡消費滿日幣5,264元享95折優惠'),
(2124, 1556, 'mileageScore', '大陸包車王 ', ' 包車獨享85折優惠'),
(2125, 1556, 'mileageScore', '肯驛國際 ', ' 大台北機場接送享優惠價NT$480起 '),
(2126, 1556, 'mileageScore', '肯驛國際 ', ' 享台北至桃園國際機場接送NT$588起'),
(2127, 1556, 'otherScore', 'ALFA健身俱樂部 ', ' 享優惠價NT$299起/人'),
(2128, 1557, 'eatingScore', 'Kokorogi ', ' 刷卡用餐享10%優惠折扣'),
(2129, 1557, 'eatingScore', '上海菜館 ', ' 刷卡用餐享10%優惠折扣'),
(2130, 1557, 'eatingScore', 'Gaspard and Lisa Res', ' 刷卡用餐享10%優惠折扣'),
(2131, 1557, 'insuranceScore', 'Mt. Kachi Kachi Rope', ' 享來回票價20%之優惠折扣'),
(2132, 1557, 'insuranceScore', '北海道新千歲國際機場 ', ' 買機場巴士乘車券可享8折優惠'),
(2133, 1557, 'insuranceScore', '東京成田國際機場 ', ' 買機場巴士乘車券可享8折優惠'),
(2134, 1557, 'publicScore', '高雄捷運 ', ' 票價85折'),
(2135, 1557, 'publicScore', '台鐵 ', ' 莒光號復興號及區間車，按起迄站區間車票價9折計價/自強號70公里內，按區間車票'),
(2136, 1557, 'smartpayScore', '桃園捷運 ', ' 持卡搭乘桃園機場捷運，每筆自動加值金額5%現金回饋'),
(2137, 1557, 'mileageScore', '友達停車場 ', ' 支付當次出國的全額機票款或團費，前一年累積消費金額達30,000元，即享指定停'),
(2138, 1557, 'mileageScore', '嘟嘟房停車場台中機場2站 ', ' 支付當次出國的全額機票款或團費，前一年累積消費金額達30,000元，即享指定停'),
(2139, 1558, 'eatingScore', 'TOSCANA義大利餐廳 ', ' 週一至週五二人同行持卡人享下午茶68折優惠'),
(2140, 1558, 'eatingScore', '玫瑰烘焙坊 ', ' 週一至週五二人同行持卡人享下午茶68折優惠'),
(2141, 1558, 'eatingScore', 'i River愛河牛排海鮮自助餐廳 ', ' 週一至週五二人同行持卡人享下午茶68折優惠'),
(2142, 1558, 'movieScore', '板橋秀泰影城 ', ' 持卡人於樂活網刷卡購票可享66折優惠'),
(2143, 1558, 'movieScore', '今日秀泰影城 ', ' 持卡人於樂活網刷卡購票可享66折優惠'),
(2144, 1558, 'movieScore', '欣欣秀泰影城 ', ' 持卡人於樂活網刷卡購票可享66折優惠'),
(2145, 1558, 'insuranceScore', 'Zani Viaggi ', ' 所有購物團享9折優惠'),
(2146, 1558, 'insuranceScore', 'Zani Viaggi ', ' 一日遊觀光團享9折優惠'),
(2147, 1558, 'insuranceScore', 'Zani Viaggi ', ' 所有米蘭城市觀光團享9折優惠'),
(2148, 1558, 'publicScore', '高雄捷運 ', ' 票價85折'),
(2149, 1558, 'publicScore', '台鐵 ', ' 莒光號復興號及區間車，按起迄站區間車票價9折計價/自強號70公里內，按區間車票'),
(2150, 1558, 'shoppingScore', 'Marui Imai ', ' 刷卡消費滿日幣50,000元可獲贈價值日幣1,000元的三越伊勢丹集團禮券'),
(2151, 1558, 'shoppingScore', 'Premium Outlets ', ' 刷卡消費滿日幣40,000元即可獲贈禮品'),
(2152, 1558, 'shoppingScore', 'Kojima ', ' 單日刷卡消費滿日幣5,264元享95折優惠'),
(2153, 1558, 'bonusScore', '全聯福利中心 ', ' 每週六日扣款消費，單筆消費金額300元，加贈全聯福利點數60點'),
(2154, 1558, 'mileageScore', '大陸包車王 ', ' 包車獨享85折優惠'),
(2155, 1558, 'mileageScore', '肯驛國際 ', ' 享台北至桃園國際機場接送NT$799起'),
(2156, 1558, 'mileageScore', '嘟嘟房中正旗艦站 ', ' 支付當次出國的全額機票款或團費，前一年累積消費金額達30,000元，即享指定停'),
(2157, 1559, 'eatingScore', '怡客咖啡 ', ' 任選全系列飲品享第二杯半價'),
(2158, 1559, 'movieScore', '板橋秀泰影城 ', ' 持卡人於樂活網刷卡購票可享66折優惠'),
(2159, 1559, 'movieScore', '今日秀泰影城 ', ' 持卡人於樂活網刷卡購票可享66折優惠'),
(2160, 1559, 'movieScore', '欣欣秀泰影城 ', ' 持卡人於樂活網刷卡購票可享66折優惠'),
(2161, 1559, 'insuranceScore', 'Zani Viaggi ', ' 一日遊觀光團享9折優惠'),
(2162, 1559, 'insuranceScore', 'Zani Viaggi ', ' 所有米蘭城市觀光團享9折優惠'),
(2163, 1559, 'insuranceScore', 'Ghostsigns ', ' 所有導賞團尊享8折優惠'),
(2164, 1559, 'publicScore', '高雄捷運 ', ' 票價85折'),
(2165, 1559, 'publicScore', '台鐵 ', ' 莒光號復興號及區間車，按起迄站區間車票價9折計價/自強號70公里內，按區間車票'),
(2166, 1559, 'shoppingScore', 'Marui Imai ', ' 刷卡消費滿日幣50,000元可獲贈價值日幣1,000元的三越伊勢丹集團禮券'),
(2167, 1559, 'shoppingScore', 'Premium Outlets ', ' 刷卡消費滿日幣40,000元即可獲贈禮品'),
(2168, 1559, 'shoppingScore', 'Kojima ', ' 單日刷卡消費滿日幣5,264元享95折優惠'),
(2169, 1559, 'bonusScore', '全聯福利中心 ', ' 每週六日扣款消費，單筆消費金額300元，加贈全聯福利點數60點'),
(2170, 1560, 'insuranceScore', '六福村主題遊樂園 ', ' 享樂園入園門票買一送一'),
(2171, 1560, 'insuranceScore', '義大遊樂世界 ', ' 二張門票享優惠價'),
(2172, 1560, 'insuranceScore', '雄獅旅遊 ', ' 雄獅旅遊【日本嚴選】主題行程全館折新台幣2,000元'),
(2173, 1560, 'shoppingScore', 'A.H.C ', ' 購物7折優惠， Premium Hydra Soother Mask/Hydr'),
(2174, 1560, 'mileageScore', 'TMS全鋒事業 ', ' 台灣地區國際機場接送新台幣588元起'),
(2175, 1560, 'mileageScore', '中國東方航空 ', ' 買指定航線、指定艙等之單程或來回機票，即可享有機票最高9折禮遇'),
(2176, 1560, 'mileageScore', '宜泊資訊科技 ', ' 機場代泊享85折'),
(2177, 1560, 'otherScore', '台中高爾夫球場 ', ' 平日優惠價新台幣2,300元，假日優惠價新台幣2,700元'),
(2178, 1560, 'otherScore', '老爺關西高爾夫球場 ', ' 平日優惠價新台幣2,790元，假日優惠價新台幣3,450元'),
(2179, 1560, 'otherScore', '高雄高爾夫球場(澄清湖) ', ' 平日優惠價新台幣1,920元，假日優惠價新台幣2,915元'),
(2180, 1561, 'eatingScore', 'Kokorogi ', ' 刷卡用餐享10%優惠折扣'),
(2181, 1561, 'eatingScore', '上海菜館 ', ' 刷卡用餐享10%優惠折扣'),
(2182, 1561, 'eatingScore', 'Gaspard and Lisa Res', ' 刷卡用餐享10%優惠折扣'),
(2183, 1561, 'insuranceScore', 'Mt. Kachi Kachi Rope', ' 享來回票價20%之優惠折扣'),
(2184, 1561, 'insuranceScore', '北海道新千歲國際機場 ', ' 買機場巴士乘車券可享8折優惠'),
(2185, 1561, 'insuranceScore', '東京成田國際機場 ', ' 買機場巴士乘車券可享8折優惠'),
(2186, 1561, 'shoppingScore', '丸井百貨 ', ' 享稅前價格5%之折扣優惠'),
(2187, 1561, 'cashBackScore', '森森購物網 ', ' 享網路購物平台價值新台幣200元之回饋金'),
(2188, 1561, 'cashBackScore', '東森購物網 ', ' 享網路購物平台價值新台幣200元之回饋金'),
(2189, 1561, 'cashBackScore', 'GoHappy快樂購物網 ', ' 享網路購物平台價值新台幣200元之回饋金'),
(2190, 1561, 'parkingScore', '和相租車 ', ' 單筆達新台幣60,000元以上指定國際機場接送去回程各1次之免費'),
(2191, 1562, 'eatingScore', 'TOSCANA義大利餐廳 ', ' 週一至週五二人同行持卡人享下午茶68折優惠'),
(2192, 1562, 'eatingScore', '玫瑰烘焙坊 ', ' 週一至週五二人同行持卡人享下午茶68折優惠'),
(2193, 1562, 'eatingScore', 'i River愛河牛排海鮮自助餐廳 ', ' 週一至週五二人同行持卡人享下午茶68折優惠'),
(2194, 1562, 'movieScore', '板橋秀泰影城 ', ' 持卡人於樂活網刷卡購票可享66折優惠'),
(2195, 1562, 'movieScore', '今日秀泰影城 ', ' 持卡人於樂活網刷卡購票可享66折優惠'),
(2196, 1562, 'movieScore', '欣欣秀泰影城 ', ' 持卡人於樂活網刷卡購票可享66折優惠'),
(2197, 1562, 'insuranceScore', 'Zani Viaggi ', ' 所有購物團享9折優惠'),
(2198, 1562, 'insuranceScore', 'Zani Viaggi ', ' 一日遊觀光團享9折優惠'),
(2199, 1562, 'insuranceScore', 'Zani Viaggi ', ' 所有米蘭城市觀光團享9折優惠'),
(2200, 1562, 'shoppingScore', 'Marui Imai ', ' 刷卡消費滿日幣50,000元可獲贈價值日幣1,000元的三越伊勢丹集團禮券'),
(2201, 1562, 'shoppingScore', 'Premium Outlets ', ' 刷卡消費滿日幣40,000元即可獲贈禮品'),
(2202, 1562, 'shoppingScore', 'Kojima ', ' 單日刷卡消費滿日幣5,264元享95折優惠'),
(2203, 1562, 'mileageScore', '大陸包車王 ', ' 包車獨享85折優惠'),
(2204, 1562, 'otherScore', '迷火佛朗明哥舞坊 ', ' 初級特惠班課程任選買一送一'),
(2205, 1563, 'eatingScore', '艾可柏菲自助料理 ', ' 享平日午餐75折'),
(2206, 1563, 'eatingScore', '門片咖啡 ', ' 享8折優惠，週一及週四下午時段(14:00-18:00)點餐，甜點享買一送一'),
(2207, 1563, 'eatingScore', 'C25Plus ', ' 結帳價享85折優惠，週一下午2點至5點再享當日甜點原價買一送一'),
(2208, 1563, 'insuranceScore', 'BESPOQE威尼斯漫遊 ', ' 飯店房間升等'),
(2209, 1563, 'insuranceScore', '逸寬文旅大安館 ', ' 入住享優惠價每晚新台幣5,000元+10%服務費'),
(2210, 1563, 'insuranceScore', '逸寬文旅信義館 ', ' 入住享優惠價每晚新台幣5,000元+11%服務費'),
(2211, 1563, 'shoppingScore', 'A.H.C ', ' 購物7折優惠， Premium Hydra Soother Mask/Hydr'),
(2212, 1563, 'mileageScore', 'TMS全鋒事業 ', ' 台灣地區國際機場接送新台幣788元起'),
(2213, 1563, 'mileageScore', '中國東方航空 ', ' 買指定航線、指定艙等之單程或來回機票，即可享有機票最高9折禮遇'),
(2214, 1563, 'otherScore', '澄清醫院柏忕健康管理中心 ', ' 健康腸在專案價新台幣22,500元'),
(2215, 1563, 'otherScore', 'ANTI-AGING LIFE CENT', ' 購買任何 TheraSpa 療程皆可享有8折優惠'),
(2216, 1563, 'otherScore', '北京嘉裡大酒店 ', ' 健身享年度會員9折優惠'),
(2217, 1564, 'eatingScore', 'TOSCANA義大利餐廳 ', ' 下午茶二人同行每人享優惠NT$560起'),
(2218, 1564, 'eatingScore', '八方燴西餐廳 ', ' 下午茶二人同行每人享優惠NT$475起'),
(2219, 1564, 'eatingScore', '漢來海港餐廳台中店 ', ' 下午茶二人同行每人享優惠NT$500起'),
(2220, 1564, 'movieScore', '板橋秀泰影城 ', ' 二人同行每人享優惠NT$215起'),
(2221, 1564, 'movieScore', '今日秀泰影城 ', ' 二人同行每人享優惠NT$215起'),
(2222, 1564, 'movieScore', '欣欣秀泰影城 ', ' 二人同行每人享優惠NT$215起'),
(2223, 1564, 'insuranceScore', '新北翰品酒店 ', ' 二人入住享雅緻客房優惠價NT$2,900'),
(2224, 1564, 'insuranceScore', '桃園翰品酒店 ', ' 二人入住享雅緻客房優惠價NT$2,600'),
(2225, 1564, 'insuranceScore', '新竹芙洛麗大飯店 ', ' 二人入住享自由客房優惠價NT$3,250'),
(2226, 1564, 'shoppingScore', 'Marui Imai ', ' 刷卡消費滿日幣50,000元可獲贈價值日幣1,000元的三越伊勢丹集團禮券'),
(2227, 1564, 'shoppingScore', 'Premium Outlets ', ' 刷卡消費滿日幣40,000元即可獲贈禮品'),
(2228, 1564, 'shoppingScore', 'Kojima ', ' 單日刷卡消費滿日幣5,264元享95折優惠'),
(2229, 1564, 'bonusScore', '遠東百貨 ', ' Happy Go最高4倍回饋，點數回饋無上限'),
(2230, 1564, 'bonusScore', 'Big City遠東巨城購物中心 ', ' Happy Go最高4倍回饋，點數回饋無上限'),
(2231, 1564, 'bonusScore', 'GoHappy快樂購物網 ', ' Happy Go最高4倍回饋，點數回饋無上限'),
(2232, 1564, 'mileageScore', '大陸包車王 ', ' 包車獨享85折優惠'),
(2233, 1564, 'mileageScore', '肯驛國際 ', ' 大台北機場接送享優惠價NT$480起 '),
(2234, 1565, 'eatingScore', 'TOSCANA義大利餐廳 ', ' 週一至週五二人同行持卡人享下午茶68折優惠'),
(2235, 1565, 'eatingScore', '玫瑰烘焙坊 ', ' 週一至週五二人同行持卡人享下午茶68折優惠'),
(2236, 1565, 'movieScore', '板橋秀泰影城 ', ' 持卡人於樂活網刷卡購票可享66折優惠'),
(2237, 1565, 'movieScore', '今日秀泰影城 ', ' 持卡人於樂活網刷卡購票可享66折優惠'),
(2238, 1565, 'movieScore', '欣欣秀泰影城 ', ' 持卡人於樂活網刷卡購票可享66折優惠'),
(2239, 1565, 'insuranceScore', 'Zani Viaggi ', ' 所有購物團享9折優惠'),
(2240, 1565, 'insuranceScore', 'Zani Viaggi ', ' 一日遊觀光團享9折優惠'),
(2241, 1565, 'insuranceScore', 'Zani Viaggi ', ' 所有米蘭城市觀光團享9折優惠'),
(2242, 1565, 'shoppingScore', 'Marui Imai ', ' 刷卡消費滿日幣50,000元可獲贈價值日幣1,000元的三越伊勢丹集團禮券'),
(2243, 1565, 'shoppingScore', 'Premium Outlets ', ' 刷卡消費滿日幣40,000元即可獲贈禮品'),
(2244, 1565, 'shoppingScore', 'Kojima ', ' 單日刷卡消費滿日幣5,264元享95折優惠'),
(2245, 1565, 'bonusScore', '遠東百貨 ', ' Happy Go最高4倍回饋，點數回饋無上限'),
(2246, 1565, 'bonusScore', 'Big City遠東巨城購物中心 ', ' Happy Go最高4倍回饋，點數回饋無上限'),
(2247, 1565, 'bonusScore', 'GoHappy快樂購物網 ', ' Happy Go最高4倍回饋，點數回饋無上限'),
(2248, 1565, 'mileageScore', '大陸包車王 ', ' 包車獨享85折優惠'),
(2249, 1566, 'insuranceScore', 'BESPOQE威尼斯漫遊 ', ' 飯店房間升等'),
(2250, 1566, 'insuranceScore', '逸寬文旅大安館 ', ' 入住享優惠價每晚新台幣5,000元+10%服務費'),
(2251, 1566, 'insuranceScore', '逸寬文旅信義館 ', ' 入住享優惠價每晚新台幣5,000元+11%服務費'),
(2252, 1566, 'shoppingScore', 'A.H.C ', ' 購物7折優惠， Premium Hydra Soother Mask/Hydr'),
(2253, 1566, 'shoppingScore', '遠東百貨 ', ' 刷卡消費一般商品、家用品平日享9折優惠'),
(2254, 1566, 'bonusScore', 'Big City遠東巨城購物中心 ', ' Happy Go最高4倍回饋，點數回饋無上限'),
(2255, 1566, 'bonusScore', 'GoHappy快樂購物網 ', ' Happy Go最高4倍回饋，點數回饋無上限'),
(2256, 1566, 'bonusScore', '遠企購物中心 ', ' Happy Go最高4倍回饋，點數回饋無上限'),
(2257, 1566, 'mileageScore', 'TMS全鋒事業 ', ' 台灣地區國際機場接送新台幣788元起'),
(2258, 1566, 'mileageScore', '中國東方航空 ', ' 買指定航線、指定艙等之單程或來回機票，即可享有機票最高9折禮遇'),
(2259, 1566, 'otherScore', '澄清醫院柏忕健康管理中心 ', ' 健康腸在專案價新台幣22,500元'),
(2260, 1566, 'otherScore', 'ANTI-AGING LIFE CENT', ' 購買任何 TheraSpa 療程皆可享有8折優惠'),
(2261, 1566, 'otherScore', '北京嘉裡大酒店 ', ' 健身享年度會員9折優惠'),
(2262, 1567, 'eatingScore', 'TOSCANA義大利餐廳 ', ' 下午茶二人同行每人享優惠NT$560起'),
(2263, 1567, 'eatingScore', '八方燴西餐廳 ', ' 下午茶二人同行每人享優惠NT$475起'),
(2264, 1567, 'eatingScore', '漢來海港餐廳台中店 ', ' 下午茶二人同行每人享優惠NT$500起'),
(2265, 1567, 'movieScore', '板橋秀泰影城 ', ' 二人同行每人享優惠NT$215起'),
(2266, 1567, 'movieScore', '今日秀泰影城 ', ' 二人同行每人享優惠NT$215起'),
(2267, 1567, 'movieScore', '欣欣秀泰影城 ', ' 二人同行每人享優惠NT$215起'),
(2268, 1567, 'insuranceScore', '新北翰品酒店 ', ' 二人入住享雅緻客房優惠價NT$2,900'),
(2269, 1567, 'insuranceScore', '桃園翰品酒店 ', ' 二人入住享雅緻客房優惠價NT$2,600'),
(2270, 1567, 'insuranceScore', '新竹芙洛麗大飯店 ', ' 二人入住享自由客房優惠價NT$3,250'),
(2271, 1567, 'shoppingScore', 'Marui Imai ', ' 刷卡消費滿日幣50,000元可獲贈價值日幣1,000元的三越伊勢丹集團禮券'),
(2272, 1567, 'shoppingScore', 'Premium Outlets ', ' 刷卡消費滿日幣40,000元即可獲贈禮品'),
(2273, 1567, 'shoppingScore', 'Kojima ', ' 單日刷卡消費滿日幣5,264元享95折優惠'),
(2274, 1567, 'cashBackScore', '博客來 ', ' 消費享2.1%現金回饋'),
(2275, 1567, 'cashBackScore', 'Lativ ', ' 消費享2.1%現金回饋'),
(2276, 1567, 'cashBackScore', '樂天市場購物網 ', ' 消費享2.1%現金回饋'),
(2277, 1567, 'mileageScore', '大陸包車王 ', ' 包車獨享85折優惠'),
(2278, 1567, 'mileageScore', '肯驛國際 ', ' 大台北機場接送享優惠價NT$480起 '),
(2279, 1568, 'insuranceScore', '六福村主題遊樂園 ', ' 享樂園入園門票買一送一'),
(2280, 1568, 'insuranceScore', '義大遊樂世界 ', ' 二張門票享優惠價'),
(2281, 1568, 'insuranceScore', '雄獅旅遊 ', ' 雄獅旅遊【日本嚴選】主題行程全館折新台幣2,000元'),
(2282, 1568, 'cashBackScore', '博客來 ', ' 消費享2.1%現金回饋'),
(2283, 1568, 'cashBackScore', 'Lativ ', ' 消費享2.1%現金回饋'),
(2284, 1568, 'cashBackScore', '樂天市場購物網 ', ' 消費享2.1%現金回饋'),
(2285, 1568, 'mileageScore', 'TMS全鋒事業 ', ' 台灣地區國際機場接送新台幣588元起'),
(2286, 1568, 'mileageScore', '中國東方航空 ', ' 買指定航線、指定艙等之單程或來回機票，即可享有機票最高9折禮遇'),
(2287, 1568, 'otherScore', '台中高爾夫球場 ', ' 平日優惠價新台幣2,300元，假日優惠價新台幣2,700元'),
(2288, 1568, 'otherScore', '老爺關西高爾夫球場 ', ' 平日優惠價新台幣2,790元，假日優惠價新台幣3,450元');
INSERT INTO `Discount` (`D_Num`, `C_Num`, `D_Type`, `D_Title`, `D_Content`) VALUES
(2289, 1568, 'otherScore', '高雄高爾夫球場(澄清湖) ', ' 平日優惠價新台幣1,920元，假日優惠價新台幣2,915元'),
(2290, 1569, 'eatingScore', 'TOSCANA義大利餐廳 ', ' 下午茶二人同行每人享優惠NT$560起'),
(2291, 1569, 'eatingScore', '八方燴西餐廳 ', ' 下午茶二人同行每人享優惠NT$475起'),
(2292, 1569, 'eatingScore', '漢來海港餐廳台中店 ', ' 下午茶二人同行每人享優惠NT$500起'),
(2293, 1569, 'movieScore', '板橋秀泰影城 ', ' 二人同行每人享優惠NT$215起'),
(2294, 1569, 'movieScore', '今日秀泰影城 ', ' 二人同行每人享優惠NT$215起'),
(2295, 1569, 'movieScore', '欣欣秀泰影城 ', ' 二人同行每人享優惠NT$215起'),
(2296, 1569, 'insuranceScore', '新北翰品酒店 ', ' 二人入住享雅緻客房優惠價NT$2,900'),
(2297, 1569, 'insuranceScore', '桃園翰品酒店 ', ' 二人入住享雅緻客房優惠價NT$2,600'),
(2298, 1569, 'insuranceScore', '新竹芙洛麗大飯店 ', ' 二人入住享自由客房優惠價NT$3,250'),
(2299, 1569, 'shoppingScore', 'Marui Imai ', ' 刷卡消費滿日幣50,000元可獲贈價值日幣1,000元的三越伊勢丹集團禮券'),
(2300, 1569, 'shoppingScore', 'Premium Outlets ', ' 刷卡消費滿日幣40,000元即可獲贈禮品'),
(2301, 1569, 'shoppingScore', 'Kojima ', ' 單日刷卡消費滿日幣5,264元享95折優惠'),
(2302, 1569, 'cashBackScore', '大潤發 ', ' 消費享最高1.2%現金回饋'),
(2303, 1569, 'cashBackScore', '頂好超市 ', ' 消費享最高1.2%現金回饋'),
(2304, 1569, 'cashBackScore', '全聯福利中心 ', ' 消費享最高1.2%現金回饋'),
(2305, 1569, 'mileageScore', '大陸包車王 ', ' 包車獨享85折優惠'),
(2306, 1569, 'mileageScore', '肯驛國際 ', ' 大台北機場接送享優惠價NT$480起 '),
(2307, 1570, 'insuranceScore', '六福村主題遊樂園 ', ' 享樂園入園門票買一送一'),
(2308, 1570, 'insuranceScore', '義大遊樂世界 ', ' 二張門票享優惠價'),
(2309, 1570, 'insuranceScore', '雄獅旅遊 ', ' 雄獅旅遊【日本嚴選】主題行程全館折新台幣2,000元'),
(2310, 1570, 'cashBackScore', '大潤發 ', ' 消費享最高1.2%現金回饋'),
(2311, 1570, 'cashBackScore', '頂好超市 ', ' 消費享最高1.2%現金回饋'),
(2312, 1570, 'cashBackScore', '全聯福利中心 ', ' 消費享最高1.2%現金回饋'),
(2313, 1570, 'mileageScore', 'TMS全鋒事業 ', ' 台灣地區國際機場接送新台幣588元起'),
(2314, 1570, 'mileageScore', '中國東方航空 ', ' 買指定航線、指定艙等之單程或來回機票，即可享有機票最高9折禮遇'),
(2315, 1570, 'otherScore', '台中高爾夫球場 ', ' 平日優惠價新台幣2,300元，假日優惠價新台幣2,700元'),
(2316, 1570, 'otherScore', '老爺關西高爾夫球場 ', ' 平日優惠價新台幣2,790元，假日優惠價新台幣3,450元'),
(2317, 1570, 'otherScore', '高雄高爾夫球場(澄清湖) ', ' 平日優惠價新台幣1,920元，假日優惠價新台幣2,915元'),
(2318, 1571, 'eatingScore', 'Kokorogi ', ' 刷卡用餐享10%優惠折扣'),
(2319, 1571, 'eatingScore', '上海菜館 ', ' 刷卡用餐享10%優惠折扣'),
(2320, 1571, 'eatingScore', 'Gaspard and Lisa Res', ' 刷卡用餐享10%優惠折扣'),
(2321, 1571, 'insuranceScore', 'Mt. Kachi Kachi Rope', ' 享來回票價20%之優惠折扣'),
(2322, 1571, 'insuranceScore', '北海道新千歲國際機場 ', ' 買機場巴士乘車券可享8折優惠'),
(2323, 1571, 'insuranceScore', '東京成田國際機場 ', ' 買機場巴士乘車券可享8折優惠'),
(2324, 1571, 'cashBackScore', '大潤發 ', ' 消費享最高1.2%現金回饋'),
(2325, 1571, 'cashBackScore', '頂好超市 ', ' 消費享最高1.2%現金回饋'),
(2326, 1571, 'cashBackScore', '全聯福利中心 ', ' 消費享最高1.2%現金回饋'),
(2327, 1574, 'eatingScore', 'TOSCANA義大利餐廳 ', ' 下午茶二人同行每人享優惠NT$560起'),
(2328, 1574, 'eatingScore', '八方燴西餐廳 ', ' 下午茶二人同行每人享優惠NT$475起'),
(2329, 1574, 'eatingScore', '漢來海港餐廳台中店 ', ' 下午茶二人同行每人享優惠NT$500起'),
(2330, 1574, 'movieScore', '板橋秀泰影城 ', ' 二人同行每人享優惠NT$215起'),
(2331, 1574, 'movieScore', '今日秀泰影城 ', ' 二人同行每人享優惠NT$215起'),
(2332, 1574, 'movieScore', '欣欣秀泰影城 ', ' 二人同行每人享優惠NT$215起'),
(2333, 1574, 'insuranceScore', '新北翰品酒店 ', ' 二人入住享雅緻客房優惠價NT$2,900'),
(2334, 1574, 'insuranceScore', '桃園翰品酒店 ', ' 二人入住享雅緻客房優惠價NT$2,600'),
(2335, 1574, 'insuranceScore', '新竹芙洛麗大飯店 ', ' 二人入住享自由客房優惠價NT$3,250'),
(2336, 1574, 'shoppingScore', 'Marui Imai ', ' 刷卡消費滿日幣50,000元可獲贈價值日幣1,000元的三越伊勢丹集團禮券'),
(2337, 1574, 'shoppingScore', 'Premium Outlets ', ' 刷卡消費滿日幣40,000元即可獲贈禮品'),
(2338, 1574, 'shoppingScore', 'Kojima ', ' 單日刷卡消費滿日幣5,264元享95折優惠'),
(2339, 1574, 'mileageScore', '大陸包車王 ', ' 包車獨享85折優惠'),
(2340, 1574, 'mileageScore', '肯驛國際 ', ' 大台北機場接送享優惠價NT$480起 '),
(2341, 1574, 'mileageScore', '肯驛國際 ', ' 享台北至桃園國際機場接送NT$588起'),
(2342, 1574, 'otherScore', 'ALFA健身俱樂部 ', ' 享優惠價NT$299起/人'),
(2343, 1574, 'otherScore', '水費 ', ' 代扣款成功者，可享7-11電子購物金最高100元'),
(2344, 1574, 'otherScore', '電費 ', ' 代扣款成功者，可享7-11電子購物金最高100元'),
(2345, 1575, 'eatingScore', 'TOSCANA義大利餐廳 ', ' 週一至週五二人同行持卡人享下午茶68折優惠'),
(2346, 1575, 'eatingScore', '玫瑰烘焙坊 ', ' 週一至週五二人同行持卡人享下午茶68折優惠'),
(2347, 1575, 'movieScore', '板橋秀泰影城 ', ' 持卡人於樂活網刷卡購票可享66折優惠'),
(2348, 1575, 'movieScore', '今日秀泰影城 ', ' 持卡人於樂活網刷卡購票可享66折優惠'),
(2349, 1575, 'movieScore', '欣欣秀泰影城 ', ' 持卡人於樂活網刷卡購票可享66折優惠'),
(2350, 1575, 'insuranceScore', 'Zani Viaggi ', ' 所有購物團享9折優惠'),
(2351, 1575, 'insuranceScore', 'Zani Viaggi ', ' 一日遊觀光團享9折優惠'),
(2352, 1575, 'insuranceScore', 'Zani Viaggi ', ' 所有米蘭城市觀光團享9折優惠'),
(2353, 1575, 'shoppingScore', 'Marui Imai ', ' 刷卡消費滿日幣50,000元可獲贈價值日幣1,000元的三越伊勢丹集團禮券'),
(2354, 1575, 'shoppingScore', 'Premium Outlets ', ' 刷卡消費滿日幣40,000元即可獲贈禮品'),
(2355, 1575, 'shoppingScore', 'Kojima ', ' 單日刷卡消費滿日幣5,264元享95折優惠'),
(2356, 1575, 'mileageScore', '大陸包車王 ', ' 包車獨享85折優惠'),
(2357, 1575, 'mileageScore', '肯驛國際 ', ' 享台北至桃園國際機場接送NT$799起'),
(2358, 1575, 'mileageScore', '指定航空公司 ', ' 台幣消費滿額並登錄，享限量好禮，活動期間滿額再享加碼禮'),
(2359, 1575, 'otherScore', '水費 ', ' 代扣款成功者，可享7-11電子購物金最高100元'),
(2360, 1575, 'otherScore', '電費 ', ' 代扣款成功者，可享7-11電子購物金最高100元'),
(2361, 1575, 'otherScore', '欣欣瓦斯 ', ' 代扣款成功者，可享7-11電子購物金最高100元'),
(2362, 1576, 'eatingScore', 'TOSCANA義大利餐廳 ', ' 下午茶二人同行每人享優惠NT$560起'),
(2363, 1576, 'eatingScore', '八方燴西餐廳 ', ' 下午茶二人同行每人享優惠NT$475起'),
(2364, 1576, 'eatingScore', '漢來海港餐廳台中店 ', ' 下午茶二人同行每人享優惠NT$500起'),
(2365, 1576, 'movieScore', '板橋秀泰影城 ', ' 二人同行每人享優惠NT$215起'),
(2366, 1576, 'movieScore', '今日秀泰影城 ', ' 二人同行每人享優惠NT$215起'),
(2367, 1576, 'movieScore', '欣欣秀泰影城 ', ' 二人同行每人享優惠NT$215起'),
(2368, 1576, 'insuranceScore', '新北翰品酒店 ', ' 二人入住享雅緻客房優惠價NT$2,900'),
(2369, 1576, 'insuranceScore', '桃園翰品酒店 ', ' 二人入住享雅緻客房優惠價NT$2,600'),
(2370, 1576, 'insuranceScore', '新竹芙洛麗大飯店 ', ' 二人入住享自由客房優惠價NT$3,250'),
(2371, 1576, 'shoppingScore', 'Marui Imai ', ' 刷卡消費滿日幣50,000元可獲贈價值日幣1,000元的三越伊勢丹集團禮券'),
(2372, 1576, 'shoppingScore', 'Premium Outlets ', ' 刷卡消費滿日幣40,000元即可獲贈禮品'),
(2373, 1576, 'shoppingScore', 'Kojima ', ' 單日刷卡消費滿日幣5,264元享95折優惠'),
(2374, 1576, 'mileageScore', '大陸包車王 ', ' 包車獨享85折優惠'),
(2375, 1576, 'mileageScore', '肯驛國際 ', ' 大台北機場接送享優惠價NT$480起 '),
(2376, 1576, 'mileageScore', '肯驛國際 ', ' 享台北至桃園國際機場接送NT$380起'),
(2377, 1576, 'otherScore', 'ALFA健身俱樂部 ', ' 享優惠價NT$299起/人'),
(2378, 1576, 'otherScore', '水費 ', ' 代扣款成功者，可享7-11電子購物金最高100元'),
(2379, 1576, 'otherScore', '電費 ', ' 代扣款成功者，可享7-11電子購物金最高100元'),
(2380, 1577, 'eatingScore', 'TOSCANA義大利餐廳 ', ' 下午茶二人同行每人享優惠NT$560起'),
(2381, 1577, 'eatingScore', '八方燴西餐廳 ', ' 下午茶二人同行每人享優惠NT$475起'),
(2382, 1577, 'eatingScore', '漢來海港餐廳台中店 ', ' 下午茶二人同行每人享優惠NT$500起'),
(2383, 1577, 'movieScore', '板橋秀泰影城 ', ' 二人同行每人享優惠NT$215起'),
(2384, 1577, 'movieScore', '今日秀泰影城 ', ' 二人同行每人享優惠NT$215起'),
(2385, 1577, 'movieScore', '欣欣秀泰影城 ', ' 二人同行每人享優惠NT$215起'),
(2386, 1577, 'insuranceScore', '新北翰品酒店 ', ' 二人入住享雅緻客房優惠價NT$2,900'),
(2387, 1577, 'insuranceScore', '桃園翰品酒店 ', ' 二人入住享雅緻客房優惠價NT$2,600'),
(2388, 1577, 'insuranceScore', '新竹芙洛麗大飯店 ', ' 二人入住享自由客房優惠價NT$3,250'),
(2389, 1577, 'shoppingScore', 'Marui Imai ', ' 刷卡消費滿日幣50,000元可獲贈價值日幣1,000元的三越伊勢丹集團禮券'),
(2390, 1577, 'shoppingScore', 'Premium Outlets ', ' 刷卡消費滿日幣40,000元即可獲贈禮品'),
(2391, 1577, 'shoppingScore', 'Kojima ', ' 單日刷卡消費滿日幣5,264元享95折優惠'),
(2392, 1577, 'mileageScore', '大陸包車王 ', ' 包車獨享85折優惠'),
(2393, 1577, 'mileageScore', '肯驛國際 ', ' 大台北機場接送享優惠價NT$480起 '),
(2394, 1577, 'mileageScore', '肯驛國際 ', ' 享台北至桃園國際機場接送NT$588起'),
(2395, 1577, 'otherScore', 'ALFA健身俱樂部 ', ' 享優惠價NT$299起/人'),
(2396, 1577, 'otherScore', '水費 ', ' 代扣款成功者，可享7-11電子購物金最高100元'),
(2397, 1577, 'otherScore', '電費 ', ' 代扣款成功者，可享7-11電子購物金最高100元'),
(2398, 1578, 'eatingScore', 'TOSCANA義大利餐廳 ', ' 週一至週五二人同行持卡人享下午茶68折優惠'),
(2399, 1578, 'eatingScore', '玫瑰烘焙坊 ', ' 週一至週五二人同行持卡人享下午茶68折優惠'),
(2400, 1578, 'movieScore', '板橋秀泰影城 ', ' 持卡人於樂活網刷卡購票可享66折優惠'),
(2401, 1578, 'movieScore', '今日秀泰影城 ', ' 持卡人於樂活網刷卡購票可享66折優惠'),
(2402, 1578, 'movieScore', '欣欣秀泰影城 ', ' 持卡人於樂活網刷卡購票可享66折優惠'),
(2403, 1578, 'insuranceScore', 'Zani Viaggi ', ' 所有購物團享9折優惠'),
(2404, 1578, 'insuranceScore', 'Zani Viaggi ', ' 一日遊觀光團享9折優惠'),
(2405, 1578, 'insuranceScore', 'Zani Viaggi ', ' 所有米蘭城市觀光團享9折優惠'),
(2406, 1578, 'shoppingScore', 'Marui Imai ', ' 刷卡消費滿日幣50,000元可獲贈價值日幣1,000元的三越伊勢丹集團禮券'),
(2407, 1578, 'shoppingScore', 'Premium Outlets ', ' 刷卡消費滿日幣40,000元即可獲贈禮品'),
(2408, 1578, 'shoppingScore', 'Kojima ', ' 單日刷卡消費滿日幣5,264元享95折優惠'),
(2409, 1578, 'mileageScore', '大陸包車王 ', ' 包車獨享85折優惠'),
(2410, 1578, 'mileageScore', '肯驛國際 ', ' 享台北至桃園國際機場接送NT$799起'),
(2411, 1578, 'mileageScore', '指定航空公司 ', ' 台幣消費滿額並登錄，享限量好禮，活動期間滿額再享加碼禮'),
(2412, 1578, 'otherScore', '水費 ', ' 代扣款成功者，可享7-11電子購物金最高100元'),
(2413, 1578, 'otherScore', '電費 ', ' 代扣款成功者，可享7-11電子購物金最高100元'),
(2414, 1578, 'otherScore', '欣欣瓦斯 ', ' 代扣款成功者，可享7-11電子購物金最高100元'),
(2415, 1579, 'eatingScore', 'TOSCANA義大利餐廳 ', ' 下午茶二人同行每人享優惠NT$560起'),
(2416, 1579, 'eatingScore', '八方燴西餐廳 ', ' 下午茶二人同行每人享優惠NT$475起'),
(2417, 1579, 'eatingScore', '漢來海港餐廳台中店 ', ' 下午茶二人同行每人享優惠NT$500起'),
(2418, 1579, 'movieScore', '板橋秀泰影城 ', ' 二人同行每人享優惠NT$215起'),
(2419, 1579, 'movieScore', '今日秀泰影城 ', ' 二人同行每人享優惠NT$215起'),
(2420, 1579, 'movieScore', '欣欣秀泰影城 ', ' 二人同行每人享優惠NT$215起'),
(2421, 1579, 'insuranceScore', '新北翰品酒店 ', ' 二人入住享雅緻客房優惠價NT$2,900'),
(2422, 1579, 'insuranceScore', '桃園翰品酒店 ', ' 二人入住享雅緻客房優惠價NT$2,600'),
(2423, 1579, 'insuranceScore', '新竹芙洛麗大飯店 ', ' 二人入住享自由客房優惠價NT$3,250'),
(2424, 1579, 'shoppingScore', 'Marui Imai ', ' 刷卡消費滿日幣50,000元可獲贈價值日幣1,000元的三越伊勢丹集團禮券'),
(2425, 1579, 'shoppingScore', 'Premium Outlets ', ' 刷卡消費滿日幣40,000元即可獲贈禮品'),
(2426, 1579, 'shoppingScore', 'Kojima ', ' 單日刷卡消費滿日幣5,264元享95折優惠'),
(2427, 1579, 'cashBackScore', '鑽金紅利方案 ', ' 海外消費享鑽金紅利2.2%現金回饋'),
(2428, 1579, 'mileageScore', '大陸包車王 ', ' 包車獨享85折優惠'),
(2429, 1579, 'mileageScore', '肯驛國際 ', ' 大台北機場接送享優惠價NT$480起 '),
(2430, 1579, 'otherScore', 'ALFA健身俱樂部 ', ' 享優惠價NT$299起/人'),
(2431, 1579, 'otherScore', '果陀劇場 ', ' 刷卡購票享9折優惠'),
(2432, 1579, 'otherScore', '九歌兒童劇團 ', ' 刷卡購票享9折優惠(最低票價不折扣)'),
(2433, 1580, 'insuranceScore', '六福村主題遊樂園 ', ' 享樂園入園門票買一送一'),
(2434, 1580, 'insuranceScore', '義大遊樂世界 ', ' 二張門票享優惠價'),
(2435, 1580, 'insuranceScore', '雄獅旅遊 ', ' 雄獅旅遊【日本嚴選】主題行程全館折新台幣2,000元'),
(2436, 1580, 'cashBackScore', '鑽金紅利方案 ', ' 海外消費享鑽金紅利2.2%現金回饋'),
(2437, 1580, 'mileageScore', 'TMS全鋒事業 ', ' 台灣地區國際機場接送新台幣588元起'),
(2438, 1580, 'mileageScore', '中國東方航空 ', ' 買指定航線、指定艙等之單程或來回機票，即可享有機票最高9折禮遇'),
(2439, 1580, 'otherScore', '台中高爾夫球場 ', ' 平日優惠價新台幣2,300元，假日優惠價新台幣2,700元'),
(2440, 1580, 'otherScore', '老爺關西高爾夫球場 ', ' 平日優惠價新台幣2,790元，假日優惠價新台幣3,450元'),
(2441, 1580, 'otherScore', '高雄高爾夫球場(澄清湖) ', ' 平日優惠價新台幣1,920元，假日優惠價新台幣2,915元'),
(2442, 1581, 'eatingScore', 'Kokorogi ', ' 刷卡用餐享10%優惠折扣'),
(2443, 1581, 'eatingScore', '上海菜館 ', ' 刷卡用餐享10%優惠折扣'),
(2444, 1581, 'eatingScore', 'Gaspard and Lisa Res', ' 刷卡用餐享10%優惠折扣'),
(2445, 1581, 'insuranceScore', 'Mt. Kachi Kachi Rope', ' 享來回票價20%之優惠折扣'),
(2446, 1581, 'insuranceScore', '北海道新千歲國際機場 ', ' 買機場巴士乘車券可享8折優惠'),
(2447, 1581, 'insuranceScore', '東京成田國際機場 ', ' 買機場巴士乘車券可享8折優惠'),
(2448, 1581, 'cashBackScore', '森森購物網 ', ' 享網路購物平台價值新台幣200元之回饋金'),
(2449, 1581, 'cashBackScore', '東森購物網 ', ' 享網路購物平台價值新台幣200元之回饋金'),
(2450, 1581, 'cashBackScore', 'GoHappy快樂購物網 ', ' 享網路購物平台價值新台幣200元之回饋金'),
(2451, 1581, 'otherScore', '果陀劇場 ', ' 刷卡購票享9折優惠'),
(2452, 1581, 'otherScore', '九歌兒童劇團 ', ' 刷卡購票享9折優惠(最低票價不折扣)'),
(2453, 1581, 'otherScore', '晨星劇團 ', ' 刷卡購票享9折優惠'),
(2454, 1582, 'eatingScore', 'TOSCANA義大利餐廳 ', ' 下午茶二人同行每人享優惠NT$560起'),
(2455, 1582, 'eatingScore', '八方燴西餐廳 ', ' 下午茶二人同行每人享優惠NT$475起'),
(2456, 1582, 'eatingScore', '漢來海港餐廳台中店 ', ' 下午茶二人同行每人享優惠NT$500起'),
(2457, 1582, 'movieScore', '板橋秀泰影城 ', ' 二人同行每人享優惠NT$215起'),
(2458, 1582, 'movieScore', '今日秀泰影城 ', ' 二人同行每人享優惠NT$215起'),
(2459, 1582, 'movieScore', '欣欣秀泰影城 ', ' 二人同行每人享優惠NT$215起'),
(2460, 1582, 'insuranceScore', '新北翰品酒店 ', ' 二人入住享雅緻客房優惠價NT$2,900'),
(2461, 1582, 'insuranceScore', '桃園翰品酒店 ', ' 二人入住享雅緻客房優惠價NT$2,600'),
(2462, 1582, 'insuranceScore', '新竹芙洛麗大飯店 ', ' 二人入住享自由客房優惠價NT$3,250'),
(2463, 1582, 'publicScore', '雙北公車 ', ' 以icash消費享OPENPOINT點數1倍送；每週累計任二次，加贈OPENP'),
(2464, 1582, 'shoppingScore', 'Marui Imai ', ' 刷卡消費滿日幣50,000元可獲贈價值日幣1,000元的三越伊勢丹集團禮券'),
(2465, 1582, 'shoppingScore', 'Premium Outlets ', ' 刷卡消費滿日幣40,000元即可獲贈禮品'),
(2466, 1582, 'shoppingScore', 'Kojima ', ' 單日刷卡消費滿日幣5,264元享95折優惠'),
(2467, 1582, 'firstSwipeScore', '享首刷好禮 ', ' 新戶持卡人，完成登錄，享東京森大廈購物優惠券及東京地鐵連續24小時成人車票各一'),
(2468, 1582, 'smartpayScore', '葛瑪蘭客運 ', ' 以icash消費享OPENPOINT點數1倍送；每週累計任二次，加贈OPENP'),
(2469, 1582, 'smartpayScore', '統聯客運 ', ' 以icash消費享OPENPOINT點數1倍送；每週累計任二次，加贈OPENP'),
(2470, 1582, 'smartpayScore', '泛航客運 ', ' 以icash消費享OPENPOINT點數1倍送；每週累計任二次，加贈OPENP'),
(2471, 1582, 'mileageScore', '大陸包車王 ', ' 包車獨享85折優惠'),
(2472, 1582, 'mileageScore', '肯驛國際 ', ' 大台北機場接送享優惠價NT$480起 '),
(2473, 1582, 'otherScore', 'ALFA健身俱樂部 ', ' 享優惠價NT$299起/人'),
(2474, 1582, 'otherScore', '果陀劇場 ', ' 刷卡購票享9折優惠'),
(2475, 1582, 'otherScore', '九歌兒童劇團 ', ' 刷卡購票享9折優惠(最低票價不折扣)'),
(2476, 1583, 'insuranceScore', '六福村主題遊樂園 ', ' 享樂園入園門票買一送一'),
(2477, 1583, 'insuranceScore', '義大遊樂世界 ', ' 二張門票享優惠價'),
(2478, 1583, 'insuranceScore', '雄獅旅遊 ', ' 雄獅旅遊【日本嚴選】主題行程全館折新台幣2,000元'),
(2479, 1583, 'publicScore', '雙北公車 ', ' 以icash消費享OPENPOINT點數1倍送；每週累計任二次，加贈OPENP'),
(2480, 1583, 'shoppingScore', 'A.H.C ', ' 購物7折優惠， Premium Hydra Soother Mask/Hydr'),
(2481, 1583, 'smartpayScore', '葛瑪蘭客運 ', ' 以icash消費享OPENPOINT點數1倍送；每週累計任二次，加贈OPENP'),
(2482, 1583, 'smartpayScore', '統聯客運 ', ' 以icash消費享OPENPOINT點數1倍送；每週累計任二次，加贈OPENP'),
(2483, 1583, 'smartpayScore', '泛航客運 ', ' 以icash消費享OPENPOINT點數1倍送；每週累計任二次，加贈OPENP'),
(2484, 1583, 'mileageScore', 'TMS全鋒事業 ', ' 台灣地區國際機場接送新台幣588元起'),
(2485, 1583, 'mileageScore', '中國東方航空 ', ' 買指定航線、指定艙等之單程或來回機票，即可享有機票最高9折禮遇'),
(2486, 1583, 'mileageScore', '宜泊資訊科技 ', ' 機場代泊享85折'),
(2487, 1583, 'otherScore', '台中高爾夫球場 ', ' 平日優惠價新台幣2,300元，假日優惠價新台幣2,700元'),
(2488, 1583, 'otherScore', '老爺關西高爾夫球場 ', ' 平日優惠價新台幣2,790元，假日優惠價新台幣3,450元'),
(2489, 1583, 'otherScore', '高雄高爾夫球場(澄清湖) ', ' 平日優惠價新台幣1,920元，假日優惠價新台幣2,915元'),
(2490, 1584, 'eatingScore', 'Kokorogi ', ' 刷卡用餐享10%優惠折扣'),
(2491, 1584, 'eatingScore', '上海菜館 ', ' 刷卡用餐享10%優惠折扣'),
(2492, 1584, 'eatingScore', 'Gaspard and Lisa Res', ' 刷卡用餐享10%優惠折扣'),
(2493, 1584, 'insuranceScore', 'Mt. Kachi Kachi Rope', ' 享來回票價20%之優惠折扣'),
(2494, 1584, 'insuranceScore', '北海道新千歲國際機場 ', ' 買機場巴士乘車券可享8折優惠'),
(2495, 1584, 'insuranceScore', '東京成田國際機場 ', ' 買機場巴士乘車券可享8折優惠'),
(2496, 1584, 'publicScore', '雙北公車 ', ' 以icash消費享OPENPOINT點數1倍送；每週累計任二次，加贈OPENP'),
(2497, 1584, 'shoppingScore', '丸井百貨 ', ' 享稅前價格5%之折扣優惠'),
(2498, 1584, 'cashBackScore', '森森購物網 ', ' 享網路購物平台價值新台幣200元之回饋金'),
(2499, 1584, 'cashBackScore', '東森購物網 ', ' 享網路購物平台價值新台幣200元之回饋金'),
(2500, 1584, 'cashBackScore', 'GoHappy快樂購物網 ', ' 享網路購物平台價值新台幣200元之回饋金'),
(2501, 1584, 'smartpayScore', '葛瑪蘭客運 ', ' 以icash消費享OPENPOINT點數1倍送；每週累計任二次，加贈OPENP'),
(2502, 1584, 'smartpayScore', '統聯客運 ', ' 以icash消費享OPENPOINT點數1倍送；每週累計任二次，加贈OPENP'),
(2503, 1584, 'smartpayScore', '泛航客運 ', ' 以icash消費享OPENPOINT點數1倍送；每週累計任二次，加贈OPENP'),
(2504, 1584, 'otherScore', '果陀劇場 ', ' 刷卡購票享9折優惠'),
(2505, 1584, 'otherScore', '九歌兒童劇團 ', ' 刷卡購票享9折優惠(最低票價不折扣)'),
(2506, 1584, 'otherScore', '晨星劇團 ', ' 刷卡購票享9折優惠'),
(2507, 1585, 'eatingScore', 'Kokorogi ', ' 刷卡用餐享10%優惠折扣'),
(2508, 1585, 'eatingScore', '上海菜館 ', ' 刷卡用餐享10%優惠折扣'),
(2509, 1585, 'eatingScore', 'Gaspard and Lisa Res', ' 刷卡用餐享10%優惠折扣'),
(2510, 1585, 'insuranceScore', 'Mt. Kachi Kachi Rope', ' 享來回票價20%之優惠折扣'),
(2511, 1585, 'insuranceScore', '北海道新千歲國際機場 ', ' 買機場巴士乘車券可享8折優惠'),
(2512, 1585, 'insuranceScore', '東京成田國際機場 ', ' 買機場巴士乘車券可享8折優惠'),
(2513, 1585, 'cashBackScore', '森森購物網 ', ' 享網路購物平台價值新台幣200元之回饋金'),
(2514, 1585, 'cashBackScore', '東森購物網 ', ' 享網路購物平台價值新台幣200元之回饋金'),
(2515, 1585, 'cashBackScore', 'GoHappy快樂購物網 ', ' 享網路購物平台價值新台幣200元之回饋金'),
(2516, 1585, 'otherScore', '果陀劇場 ', ' 刷卡購票享9折優惠'),
(2517, 1585, 'otherScore', '九歌兒童劇團 ', ' 刷卡購票享9折優惠(最低票價不折扣)'),
(2518, 1585, 'otherScore', '晨星劇團 ', ' 刷卡購票享9折優惠'),
(2519, 1586, 'eatingScore', 'TOSCANA義大利餐廳 ', ' 週一至週五二人同行持卡人享下午茶68折優惠'),
(2520, 1586, 'eatingScore', '玫瑰烘焙坊 ', ' 週一至週五二人同行持卡人享下午茶68折優惠'),
(2521, 1586, 'movieScore', '板橋秀泰影城 ', ' 持卡人於樂活網刷卡購票可享66折優惠'),
(2522, 1586, 'movieScore', '今日秀泰影城 ', ' 持卡人於樂活網刷卡購票可享66折優惠'),
(2523, 1586, 'movieScore', '欣欣秀泰影城 ', ' 持卡人於樂活網刷卡購票可享66折優惠'),
(2524, 1586, 'insuranceScore', 'Zani Viaggi ', ' 所有購物團享9折優惠'),
(2525, 1586, 'insuranceScore', 'Zani Viaggi ', ' 一日遊觀光團享9折優惠'),
(2526, 1586, 'insuranceScore', 'Zani Viaggi ', ' 所有米蘭城市觀光團享9折優惠'),
(2527, 1586, 'shoppingScore', 'Marui Imai ', ' 刷卡消費滿日幣50,000元可獲贈價值日幣1,000元的三越伊勢丹集團禮券'),
(2528, 1586, 'shoppingScore', 'Premium Outlets ', ' 刷卡消費滿日幣40,000元即可獲贈禮品'),
(2529, 1586, 'shoppingScore', 'Kojima ', ' 單日刷卡消費滿日幣5,264元享95折優惠'),
(2530, 1586, 'mileageScore', '大陸包車王 ', ' 包車獨享85折優惠'),
(2531, 1586, 'otherScore', '果陀劇場 ', ' 刷卡購票享9折優惠'),
(2532, 1586, 'otherScore', '九歌兒童劇團 ', ' 刷卡購票享9折優惠(最低票價不折扣)'),
(2533, 1586, 'otherScore', '晨星劇團 ', ' 刷卡購票享9折優惠'),
(2534, 1587, 'eatingScore', 'TOSCANA義大利餐廳 ', ' 下午茶二人同行每人享優惠NT$560起'),
(2535, 1587, 'eatingScore', '八方燴西餐廳 ', ' 下午茶二人同行每人享優惠NT$475起'),
(2536, 1587, 'eatingScore', '漢來海港餐廳台中店 ', ' 下午茶二人同行每人享優惠NT$500起'),
(2537, 1587, 'movieScore', '板橋秀泰影城 ', ' 二人同行每人享優惠NT$215起'),
(2538, 1587, 'movieScore', '今日秀泰影城 ', ' 二人同行每人享優惠NT$215起'),
(2539, 1587, 'movieScore', '欣欣秀泰影城 ', ' 二人同行每人享優惠NT$215起'),
(2540, 1587, 'insuranceScore', '新北翰品酒店 ', ' 二人入住享雅緻客房優惠價NT$2,900'),
(2541, 1587, 'insuranceScore', '桃園翰品酒店 ', ' 二人入住享雅緻客房優惠價NT$2,600'),
(2542, 1587, 'insuranceScore', '新竹芙洛麗大飯店 ', ' 二人入住享自由客房優惠價NT$3,250'),
(2543, 1587, 'publicScore', '台北捷運 ', ' 持一卡通聯名卡搭乘享5%現金回饋'),
(2544, 1587, 'publicScore', '桃園捷運 ', ' 持一卡通聯名卡搭乘享5%現金回饋'),
(2545, 1587, 'shoppingScore', 'Marui Imai ', ' 刷卡消費滿日幣50,000元可獲贈價值日幣1,000元的三越伊勢丹集團禮券'),
(2546, 1587, 'shoppingScore', 'Premium Outlets ', ' 刷卡消費滿日幣40,000元即可獲贈禮品'),
(2547, 1587, 'shoppingScore', 'Kojima ', ' 單日刷卡消費滿日幣5,264元享95折優惠'),
(2548, 1587, 'mileageScore', '大陸包車王 ', ' 包車獨享85折優惠'),
(2549, 1587, 'mileageScore', '肯驛國際 ', ' 大台北機場接送享優惠價NT$480起 '),
(2550, 1587, 'mileageScore', '肯驛國際 ', ' 享台北至桃園國際機場接送NT$588起'),
(2551, 1588, 'eatingScore', 'Kokorogi ', ' 刷卡用餐享10%優惠折扣'),
(2552, 1588, 'eatingScore', '上海菜館 ', ' 刷卡用餐享10%優惠折扣'),
(2553, 1588, 'eatingScore', 'Gaspard and Lisa Res', ' 刷卡用餐享10%優惠折扣'),
(2554, 1588, 'insuranceScore', 'Mt. Kachi Kachi Rope', ' 享來回票價20%之優惠折扣'),
(2555, 1588, 'insuranceScore', '北海道新千歲國際機場 ', ' 買機場巴士乘車券可享8折優惠'),
(2556, 1588, 'insuranceScore', '東京成田國際機場 ', ' 買機場巴士乘車券可享8折優惠'),
(2557, 1588, 'publicScore', '台北捷運 ', ' 持一卡通聯名卡搭乘享5%現金回饋'),
(2558, 1588, 'publicScore', '桃園捷運 ', ' 持一卡通聯名卡搭乘享5%現金回饋'),
(2559, 1588, 'cashBackScore', '森森購物網 ', ' 享網路購物平台價值新台幣200元之回饋金'),
(2560, 1588, 'cashBackScore', '東森購物網 ', ' 享網路購物平台價值新台幣200元之回饋金'),
(2561, 1588, 'cashBackScore', 'GoHappy快樂購物網 ', ' 享網路購物平台價值新台幣200元之回饋金'),
(2562, 1588, 'parkingScore', '和相租車 ', ' 單筆達新台幣60,000元以上指定國際機場接送去回程各1次之免費'),
(2563, 1589, 'eatingScore', 'Kokorogi ', ' 刷卡用餐享10%優惠折扣'),
(2564, 1589, 'eatingScore', '上海菜館 ', ' 刷卡用餐享10%優惠折扣'),
(2565, 1589, 'eatingScore', 'Gaspard and Lisa Res', ' 刷卡用餐享10%優惠折扣'),
(2566, 1589, 'insuranceScore', 'Mt. Kachi Kachi Rope', ' 享來回票價20%之優惠折扣'),
(2567, 1589, 'insuranceScore', '北海道新千歲國際機場 ', ' 買機場巴士乘車券可享8折優惠'),
(2568, 1589, 'insuranceScore', '東京成田國際機場 ', ' 買機場巴士乘車券可享8折優惠'),
(2569, 1589, 'cashBackScore', '森森購物網 ', ' 享網路購物平台價值新台幣200元之回饋金'),
(2570, 1589, 'cashBackScore', '東森購物網 ', ' 享網路購物平台價值新台幣200元之回饋金'),
(2571, 1589, 'cashBackScore', 'GoHappy快樂購物網 ', ' 享網路購物平台價值新台幣200元之回饋金'),
(2572, 1589, 'smartpayScore', '全家便利商店 ', ' 消費滿額，成功自動加值享2.5%回饋金'),
(2573, 1589, 'smartpayScore', 'OK超商 ', ' 消費滿額，成功自動加值享2.5%回饋金'),
(2574, 1589, 'smartpayScore', '萊爾富超商 ', ' 消費滿額，成功自動加值享2.5%回饋金'),
(2575, 1589, 'parkingScore', '和相租車 ', ' 單筆達新台幣60,000元以上指定國際機場接送去回程各1次之免費'),
(2576, 1590, 'eatingScore', '台北國賓大飯店 ', ' 享平日下午茶75折'),
(2577, 1590, 'eatingScore', '雨林餐廳 ', ' 享平日午餐75折'),
(2578, 1590, 'eatingScore', '艾可柏菲自助料理 ', ' 享平日午餐75折'),
(2579, 1590, 'insuranceScore', '台北美麗信花園酒店 ', ' 購買指定房型可享優惠價'),
(2580, 1590, 'insuranceScore', '台中金典酒店 ', ' 購買指定房型可享優惠價'),
(2581, 1590, 'insuranceScore', '理想大地渡假飯店 ', ' 平日西班牙主題房型專案優惠價新台幣6,900 元'),
(2582, 1590, 'mileageScore', 'TMS全鋒事業 ', ' 大陸機場單趟接送優惠價新台幣800元'),
(2583, 1590, 'mileageScore', 'TMS全鋒事業 ', ' 台灣地區國際機場接送新台幣388元起'),
(2584, 1590, 'mileageScore', 'U.FIRST  ', ' 機場禮遇通關定價7折優惠'),
(2585, 1590, 'otherScore', '台中高爾夫球場 ', ' 平日優惠價新台幣2,100元，假日優惠價新台幣2,700元'),
(2586, 1590, 'otherScore', '老爺關西高爾夫球場 ', ' 平日優惠價新台幣2,370元，假日優惠價新台幣3,295元'),
(2587, 1590, 'otherScore', '高雄高爾夫球場(澄清湖) ', ' 平日優惠價新台幣1,920元，假日優惠價新台幣2,915元'),
(2588, 1590, 'parkingScore', 'AVIS安維斯租車 ', ' 尊榮車款(Avis Prestige)短租自駕5折優惠'),
(2589, 1590, 'parkingScore', '山隆加油站 ', ' 平日自助加油汽油每公升降1.5元，人工加油汽油每公升降1.1元；週一自助加油汽'),
(2590, 1590, 'parkingScore', '台灣聯通停車場 ', ' 上月新增一般消費達5,000元享免費停車，當月享每天1次最高2小時'),
(2591, 1591, 'eatingScore', 'TOSCANA義大利餐廳 ', ' 下午茶二人同行每人享優惠NT$560起'),
(2592, 1591, 'eatingScore', '八方燴西餐廳 ', ' 下午茶二人同行每人享優惠NT$475起'),
(2593, 1591, 'eatingScore', '漢來海港餐廳台中店 ', ' 下午茶二人同行每人享優惠NT$500起'),
(2594, 1591, 'movieScore', '板橋秀泰影城 ', ' 二人同行每人享優惠NT$215起'),
(2595, 1591, 'movieScore', '今日秀泰影城 ', ' 二人同行每人享優惠NT$215起'),
(2596, 1591, 'movieScore', '欣欣秀泰影城 ', ' 二人同行每人享優惠NT$215起'),
(2597, 1591, 'insuranceScore', '新北翰品酒店 ', ' 二人入住享雅緻客房優惠價NT$2,900'),
(2598, 1591, 'insuranceScore', '桃園翰品酒店 ', ' 二人入住享雅緻客房優惠價NT$2,600'),
(2599, 1591, 'insuranceScore', '新竹芙洛麗大飯店 ', ' 二人入住享自由客房優惠價NT$3,250'),
(2600, 1591, 'shoppingScore', 'Marui Imai ', ' 刷卡消費滿日幣50,000元可獲贈價值日幣1,000元的三越伊勢丹集團禮券'),
(2601, 1591, 'shoppingScore', 'Premium Outlets ', ' 刷卡消費滿日幣40,000元即可獲贈禮品'),
(2602, 1591, 'shoppingScore', 'Kojima ', ' 單日刷卡消費滿日幣5,264元享95折優惠'),
(2603, 1591, 'mileageScore', '大陸包車王 ', ' 包車獨享85折優惠'),
(2604, 1591, 'mileageScore', '肯驛國際 ', ' 大台北機場接送享優惠價NT$480起 '),
(2605, 1592, 'eatingScore', 'TOSCANA義大利餐廳 ', ' 下午茶二人同行每人享優惠NT$560起'),
(2606, 1592, 'eatingScore', '八方燴西餐廳 ', ' 下午茶二人同行每人享優惠NT$475起'),
(2607, 1592, 'eatingScore', '漢來海港餐廳台中店 ', ' 下午茶二人同行每人享優惠NT$500起'),
(2608, 1592, 'movieScore', '板橋秀泰影城 ', ' 二人同行每人享優惠NT$215起'),
(2609, 1592, 'movieScore', '今日秀泰影城 ', ' 二人同行每人享優惠NT$215起'),
(2610, 1592, 'movieScore', '欣欣秀泰影城 ', ' 二人同行每人享優惠NT$215起'),
(2611, 1592, 'insuranceScore', '新北翰品酒店 ', ' 二人入住享雅緻客房優惠價NT$2,900'),
(2612, 1592, 'insuranceScore', '桃園翰品酒店 ', ' 二人入住享雅緻客房優惠價NT$2,600'),
(2613, 1592, 'insuranceScore', '新竹芙洛麗大飯店 ', ' 二人入住享自由客房優惠價NT$3,250'),
(2614, 1592, 'shoppingScore', 'Marui Imai ', ' 刷卡消費滿日幣50,000元可獲贈價值日幣1,000元的三越伊勢丹集團禮券'),
(2615, 1592, 'shoppingScore', 'Premium Outlets ', ' 刷卡消費滿日幣40,000元即可獲贈禮品'),
(2616, 1592, 'shoppingScore', 'Kojima ', ' 單日刷卡消費滿日幣5,264元享95折優惠'),
(2617, 1592, 'mileageScore', '大陸包車王 ', ' 包車獨享85折優惠'),
(2618, 1592, 'mileageScore', '肯驛國際 ', ' 大台北機場接送享優惠價NT$480起 '),
(2619, 1592, 'mileageScore', '肯驛國際 ', ' 享台北至桃園國際機場接送NT$588起'),
(2620, 1592, 'otherScore', 'ALFA健身俱樂部 ', ' 享優惠價NT$299起/人'),
(2621, 1592, 'otherScore', 'KA. RA. DA. factory身', ' 刷卡消費即可享有會員價之優惠價格'),
(2622, 1593, 'eatingScore', '艾可柏菲自助料理 ', ' 享平日午餐75折'),
(2623, 1593, 'eatingScore', '神戸Aarti印度料理餐廳 ', ' 至心齋橋BIGSTEP指定店家消費時，出示本優惠劵並刷卡結帳享消費10%優惠'),
(2624, 1593, 'insuranceScore', '六福村主題遊樂園 ', ' 享樂園入園門票買一送一'),
(2625, 1593, 'insuranceScore', '義大遊樂世界 ', ' 二張門票享優惠價'),
(2626, 1593, 'insuranceScore', '雄獅旅遊 ', ' 雄獅旅遊【日本嚴選】主題行程全館折新台幣2,000元'),
(2627, 1593, 'shoppingScore', 'A.H.C ', ' 購物7折優惠， Premium Hydra Soother Mask/Hydr'),
(2628, 1593, 'shoppingScore', 'KOMEHYO ', ' 於KOMEHYO刷卡出示優惠劵，最高可享10,000日圓OFF'),
(2629, 1593, 'shoppingScore', 'BIC CAMERA ', ' 出示優惠劵並刷樂天卡一般商品免稅8%+7%，藥妝免稅8%+5%'),
(2630, 1593, 'mileageScore', 'TMS全鋒事業 ', ' 台灣地區國際機場接送新台幣588元起'),
(2631, 1593, 'mileageScore', '中國東方航空 ', ' 買指定航線、指定艙等之單程或來回機票，即可享有機票最高9折禮遇'),
(2632, 1593, 'mileageScore', '宜泊資訊科技 ', ' 機場代泊享85折'),
(2633, 1593, 'otherScore', '台中高爾夫球場 ', ' 平日優惠價新台幣2,300元，假日優惠價新台幣2,700元'),
(2634, 1593, 'otherScore', '老爺關西高爾夫球場 ', ' 平日優惠價新台幣2,790元，假日優惠價新台幣3,450元'),
(2635, 1593, 'otherScore', '高雄高爾夫球場(澄清湖) ', ' 平日優惠價新台幣1,920元，假日優惠價新台幣2,915元'),
(2636, 1594, 'eatingScore', 'Kokorogi ', ' 刷卡用餐享10%優惠折扣'),
(2637, 1594, 'eatingScore', '上海菜館 ', ' 刷卡用餐享10%優惠折扣'),
(2638, 1594, 'eatingScore', 'Gaspard and Lisa Res', ' 刷卡用餐享10%優惠折扣'),
(2639, 1594, 'insuranceScore', 'Mt. Kachi Kachi Rope', ' 享來回票價20%之優惠折扣'),
(2640, 1594, 'insuranceScore', '北海道新千歲國際機場 ', ' 買機場巴士乘車券可享8折優惠'),
(2641, 1594, 'insuranceScore', '東京成田國際機場 ', ' 買機場巴士乘車券可享8折優惠'),
(2642, 1594, 'shoppingScore', '丸井百貨 ', ' 享稅前價格5%之折扣優惠'),
(2643, 1594, 'shoppingScore', 'KOMEHYO ', ' 於KOMEHYO刷卡出示優惠劵，最高可享10,000日圓OFF'),
(2644, 1594, 'shoppingScore', 'BIC CAMERA ', ' 出示優惠劵並刷樂天卡一般商品免稅8%+7%，藥妝免稅8%+5%'),
(2645, 1594, 'cashBackScore', '森森購物網 ', ' 享網路購物平台價值新台幣200元之回饋金'),
(2646, 1594, 'cashBackScore', '東森購物網 ', ' 享網路購物平台價值新台幣200元之回饋金'),
(2647, 1594, 'cashBackScore', 'GoHappy快樂購物網 ', ' 享網路購物平台價值新台幣200元之回饋金'),
(2648, 1594, 'mileageScore', '大阪關西國際機場貴賓室 ', ' 出示當日機票或登機證及台灣樂天信用卡，至指定日本機場貴賓室免費入場'),
(2649, 1594, 'mileageScore', '名古屋中部機場貴賓室 ', ' 出示當日機票或登機證及台灣樂天信用卡，至指定日本機場貴賓室免費入場'),
(2650, 1594, 'mileageScore', '北海道函館機場貴賓室 ', ' 出示當日機票或登機證及台灣樂天信用卡，至指定日本機場貴賓室免費入場'),
(2651, 1594, 'otherScore', 'KA. RA. DA. factory身', ' 刷卡消費即可享有會員價之優惠價格'),
(2652, 1594, 'parkingScore', '和相租車 ', ' 單筆達新台幣60,000元以上指定國際機場接送去回程各1次之免費'),
(2653, 1595, 'eatingScore', '艾可柏菲自助料理 ', ' 享平日午餐75折'),
(2654, 1595, 'eatingScore', '統一時代台北店 ', ' 全館餐飲櫃位天天享88折'),
(2655, 1595, 'insuranceScore', '六福村主題遊樂園 ', ' 享樂園入園門票買一送一'),
(2656, 1595, 'insuranceScore', '義大遊樂世界 ', ' 二張門票享優惠價'),
(2657, 1595, 'insuranceScore', '雄獅旅遊 ', ' 雄獅旅遊【日本嚴選】主題行程全館折新台幣2,000元'),
(2658, 1595, 'shoppingScore', 'A.H.C ', ' 購物7折優惠， Premium Hydra Soother Mask/Hydr'),
(2659, 1595, 'shoppingScore', '統一時代台北店 ', ' 每週二當日於館內單筆消費滿888元以上，即可兌換『100元』統一時代百貨台北店'),
(2660, 1595, 'shoppingScore', 'GAP(台北統一時代) ', ' 當日累積消費每滿1,000元以上，贈統一時代百貨台北店『100元商品抵用券』乙'),
(2661, 1595, 'mileageScore', 'TMS全鋒事業 ', ' 台灣地區國際機場接送新台幣588元起'),
(2662, 1595, 'mileageScore', '中國東方航空 ', ' 買指定航線、指定艙等之單程或來回機票，即可享有機票最高9折禮遇'),
(2663, 1595, 'otherScore', '台中高爾夫球場 ', ' 平日優惠價新台幣2,300元，假日優惠價新台幣2,700元'),
(2664, 1595, 'otherScore', '老爺關西高爾夫球場 ', ' 平日優惠價新台幣2,790元，假日優惠價新台幣3,450元'),
(2665, 1595, 'otherScore', '高雄高爾夫球場(澄清湖) ', ' 平日優惠價新台幣1,920元，假日優惠價新台幣2,915元'),
(2666, 1595, 'parkingScore', '五福停車場 ', ' 一年15天不限次數的免費桃園國際機場週邊停車服務(刷卡購買當次國際線全額機票或'),
(2667, 1596, 'eatingScore', '艾可柏菲自助料理 ', ' 享平日午餐75折'),
(2668, 1596, 'insuranceScore', '六福村主題遊樂園 ', ' 享樂園入園門票買一送一'),
(2669, 1596, 'insuranceScore', '義大遊樂世界 ', ' 二張門票享優惠價'),
(2670, 1596, 'insuranceScore', '雄獅旅遊 ', ' 雄獅旅遊【日本嚴選】主題行程全館折新台幣2,000元'),
(2671, 1596, 'shoppingScore', 'A.H.C ', ' 購物7折優惠， Premium Hydra Soother Mask/Hydr'),
(2672, 1596, 'shoppingScore', '統一時代台北店 ', ' 每週二當日於館內單筆消費滿888元以上，即可兌換『100元』統一時代百貨台北店'),
(2673, 1596, 'shoppingScore', 'GAP(台北統一時代) ', ' 當日累積消費每滿1,000元以上，贈統一時代百貨台北店『100元商品抵用券』乙'),
(2674, 1596, 'mileageScore', 'TMS全鋒事業 ', ' 台灣地區國際機場接送新台幣588元起'),
(2675, 1596, 'mileageScore', '中國東方航空 ', ' 買指定航線、指定艙等之單程或來回機票，即可享有機票最高9折禮遇'),
(2676, 1596, 'otherScore', '台中高爾夫球場 ', ' 平日優惠價新台幣2,300元，假日優惠價新台幣2,700元'),
(2677, 1596, 'otherScore', '老爺關西高爾夫球場 ', ' 平日優惠價新台幣2,790元，假日優惠價新台幣3,450元'),
(2678, 1596, 'otherScore', '高雄高爾夫球場(澄清湖) ', ' 平日優惠價新台幣1,920元，假日優惠價新台幣2,915元'),
(2679, 1597, 'eatingScore', '艾可柏菲自助料理 ', ' 享平日午餐75折'),
(2680, 1597, 'insuranceScore', 'BESPOQE威尼斯漫遊 ', ' 飯店房間升等'),
(2681, 1597, 'insuranceScore', '逸寬文旅大安館 ', ' 入住享優惠價每晚新台幣5,000元+10%服務費'),
(2682, 1597, 'insuranceScore', '逸寬文旅信義館 ', ' 入住享優惠價每晚新台幣5,000元+11%服務費'),
(2683, 1597, 'shoppingScore', 'A.H.C ', ' 購物7折優惠， Premium Hydra Soother Mask/Hydr'),
(2684, 1597, 'shoppingScore', '統一時代台北店 ', ' 每週二當日於館內單筆消費滿888元以上，即可兌換『100元』統一時代百貨台北店'),
(2685, 1597, 'shoppingScore', 'GAP(台北統一時代) ', ' 當日累積消費每滿1,000元以上，贈統一時代百貨台北店『100元商品抵用券』乙'),
(2686, 1597, 'mileageScore', 'TMS全鋒事業 ', ' 台灣地區國際機場接送新台幣788元起'),
(2687, 1597, 'mileageScore', '中國東方航空 ', ' 買指定航線、指定艙等之單程或來回機票，即可享有機票最高9折禮遇'),
(2688, 1597, 'otherScore', '澄清醫院柏忕健康管理中心 ', ' 健康腸在專案價新台幣22,500元'),
(2689, 1597, 'otherScore', 'ANTI-AGING LIFE CENT', ' 購買任何 TheraSpa 療程皆可享有8折優惠'),
(2690, 1597, 'otherScore', '北京嘉裡大酒店 ', ' 健身享年度會員9折優惠'),
(2691, 1598, 'eatingScore', '絲路宴 ', ' 晚餐享有「兩人同行一人免費」之優惠'),
(2692, 1598, 'eatingScore', 'Le Café咖啡廳 ', ' 晚餐享有「兩人同行一人免費」之優惠'),
(2693, 1598, 'eatingScore', '栢麗廳 ', ' 晚餐享有「兩人同行一人免費」之優惠'),
(2694, 1598, 'insuranceScore', 'Mt. Kachi Kachi Rope', ' 享來回票價20%之優惠折扣'),
(2695, 1598, 'insuranceScore', '北海道新千歲國際機場 ', ' 買機場巴士乘車券可享8折優惠'),
(2696, 1598, 'insuranceScore', '東京成田國際機場 ', ' 買機場巴士乘車券可享8折優惠'),
(2697, 1598, 'cashBackScore', '森森購物網 ', ' 享網路購物平台價值新台幣200元之回饋金'),
(2698, 1598, 'cashBackScore', '東森購物網 ', ' 享網路購物平台價值新台幣200元之回饋金'),
(2699, 1598, 'cashBackScore', 'GoHappy快樂購物網 ', ' 享網路購物平台價值新台幣200元之回饋金'),
(2700, 1598, 'mileageScore', '機場接送方案 ', ' 年度享2次免費國際機場接或送機服務(需刷滿80%團費或全額機票且當次金額高於1'),
(2701, 1598, 'mileageScore', '機場停車方案 ', ' 年度享不限次、每次最高30天機場停車(需刷滿80%團費或全額機票且當次金額高於'),
(2702, 1598, 'otherScore', '南峰高爾夫俱樂部 ', ' 享平日擊球優惠價2,550元(兩人同行一人免費)'),
(2703, 1598, 'otherScore', '信誼高爾夫俱樂部 ', ' 享平日擊球優惠價2,830元(兩人同行一人免費)'),
(2704, 1598, 'parkingScore', '道路救援方案 ', ' 年度享3次、每次最高100公里免費道路救援(上月帳單或前三個月帳單平均新增金額'),
(2705, 1599, 'eatingScore', '台北國賓大飯店 ', ' 享平日下午茶75折'),
(2706, 1599, 'eatingScore', '雨林餐廳 ', ' 享平日午餐75折'),
(2707, 1599, 'eatingScore', '艾可柏菲自助料理 ', ' 享平日午餐75折'),
(2708, 1599, 'insuranceScore', '台北美麗信花園酒店 ', ' 購買指定房型可享優惠價'),
(2709, 1599, 'insuranceScore', '台中金典酒店 ', ' 購買指定房型可享優惠價'),
(2710, 1599, 'insuranceScore', '理想大地渡假飯店 ', ' 平日西班牙主題房型專案優惠價新台幣6,900 元'),
(2711, 1599, 'mileageScore', 'TMS全鋒事業 ', ' 大陸機場單趟接送優惠價新台幣800元'),
(2712, 1599, 'mileageScore', 'TMS全鋒事業 ', ' 台灣地區國際機場接送新台幣388元起'),
(2713, 1599, 'mileageScore', 'U.FIRST  ', ' 機場禮遇通關定價7折優惠'),
(2714, 1599, 'otherScore', '台中高爾夫球場 ', ' 平日優惠價新台幣2,100元，假日優惠價新台幣2,700元'),
(2715, 1599, 'otherScore', '老爺關西高爾夫球場 ', ' 平日優惠價新台幣2,370元，假日優惠價新台幣3,295元'),
(2716, 1599, 'otherScore', '高雄高爾夫球場(澄清湖) ', ' 平日優惠價新台幣1,920元，假日優惠價新台幣2,915元'),
(2717, 1599, 'parkingScore', 'AVIS安維斯租車 ', ' 尊榮車款(Avis Prestige)短租自駕5折優惠'),
(2718, 1599, 'parkingScore', '道路救援服務 ', ' 年度享3次、每次最高100公里免費道路救援(上月帳單或前三個月帳單平均新增金額'),
(2719, 1600, 'insuranceScore', 'BESPOQE威尼斯漫遊 ', ' 飯店房間升等'),
(2720, 1600, 'insuranceScore', '逸寬文旅大安館 ', ' 入住享優惠價每晚新台幣5,000元+10%服務費'),
(2721, 1600, 'insuranceScore', '逸寬文旅信義館 ', ' 入住享優惠價每晚新台幣5,000元+11%服務費'),
(2722, 1600, 'mileageScore', 'TMS全鋒事業 ', ' 台灣地區國際機場接送新台幣788元起'),
(2723, 1600, 'mileageScore', '中國東方航空 ', ' 買指定航線、指定艙等之單程或來回機票，即可享有機票最高9折禮遇'),
(2724, 1600, 'mileageScore', '宜泊資訊科技 ', ' 機場代泊享85折'),
(2725, 1600, 'otherScore', '澄清醫院柏忕健康管理中心 ', ' 健康腸在專案價新台幣22,500元'),
(2726, 1600, 'otherScore', 'ANTI-AGING LIFE CENT', ' 購買任何 TheraSpa 療程皆可享有8折優惠'),
(2727, 1600, 'otherScore', '北京嘉裡大酒店 ', ' 健身享年度會員9折優惠'),
(2728, 1601, 'insuranceScore', 'HOTELS.COM ', ' 輸入優惠代碼「COF12」享訂房88折'),
(2729, 1601, 'insuranceScore', '雅高集團酒店 ', ' 訂酒店住宿，尊享入住兩晚，第三晚免費禮遇'),
(2730, 1601, 'insuranceScore', '格雷萬蠟像館 ', ' 享9折優惠'),
(2731, 1601, 'mileageScore', '五福停車場 ', ' 前3個月內消費金額累積達2萬元(含)以上，享有機場周邊全年免費停車8天，不限次'),
(2732, 1601, 'otherScore', 'ANTI-AGING LIFE CENT', ' 購買任何 TheraSpa 療程皆可享有8折優惠'),
(2733, 1601, 'otherScore', '北京嘉裡大酒店 ', ' 健身享年度會員9折優惠'),
(2734, 1601, 'otherScore', '北京醫珍堂診所 ', ' 價格享8折優惠'),
(2735, 1602, 'insuranceScore', '智遊網 ', ' 享9%折扣'),
(2736, 1602, 'insuranceScore', 'HOTELS.COM ', ' 預定單筆須滿3,999元享定價8%折扣(簽帳金融卡不適用)'),
(2737, 1602, 'insuranceScore', '劍湖山世界主題樂園 ', ' 週六至週四全票雙人價1,198元'),
(2738, 1602, 'bonusScore', 'ANA哩程兌換方案 ', ' ANA哩程點數每100哩可兌換15元ANA Dollar並可折抵ANA台灣官網'),
(2739, 1602, 'bonusScore', 'ANA SHOPPING A-style', ' 刷卡單筆消費每滿100~200日圓皆可再享ANA哩程加碼回饋1~2哩'),
(2740, 1602, 'bonusScore', 'ANA SKY SHOP ', ' 刷卡單筆消費每滿100~200日圓皆可再享ANA哩程加碼回饋1~2哩'),
(2741, 1602, 'mileageScore', '機場免費服務 ', ' 刷卡支付當次全額機票或8成以上國外團費，且當次金額達1萬元(含)以上，享每卡一'),
(2742, 1602, 'otherScore', '南峰高爾夫俱樂部 ', ' 上網登錄取得憑證號碼並預約成功，即可享平日擊球優惠價兩人同行一人免費'),
(2743, 1603, 'eatingScore', 'Kokorogi ', ' 刷卡用餐享10%優惠折扣'),
(2744, 1603, 'eatingScore', '上海菜館 ', ' 刷卡用餐享10%優惠折扣'),
(2745, 1603, 'eatingScore', 'Gaspard and Lisa Res', ' 刷卡用餐享10%優惠折扣'),
(2746, 1603, 'insuranceScore', 'Mt. Kachi Kachi Rope', ' 享來回票價20%之優惠折扣'),
(2747, 1603, 'insuranceScore', '北海道新千歲國際機場 ', ' 買機場巴士乘車券可享8折優惠'),
(2748, 1603, 'insuranceScore', '東京成田國際機場 ', ' 買機場巴士乘車券可享8折優惠'),
(2749, 1603, 'shoppingScore', '丸井百貨 ', ' 享稅前價格5%之折扣優惠'),
(2750, 1603, 'shoppingScore', 'ANA DUTY FREE SHOP ', ' 日本成田/羽田/關西機場免稅商店，刷卡享購物折扣9折，單筆每100日圓加碼贈A'),
(2751, 1603, 'shoppingScore', 'ANA FESTA ', ' 在日本境內75家的ANA FESTA商店購物，刷卡單筆消費1,000日圓以上享'),
(2752, 1603, 'cashBackScore', '森森購物網 ', ' 享網路購物平台價值新台幣200元之回饋金'),
(2753, 1603, 'cashBackScore', '東森購物網 ', ' 享網路購物平台價值新台幣200元之回饋金'),
(2754, 1603, 'cashBackScore', 'GoHappy快樂購物網 ', ' 享網路購物平台價值新台幣200元之回饋金'),
(2755, 1603, 'bonusScore', '飛行哩程回饋方案 ', ' 搭乘ANA運營航班飛行哩程加碼25%回饋，搭乘ANA運營國際線航班可前往國際線'),
(2756, 1603, 'bonusScore', '哩程兌換方案 ', ' ANA哩程點數每100哩可兌換15元ANA Dollar並可折抵ANA台灣官網'),
(2757, 1603, 'mileageScore', 'ANA機票優惠方案 ', ' 於ANA台灣官網刷卡購買ANA台灣出發往返日本的機票，商務艙來回機票享95折，'),
(2758, 1603, 'mileageScore', '機場相關方案 ', ' 刷卡支付當次全額機票或8成以上國外團費，且當次金額達1萬元(含)以上，享每卡一'),
(2759, 1603, 'mileageScore', '日本貴賓室服務 ', ' 出示ANA聯名卡及登機證，即可免費進入28座日本境內機場JCB指定機場貴賓室'),
(2760, 1603, 'parkingScore', '和相租車 ', ' 單筆達新台幣60,000元以上指定國際機場接送去回程各1次之免費'),
(2761, 1604, 'eatingScore', 'B-one自助餐廳 ', ' 享午餐及晚餐二人同行一人免費優惠'),
(2762, 1604, 'eatingScore', '台北寒舍艾美酒店 ', ' 享午餐及晚餐二人同行一人免費優惠'),
(2763, 1604, 'eatingScore', 'Checkers ', ' 享午餐及晚餐二人同行一人免費優惠'),
(2764, 1604, 'insuranceScore', 'Zani Viaggi ', ' 一日遊觀光團享9折優惠'),
(2765, 1604, 'insuranceScore', 'Zani Viaggi ', ' 所有米蘭城市觀光團享9折優惠'),
(2766, 1604, 'insuranceScore', 'Ghostsigns ', ' 所有導賞團尊享8折優惠'),
(2767, 1604, 'shoppingScore', '哩程累積方案 ', ' 日本成田/羽田/關西機場ANA DUTY FREE SHOP免稅商店，刷卡享購'),
(2768, 1604, 'bonusScore', '哩程累積方案 ', ' 海外刷卡消費每15元，累積1點ANA哩程點數，一般刷卡消費每30元，累積1點A'),
(2769, 1604, 'bonusScore', '回饋加碼方案 ', ' 搭乘ANA運營航班飛行哩程加碼25%回饋，搭乘ANA運營國際線航班可前往國際線'),
(2770, 1604, 'bonusScore', '哩程兌換方案 ', ' ANA哩程點數每100哩可兌換15元ANA Dollar並可折抵ANA台灣官網'),
(2771, 1604, 'mileageScore', '肯驛國際 ', ' 可享龍騰卡貴賓室優惠價NT$399/人次'),
(2772, 1604, 'mileageScore', '行遍天下 ', ' BENZ/LEXUS或同等以上高級進口車接送機一趟享NT$680'),
(2773, 1604, 'parkingScore', '道路救援方案 ', ' 上個月單月帳單或前三個月帳單平均新增消費3仟元(含)以上，每戶一年3次免費道路'),
(2774, 1605, 'eatingScore', 'TOSCANA義大利餐廳 ', ' 下午茶二人同行每人享優惠NT$560起'),
(2775, 1605, 'eatingScore', '八方燴西餐廳 ', ' 下午茶二人同行每人享優惠NT$475起'),
(2776, 1605, 'eatingScore', '漢來海港餐廳台中店 ', ' 下午茶二人同行每人享優惠NT$500起'),
(2777, 1605, 'movieScore', '板橋秀泰影城 ', ' 二人同行每人享優惠NT$215起'),
(2778, 1605, 'movieScore', '今日秀泰影城 ', ' 二人同行每人享優惠NT$215起'),
(2779, 1605, 'movieScore', '欣欣秀泰影城 ', ' 二人同行每人享優惠NT$215起'),
(2780, 1605, 'insuranceScore', '新北翰品酒店 ', ' 二人入住享雅緻客房優惠價NT$2,900'),
(2781, 1605, 'insuranceScore', '桃園翰品酒店 ', ' 二人入住享雅緻客房優惠價NT$2,600'),
(2782, 1605, 'insuranceScore', '新竹芙洛麗大飯店 ', ' 二人入住享自由客房優惠價NT$3,250'),
(2783, 1605, 'shoppingScore', 'Marui Imai ', ' 刷卡消費滿日幣50,000元可獲贈價值日幣1,000元的三越伊勢丹集團禮券'),
(2784, 1605, 'shoppingScore', 'Premium Outlets ', ' 刷卡消費滿日幣40,000元即可獲贈禮品'),
(2785, 1605, 'shoppingScore', 'Kojima ', ' 單日刷卡消費滿日幣5,264元享95折優惠'),
(2786, 1605, 'bonusScore', '哩程累積方案 ', ' 海外刷卡消費每30元，累積1點ANA哩程點數，一般刷卡消費每40元，累積1點A'),
(2787, 1605, 'bonusScore', '回饋加碼方案 ', ' 搭乘ANA運營航班飛行哩程加碼25%回饋'),
(2788, 1605, 'bonusScore', '哩程兌換方案 ', ' ANA哩程點數每100哩可兌換15元ANA Dollar並可折抵ANA台灣官網'),
(2789, 1605, 'mileageScore', '大陸包車王 ', ' 包車獨享85折優惠'),
(2790, 1605, 'mileageScore', '肯驛國際 ', ' 大台北機場接送享優惠價NT$480起 '),
(2791, 1605, 'mileageScore', '肯驛國際 ', ' 享台北至桃園國際機場接送NT$588起'),
(2792, 1605, 'parkingScore', '租車優惠方案 ', ' 上個月單月帳單或前三個月帳單平均新增消費3仟元(含)以上，每戶一年3次免費道路'),
(2793, 1606, 'eatingScore', 'Kokorogi ', ' 刷卡用餐享10%優惠折扣'),
(2794, 1606, 'eatingScore', '上海菜館 ', ' 刷卡用餐享10%優惠折扣'),
(2795, 1606, 'eatingScore', 'Gaspard and Lisa Res', ' 刷卡用餐享10%優惠折扣'),
(2796, 1606, 'insuranceScore', 'Mt. Kachi Kachi Rope', ' 享來回票價20%之優惠折扣'),
(2797, 1606, 'insuranceScore', '北海道新千歲國際機場 ', ' 買機場巴士乘車券可享8折優惠'),
(2798, 1606, 'insuranceScore', '東京成田國際機場 ', ' 買機場巴士乘車券可享8折優惠'),
(2799, 1606, 'shoppingScore', '丸井百貨 ', ' 享稅前價格5%之折扣優惠'),
(2800, 1606, 'shoppingScore', '哩程累積方案 ', ' 日本成田/羽田/關西機場ANA DUTY FREE SHOP免稅商店，刷卡享購'),
(2801, 1606, 'shoppingScore', '哩程兌換方案 ', ' 在日本境內75家的ANA FESTA商店購物，刷卡單筆消費1,000日圓以上享'),
(2802, 1606, 'bonusScore', '回饋加碼方案 ', ' 搭乘ANA運營航班飛行哩程加碼25%回饋'),
(2803, 1606, 'bonusScore', '哩程兌換方案 ', ' ANA哩程點數每100哩可兌換15元ANA Dollar並可折抵ANA台灣官網'),
(2804, 1606, 'bonusScore', '哩程累積方案 ', ' 刷卡消費滿1,000日圓享9折再加碼贈ANA哩程，每100日圓加碼贈ANA哩程'),
(2805, 1606, 'mileageScore', 'ANA機票優惠方案 ', ' 於ANA台灣官網刷卡購買ANA台灣出發往返日本的機票，商務艙來回機票享95折，'),
(2806, 1606, 'mileageScore', '貴賓室優惠方案 ', ' 刷卡支付當次全額機票或8成以上國外團費，且當次金額達1萬元(含)以上，享每次使'),
(2807, 1606, 'mileageScore', '機場停車方案 ', ' 刷卡支付當次全額機票或8成以上國外團費，且當次金額達1萬元(含)以上，每戶一年'),
(2808, 1607, 'eatingScore', 'TOSCANA義大利餐廳 ', ' 下午茶二人同行每人享優惠NT$560起'),
(2809, 1607, 'eatingScore', '八方燴西餐廳 ', ' 下午茶二人同行每人享優惠NT$475起'),
(2810, 1607, 'eatingScore', '漢來海港餐廳台中店 ', ' 下午茶二人同行每人享優惠NT$500起'),
(2811, 1607, 'movieScore', '板橋秀泰影城 ', ' 二人同行每人享優惠NT$215起'),
(2812, 1607, 'movieScore', '今日秀泰影城 ', ' 二人同行每人享優惠NT$215起'),
(2813, 1607, 'movieScore', '欣欣秀泰影城 ', ' 二人同行每人享優惠NT$215起'),
(2814, 1607, 'insuranceScore', '新北翰品酒店 ', ' 二人入住享雅緻客房優惠價NT$2,900'),
(2815, 1607, 'insuranceScore', '桃園翰品酒店 ', ' 二人入住享雅緻客房優惠價NT$2,600'),
(2816, 1607, 'insuranceScore', '新竹芙洛麗大飯店 ', ' 二人入住享自由客房優惠價NT$3,250'),
(2817, 1607, 'shoppingScore', 'Marui Imai ', ' 刷卡消費滿日幣50,000元可獲贈價值日幣1,000元的三越伊勢丹集團禮券'),
(2818, 1607, 'shoppingScore', 'Premium Outlets ', ' 刷卡消費滿日幣40,000元即可獲贈禮品'),
(2819, 1607, 'shoppingScore', 'Kojima ', ' 單日刷卡消費滿日幣5,264元享95折優惠'),
(2820, 1607, 'mileageScore', '大陸包車王 ', ' 包車獨享85折優惠'),
(2821, 1607, 'mileageScore', '肯驛國際 ', ' 大台北機場接送享優惠價NT$480起 '),
(2822, 1607, 'mileageScore', '肯驛國際 ', ' 享台北至桃園國際機場接送NT$380起'),
(2823, 1608, 'eatingScore', '艾可柏菲自助料理 ', ' 享平日午餐75折'),
(2824, 1608, 'insuranceScore', '六福村主題遊樂園 ', ' 享樂園入園門票買一送一'),
(2825, 1608, 'insuranceScore', '義大遊樂世界 ', ' 二張門票享優惠價'),
(2826, 1608, 'insuranceScore', '雄獅旅遊 ', ' 雄獅旅遊【日本嚴選】主題行程全館折新台幣2,000元'),
(2827, 1608, 'publicScore', '葛瑪蘭客運 ', ' 持卡消費享點數1倍送，每週累計搭乘任2次，加贈OPENPOINT點數5,000'),
(2828, 1608, 'publicScore', '汎航通運 ', ' 持卡消費享點數1倍送，每週累計搭乘任2次，加贈OPENPOINT點數5,000'),
(2829, 1608, 'publicScore', '統聯客運 ', ' 持卡消費享點數1倍送，每週累計搭乘任2次，加贈OPENPOINT點數5,000'),
(2830, 1608, 'shoppingScore', 'A.H.C ', ' 購物7折優惠， Premium Hydra Soother Mask/Hydr'),
(2831, 1608, 'shoppingScore', '家樂福 ', ' 每週持卡於家樂福店內單筆消費599元(含)以上，贈CITY CAFE中美式咖啡'),
(2832, 1608, 'shoppingScore', '家樂福 ', ' 每周四購買「有機/Organic/BIO」字樣食品，刷滿399元(含)以上，立'),
(2833, 1608, 'smartpayScore', '7-ELEVEN ', ' 消費City Café任一品項，OPENPOINT加贈500點，消費同系列飲品'),
(2834, 1608, 'smartpayScore', '松山機場商場 ', ' 使用icash支付享OPENPOINT紅利點數10倍回饋'),
(2835, 1608, 'smartpayScore', '桃園機場第二航廈商場 ', ' 使用icash支付享OPENPOINT紅利點數10倍回饋'),
(2836, 1608, 'mileageScore', 'TMS全鋒事業 ', ' 台灣地區國際機場接送新台幣588元起'),
(2837, 1608, 'mileageScore', '中國東方航空 ', ' 買指定航線、指定艙等之單程或來回機票，即可享有機票最高9折禮遇'),
(2838, 1608, 'otherScore', '台中高爾夫球場 ', ' 平日優惠價新台幣2,300元，假日優惠價新台幣2,700元'),
(2839, 1608, 'otherScore', '老爺關西高爾夫球場 ', ' 平日優惠價新台幣2,790元，假日優惠價新台幣3,450元'),
(2840, 1608, 'otherScore', '高雄高爾夫球場(澄清湖) ', ' 平日優惠價新台幣1,920元，假日優惠價新台幣2,915元'),
(2841, 1608, 'parkingScore', '五福停車場 ', ' 一年15天不限次數的免費桃園國際機場週邊停車服務(刷卡購買當次國際線全額機票或'),
(2842, 1609, 'eatingScore', 'TOSCANA義大利餐廳 ', ' 下午茶二人同行每人享優惠NT$560起'),
(2843, 1609, 'eatingScore', '八方燴西餐廳 ', ' 下午茶二人同行每人享優惠NT$475起'),
(2844, 1609, 'eatingScore', '漢來海港餐廳台中店 ', ' 下午茶二人同行每人享優惠NT$500起'),
(2845, 1609, 'movieScore', '板橋秀泰影城 ', ' 二人同行每人享優惠NT$215起'),
(2846, 1609, 'movieScore', '今日秀泰影城 ', ' 二人同行每人享優惠NT$215起'),
(2847, 1609, 'movieScore', '欣欣秀泰影城 ', ' 二人同行每人享優惠NT$215起'),
(2848, 1609, 'insuranceScore', '新北翰品酒店 ', ' 二人入住享雅緻客房優惠價NT$2,900'),
(2849, 1609, 'insuranceScore', '桃園翰品酒店 ', ' 二人入住享雅緻客房優惠價NT$2,600'),
(2850, 1609, 'insuranceScore', '新竹芙洛麗大飯店 ', ' 二人入住享自由客房優惠價NT$3,250'),
(2851, 1609, 'shoppingScore', 'Marui Imai ', ' 刷卡消費滿日幣50,000元可獲贈價值日幣1,000元的三越伊勢丹集團禮券'),
(2852, 1609, 'shoppingScore', 'Premium Outlets ', ' 刷卡消費滿日幣40,000元即可獲贈禮品'),
(2853, 1609, 'shoppingScore', 'Kojima ', ' 單日刷卡消費滿日幣5,264元享95折優惠'),
(2854, 1609, 'mileageScore', '大陸包車王 ', ' 包車獨享85折優惠'),
(2855, 1609, 'mileageScore', '肯驛國際 ', ' 大台北機場接送享優惠價NT$480起 '),
(2856, 1609, 'mileageScore', '肯驛國際 ', ' 享台北至桃園國際機場接送NT$588起'),
(2857, 1609, 'otherScore', 'ALFA健身俱樂部 ', ' 享優惠價NT$299起/人'),
(2858, 1609, 'otherScore', '台北圓山聯誼會 ', ' 台新卡友加入台北圓山聯誼會會員享入會禮'),
(2859, 1609, 'parkingScore', '嘟嘟房停車場 ', ' 消費滿額，享次月免費停車最高2小時'),
(2860, 1610, 'eatingScore', '艾可柏菲自助料理 ', ' 享平日午餐75折'),
(2861, 1610, 'eatingScore', 'BEERU啤調客精釀啤酒餐廳 ', ' 消費滿千享優惠二擇一(自釀精釀啤酒或招牌下酒菜)，每日每桌限換一次'),
(2862, 1610, 'movieScore', '國賓影城 ', ' 兩人同行全票價6折起優惠，憑一張當月同卡號NT$599以上簽單，天天享兩人同行'),
(2863, 1610, 'movieScore', '喜滿客影城 ', ' 兩人同行全票價6折起優惠，憑一張當月同卡號NT$599以上簽單，天天享兩人同行'),
(2864, 1610, 'insuranceScore', '六福村主題遊樂園 ', ' 享樂園入園門票買一送一'),
(2865, 1610, 'insuranceScore', '義大遊樂世界 ', ' 二張門票享優惠價'),
(2866, 1610, 'insuranceScore', '雄獅旅遊 ', ' 雄獅旅遊【日本嚴選】主題行程全館折新台幣2,000元'),
(2867, 1610, 'shoppingScore', 'A.H.C ', ' 購物7折優惠， Premium Hydra Soother Mask/Hydr'),
(2868, 1610, 'shoppingScore', 'SOGO ', ' 當期帳單於指定遠東集團通路HAPPY GO特約商店新增一般刷卡消費，單筆消費每'),
(2869, 1610, 'shoppingScore', 'GoHappy快樂購物網 ', ' 當期帳單於指定遠東集團通路HAPPY GO特約商店新增一般刷卡消費，單筆消費每'),
(2870, 1610, 'cashBackScore', '愛買 ', ' 當期帳單於指定遠東集團通路HAPPY GO特約商店新增一般刷卡消費，單筆消費每'),
(2871, 1610, 'cashBackScore', '遠傳電信 ', ' 當期帳單於指定遠東集團通路HAPPY GO特約商店新增一般刷卡消費，單筆消費每'),
(2872, 1610, 'cashBackScore', '遠企購物中心 ', ' 當期帳單於指定遠東集團通路HAPPY GO特約商店新增一般刷卡消費，單筆消費每'),
(2873, 1610, 'bonusScore', 'HAPPY GO兌換方案 ', ' 持HappyCash & HAPPY GO聯名卡(愛戀紅/爵愛黑)持卡人可以每'),
(2874, 1610, 'mileageScore', 'TMS全鋒事業 ', ' 台灣地區國際機場接送新台幣588元起'),
(2875, 1610, 'mileageScore', '中國東方航空 ', ' 買指定航線、指定艙等之單程或來回機票，即可享有機票最高9折禮遇'),
(2876, 1610, 'mileageScore', '宜泊資訊科技 ', ' 機場代泊享85折'),
(2877, 1610, 'otherScore', '台中高爾夫球場 ', ' 平日優惠價新台幣2,300元，假日優惠價新台幣2,700元'),
(2878, 1610, 'otherScore', '老爺關西高爾夫球場 ', ' 平日優惠價新台幣2,790元，假日優惠價新台幣3,450元'),
(2879, 1610, 'otherScore', '高雄高爾夫球場(澄清湖) ', ' 平日優惠價新台幣1,920元，假日優惠價新台幣2,915元'),
(2880, 1611, 'eatingScore', '艾可柏菲自助料理 ', ' 享平日午餐75折'),
(2881, 1611, 'eatingScore', 'BEERU啤調客精釀啤酒餐廳 ', ' 消費滿千享優惠二擇一(自釀精釀啤酒或招牌下酒菜)，每日每桌限換一次'),
(2882, 1611, 'insuranceScore', '六福村主題遊樂園 ', ' 享樂園入園門票買一送一'),
(2883, 1611, 'insuranceScore', '義大遊樂世界 ', ' 二張門票享優惠價'),
(2884, 1611, 'insuranceScore', '雄獅旅遊 ', ' 雄獅旅遊【日本嚴選】主題行程全館折新台幣2,000元'),
(2885, 1611, 'shoppingScore', 'A.H.C ', ' 購物7折優惠， Premium Hydra Soother Mask/Hydr'),
(2886, 1611, 'shoppingScore', 'SOGO ', ' 當期帳單於指定遠東集團通路HAPPY GO特約商店新增一般刷卡消費，單筆消費每'),
(2887, 1611, 'shoppingScore', '遠東百貨 ', ' 當期帳單於指定遠東集團通路HAPPY GO特約商店新增一般刷卡消費，單筆消費每'),
(2888, 1611, 'bonusScore', 'HAPPY GO兌換方案 ', ' 持HappyCash & HAPPY GO聯名卡(愛戀紅/爵愛黑)持卡人可以每'),
(2889, 1611, 'mileageScore', 'TMS全鋒事業 ', ' 台灣地區國際機場接送新台幣588元起'),
(2890, 1611, 'mileageScore', '中國東方航空 ', ' 買指定航線、指定艙等之單程或來回機票，即可享有機票最高9折禮遇'),
(2891, 1611, 'mileageScore', '宜泊資訊科技 ', ' 機場代泊享85折'),
(2892, 1611, 'otherScore', '台中高爾夫球場 ', ' 平日優惠價新台幣2,300元，假日優惠價新台幣2,700元'),
(2893, 1611, 'otherScore', '老爺關西高爾夫球場 ', ' 平日優惠價新台幣2,790元，假日優惠價新台幣3,450元'),
(2894, 1611, 'otherScore', '高雄高爾夫球場(澄清湖) ', ' 平日優惠價新台幣1,920元，假日優惠價新台幣2,915元'),
(2895, 1611, 'parkingScore', '加油享現金回饋 ', ' 不限加油站，凡持卡當期帳單新增一般消費金額達級距門檻(不含加油消費)，當期帳單'),
(2896, 1611, 'parkingScore', '車麗屋汽車百貨 ', ' 當期帳單於指定之國內保修通路保養與修護刷卡累積消費滿1,000元(含)以上可獲'),
(2897, 1611, 'parkingScore', '耐途耐汽車維修保養中心 ', ' 當期帳單於指定之國內保修通路保養與修護刷卡累積消費滿1,000元(含)以上可獲');

-- --------------------------------------------------------

--
-- Table structure for table `User`
--

CREATE TABLE `User` (
  `U_Num` int(10) NOT NULL,
  `U_Email` varchar(20) COLLATE utf8_unicode_ci NOT NULL,
  `U_Pwd` varchar(20) COLLATE utf8_unicode_ci NOT NULL,
  `U_Name` varchar(20) COLLATE utf8_unicode_ci NOT NULL,
  `U_Gender` varchar(5) COLLATE utf8_unicode_ci NOT NULL,
  `U_Phone` varchar(10) COLLATE utf8_unicode_ci NOT NULL,
  `U_Birth` date NOT NULL,
  `U_Date` varchar(20) COLLATE utf8_unicode_ci NOT NULL,
  `U_Info` varchar(40) COLLATE utf8_unicode_ci NOT NULL,
  `U_Photo_Adress` varchar(30) COLLATE utf8_unicode_ci NOT NULL,
  `U_Check` varchar(1) COLLATE utf8_unicode_ci NOT NULL
) ENGINE=InnoDB DEFAULT CHARSET=utf8 COLLATE=utf8_unicode_ci;

--
-- Dumping data for table `User`
--

INSERT INTO `User` (`U_Num`, `U_Email`, `U_Pwd`, `U_Name`, `U_Gender`, `U_Phone`, `U_Birth`, `U_Date`, `U_Info`, `U_Photo_Adress`, `U_Check`) VALUES
(1, 'example@example.com', '12345', '汪子翔', '1', '0911111111', '2017-12-20', '2017-12-20', 'test', '', '1'),
(11, 'example2@example.com', '12345', '汪汪', '男', '0911167678', '1993-08-31', '2017/12/24', '未婚', '', '1'),
(12, 'test@nccu.edu.tw', 'test', '汪汪', '男', '0988888888', '1994-11-15', '2017/12/26', '未婚', '', '1'),
(13, 'test@example.com', '12345', '汪汪', '男', '0911111111', '1993-08-31', '2017/12/26', '未婚', '', '1'),
(14, 'example3@example.com', '12345', '汪汪3', '男', '0911145673', '1993-03-31', '2017/12/27', '未婚', '', '1'),
(15, 'test888', 'test888', '陳培', '女', '0912345678', '1997-04-25', '2017/12/27', '已婚育有', '', '1'),
(16, 'example5@example.com', '12345', '汪汪', '女', '0911167678', '1993-08-31', '2017/12/28', '未婚', '', '1'),
(18, 'jerry5492@example.co', 'mp3741', 'wang', '男', '0911145453', '1993-08-31', '2018/01/01', '已婚育有1子', '', '1'),
(19, '104703004@nccu.edu.t', 'rrrr1234', '王小米明', '男', '0912345678', '1997-08-25', '2018/01/01', '未婚', '', '1'),
(20, 'j124104717@gmail.com', '12345', 'HsiehMF', '男', '0936540775', '1995-05-09', '2018/01/03', '未婚', '', '1'),
(21, 'gggg', 'gggg', 'gg', '男', 'gggg', '0000-00-00', '2018/01/07', '未婚', '', '1');

-- --------------------------------------------------------

--
-- Table structure for table `User_Cards`
--

CREATE TABLE `User_Cards` (
  `UC_Num` int(10) NOT NULL,
  `U_Num` varchar(10) COLLATE utf8_unicode_ci NOT NULL,
  `B_Num` varchar(10) COLLATE utf8_unicode_ci NOT NULL,
  `C_Num` varchar(10) COLLATE utf8_unicode_ci NOT NULL
) ENGINE=InnoDB DEFAULT CHARSET=utf8 COLLATE=utf8_unicode_ci;

--
-- Dumping data for table `User_Cards`
--

INSERT INTO `User_Cards` (`UC_Num`, `U_Num`, `B_Num`, `C_Num`) VALUES
(17, '12', '4', '1403'),
(18, '12', '4', '1411'),
(19, '12', '7', '1434'),
(20, '12', '7', '1429'),
(21, '13', '6', '1428'),
(22, '14', '6', '1428'),
(23, '14', '6', '1427'),
(26, '16', '3', '1402'),
(27, '17', '7', '1440'),
(146, '21', '5', '1420'),
(147, '21', '4', '1408'),
(148, '15', '7', '1436'),
(149, '15', '11', '1514'),
(150, '15', '9', '1479'),
(151, '15', '7', '1435'),
(152, '15', '9', '1488'),
(153, '19', '7', '1437'),
(233, '1', '11', '1507'),
(234, '1', '9', '1474'),
(235, '1', '11', '1504'),
(236, '1', '9', '1471'),
(237, '1', '9', '1599'),
(238, '1', '9', '1598'),
(239, '1', '9', '1484'),
(240, '1', '9', '1607'),
(241, '1', '11', '1502'),
(242, '1', '9', '1488');

--
-- Indexes for dumped tables
--

--
-- Indexes for table `Bank`
--
ALTER TABLE `Bank`
  ADD PRIMARY KEY (`B_Num`);

--
-- Indexes for table `Bill`
--
ALTER TABLE `Bill`
  ADD PRIMARY KEY (`Bi_Num`);

--
-- Indexes for table `BList`
--
ALTER TABLE `BList`
  ADD PRIMARY KEY (`BL_Num`);

--
-- Indexes for table `Bonus goods`
--
ALTER TABLE `Bonus goods`
  ADD PRIMARY KEY (`Bg_Num`);

--
-- Indexes for table `Card`
--
ALTER TABLE `Card`
  ADD PRIMARY KEY (`C_Num`);

--
-- Indexes for table `Discount`
--
ALTER TABLE `Discount`
  ADD PRIMARY KEY (`D_Num`);

--
-- Indexes for table `User`
--
ALTER TABLE `User`
  ADD PRIMARY KEY (`U_Num`);

--
-- Indexes for table `User_Cards`
--
ALTER TABLE `User_Cards`
  ADD PRIMARY KEY (`UC_Num`);

--
-- AUTO_INCREMENT for dumped tables
--

--
-- AUTO_INCREMENT for table `Bank`
--
ALTER TABLE `Bank`
  MODIFY `B_Num` int(10) NOT NULL AUTO_INCREMENT, AUTO_INCREMENT=30;
--
-- AUTO_INCREMENT for table `Bill`
--
ALTER TABLE `Bill`
  MODIFY `Bi_Num` int(10) NOT NULL AUTO_INCREMENT, AUTO_INCREMENT=86;
--
-- AUTO_INCREMENT for table `BList`
--
ALTER TABLE `BList`
  MODIFY `BL_Num` int(100) NOT NULL AUTO_INCREMENT, AUTO_INCREMENT=49;
--
-- AUTO_INCREMENT for table `Bonus goods`
--
ALTER TABLE `Bonus goods`
  MODIFY `Bg_Num` int(10) NOT NULL AUTO_INCREMENT, AUTO_INCREMENT=1456;
--
-- AUTO_INCREMENT for table `Card`
--
ALTER TABLE `Card`
  MODIFY `C_Num` int(10) NOT NULL AUTO_INCREMENT, AUTO_INCREMENT=1613;
--
-- AUTO_INCREMENT for table `Discount`
--
ALTER TABLE `Discount`
  MODIFY `D_Num` int(10) NOT NULL AUTO_INCREMENT, AUTO_INCREMENT=2898;
--
-- AUTO_INCREMENT for table `User`
--
ALTER TABLE `User`
  MODIFY `U_Num` int(10) NOT NULL AUTO_INCREMENT, AUTO_INCREMENT=22;
--
-- AUTO_INCREMENT for table `User_Cards`
--
ALTER TABLE `User_Cards`
  MODIFY `UC_Num` int(10) NOT NULL AUTO_INCREMENT, AUTO_INCREMENT=243;
/*!40101 SET CHARACTER_SET_CLIENT=@OLD_CHARACTER_SET_CLIENT */;
/*!40101 SET CHARACTER_SET_RESULTS=@OLD_CHARACTER_SET_RESULTS */;
/*!40101 SET COLLATION_CONNECTION=@OLD_COLLATION_CONNECTION */;
